-- phpMyAdmin SQL Dump
-- version 5.1.1
-- https://www.phpmyadmin.net/
--
-- Host: localhost:3306
-- Generation Time: Feb 23, 2022 at 11:46 AM
-- Server version: 5.5.68-MariaDB
-- PHP Version: 7.4.27

SET SQL_MODE = "NO_AUTO_VALUE_ON_ZERO";
START TRANSACTION;
SET time_zone = "+00:00";


/*!40101 SET @OLD_CHARACTER_SET_CLIENT=@@CHARACTER_SET_CLIENT */;
/*!40101 SET @OLD_CHARACTER_SET_RESULTS=@@CHARACTER_SET_RESULTS */;
/*!40101 SET @OLD_COLLATION_CONNECTION=@@COLLATION_CONNECTION */;
/*!40101 SET NAMES utf8mb4 */;

--
-- Database: `admin_tripsitta`
--

-- --------------------------------------------------------

--
-- Table structure for table `activity_log`
--

CREATE TABLE `activity_log` (
  `id` bigint(20) UNSIGNED NOT NULL,
  `log_name` varchar(191) COLLATE utf8_unicode_ci DEFAULT NULL,
  `description` text COLLATE utf8_unicode_ci NOT NULL,
  `subject_id` bigint(20) UNSIGNED DEFAULT NULL,
  `subject_type` varchar(191) COLLATE utf8_unicode_ci DEFAULT NULL,
  `causer_id` bigint(20) UNSIGNED DEFAULT NULL,
  `causer_type` varchar(191) COLLATE utf8_unicode_ci DEFAULT NULL,
  `properties` text COLLATE utf8_unicode_ci,
  `created_at` timestamp NULL DEFAULT NULL,
  `updated_at` timestamp NULL DEFAULT NULL
) ENGINE=InnoDB DEFAULT CHARSET=utf8 COLLATE=utf8_unicode_ci;

--
-- Dumping data for table `activity_log`
--

INSERT INTO `activity_log` (`id`, `log_name`, `description`, `subject_id`, `subject_type`, `causer_id`, `causer_type`, `properties`, `created_at`, `updated_at`) VALUES
(1, 'default', 'created', 2, 'users', 1, 'users', '[]', '2019-10-16 15:58:45', '2019-10-16 15:58:45'),
(2, 'default', 'deleted', 2, 'users', 1, 'users', '[]', '2019-10-16 15:59:23', '2019-10-16 15:59:23'),
(3, 'default', 'restored', 2, 'users', 1, 'users', '[]', '2019-10-16 16:01:32', '2019-10-16 16:01:32'),
(4, 'default', 'updated', 2, 'pages', 2, 'users', '[]', '2019-10-18 08:37:30', '2019-10-18 08:37:30'),
(5, 'default', 'updated', 2, 'pages', 2, 'users', '[]', '2019-10-18 08:39:06', '2019-10-18 08:39:06'),
(6, 'default', 'updated', 2, 'pages', 2, 'users', '[]', '2019-10-18 08:40:19', '2019-10-18 08:40:19'),
(7, 'default', 'updated', 2, 'pages', 2, 'users', '[]', '2019-10-18 08:40:45', '2019-10-18 08:40:45'),
(8, 'default', 'updated', 2, 'pages', 2, 'users', '[]', '2019-10-18 08:41:04', '2019-10-18 08:41:04'),
(9, 'default', 'updated', 2, 'pages', 2, 'users', '[]', '2019-10-18 08:41:26', '2019-10-18 08:41:26'),
(10, 'default', 'updated', 2, 'pages', 2, 'users', '[]', '2019-10-18 08:41:50', '2019-10-18 08:41:50'),
(11, 'default', 'updated', 1, 'App\\Models\\Slideshow', 2, 'users', '[]', '2019-10-18 08:46:49', '2019-10-18 08:46:49'),
(12, 'default', 'updated', 1, 'App\\Models\\Slideshow', 2, 'users', '[]', '2019-10-18 08:48:08', '2019-10-18 08:48:08'),
(13, 'default', 'updated', 1, 'App\\Models\\Slideshow', 2, 'users', '[]', '2019-10-18 08:49:17', '2019-10-18 08:49:17'),
(14, 'default', 'updated', 1, 'App\\Models\\Slideshow', 2, 'users', '[]', '2019-10-18 08:50:06', '2019-10-18 08:50:06'),
(15, 'default', 'updated', 3, 'App\\Models\\Slideshow', 2, 'users', '[]', '2019-10-18 08:51:54', '2019-10-18 08:51:54'),
(16, 'default', 'updated', 3, 'App\\Models\\Slideshow', 2, 'users', '[]', '2019-10-18 08:52:41', '2019-10-18 08:52:41'),
(17, 'default', 'updated', 1, 'App\\Models\\Slideshow', 2, 'users', '[]', '2019-10-18 08:54:16', '2019-10-18 08:54:16'),
(18, 'default', 'updated', 1, 'App\\Models\\Slideshow', 2, 'users', '[]', '2019-10-18 08:55:24', '2019-10-18 08:55:24'),
(19, 'default', 'updated', 1, 'App\\Models\\Slideshow', 2, 'users', '[]', '2019-10-18 08:58:48', '2019-10-18 08:58:48'),
(20, 'default', 'updated', 2, 'pages', 2, 'users', '[]', '2019-10-18 09:03:59', '2019-10-18 09:03:59'),
(21, 'default', 'updated', 2, 'pages', 2, 'users', '[]', '2019-10-18 09:05:07', '2019-10-18 09:05:07'),
(22, 'default', 'updated', 2, 'pages', 2, 'users', '[]', '2019-10-18 09:06:11', '2019-10-18 09:06:11'),
(23, 'default', 'updated', 2, 'pages', 2, 'users', '[]', '2019-10-18 09:06:33', '2019-10-18 09:06:33'),
(24, 'default', 'updated', 2, 'pages', 2, 'users', '[]', '2019-10-18 09:07:31', '2019-10-18 09:07:31'),
(25, 'default', 'updated', 2, 'pages', 2, 'users', '[]', '2019-10-18 09:08:33', '2019-10-18 09:08:33'),
(26, 'default', 'updated', 2, 'pages', 2, 'users', '[]', '2019-10-18 09:09:31', '2019-10-18 09:09:31'),
(27, 'default', 'updated', 2, 'pages', 2, 'users', '[]', '2019-10-18 09:11:20', '2019-10-18 09:11:20'),
(28, 'default', 'updated', 2, 'pages', 2, 'users', '[]', '2019-10-18 09:11:50', '2019-10-18 09:11:50'),
(29, 'default', 'updated', 2, 'pages', 2, 'users', '[]', '2019-10-18 09:12:46', '2019-10-18 09:12:46'),
(30, 'default', 'updated', 2, 'pages', 2, 'users', '[]', '2019-10-18 09:16:12', '2019-10-18 09:16:12'),
(31, 'default', 'updated', 2, 'pages', 2, 'users', '[]', '2019-10-18 09:24:11', '2019-10-18 09:24:11'),
(32, 'default', 'updated', 2, 'pages', 2, 'users', '[]', '2019-10-18 11:32:32', '2019-10-18 11:32:32'),
(33, 'default', 'updated', 2, 'pages', 2, 'users', '[]', '2019-10-18 11:36:33', '2019-10-18 11:36:33'),
(34, 'default', 'updated', 2, 'pages', 2, 'users', '[]', '2019-10-18 11:40:31', '2019-10-18 11:40:31'),
(35, 'default', 'updated', 2, 'pages', 2, 'users', '[]', '2019-10-18 11:46:11', '2019-10-18 11:46:11'),
(36, 'default', 'updated', 2, 'pages', 2, 'users', '[]', '2019-10-18 11:46:51', '2019-10-18 11:46:51'),
(37, 'default', 'updated', 2, 'pages', 2, 'users', '[]', '2019-10-18 11:46:55', '2019-10-18 11:46:55'),
(38, 'default', 'updated', 2, 'pages', 2, 'users', '[]', '2019-10-18 11:47:04', '2019-10-18 11:47:04'),
(39, 'default', 'updated', 2, 'pages', 2, 'users', '[]', '2019-10-18 11:51:46', '2019-10-18 11:51:46'),
(40, 'default', 'updated', 2, 'pages', 2, 'users', '[]', '2019-10-18 12:46:39', '2019-10-18 12:46:39'),
(41, 'default', 'updated', 2, 'pages', 2, 'users', '[]', '2019-10-18 12:55:34', '2019-10-18 12:55:34'),
(42, 'default', 'updated', 3, 'App\\Models\\Slideshow', 2, 'users', '[]', '2019-10-22 08:44:21', '2019-10-22 08:44:21'),
(43, 'default', 'updated', 3, 'App\\Models\\Slideshow', 2, 'users', '[]', '2019-10-22 08:44:26', '2019-10-22 08:44:26'),
(44, 'default', 'updated', 1, 'App\\Models\\Slideshow', 2, 'users', '[]', '2019-10-22 08:45:23', '2019-10-22 08:45:23'),
(45, 'default', 'updated', 3, 'App\\Models\\Slideshow', 2, 'users', '[]', '2019-10-23 08:42:26', '2019-10-23 08:42:26'),
(46, 'default', 'updated', 1, 'App\\Models\\Slideshow', 2, 'users', '[]', '2019-10-23 08:42:54', '2019-10-23 08:42:54'),
(47, 'default', 'updated', 4, 'pages', 2, 'users', '[]', '2019-10-24 09:59:54', '2019-10-24 09:59:54'),
(48, 'default', 'updated', 2, 'pages', 2, 'users', '[]', '2019-10-24 10:01:53', '2019-10-24 10:01:53'),
(49, 'default', 'updated', 2, 'pages', 2, 'users', '[]', '2019-10-24 10:02:16', '2019-10-24 10:02:16'),
(50, 'default', 'updated', 2, 'pages', 2, 'users', '[]', '2019-10-24 10:04:07', '2019-10-24 10:04:07'),
(51, 'default', 'updated', 2, 'pages', 2, 'users', '[]', '2019-10-24 10:04:33', '2019-10-24 10:04:33'),
(52, 'default', 'updated', 2, 'pages', 2, 'users', '[]', '2019-10-24 10:07:04', '2019-10-24 10:07:04'),
(53, 'default', 'updated', 2, 'pages', 2, 'users', '[]', '2019-10-24 10:07:36', '2019-10-24 10:07:36'),
(54, 'default', 'updated', 2, 'pages', 2, 'users', '[]', '2019-10-24 10:08:03', '2019-10-24 10:08:03'),
(55, 'default', 'updated', 2, 'pages', 2, 'users', '[]', '2019-10-24 10:08:46', '2019-10-24 10:08:46'),
(56, 'default', 'updated', 2, 'pages', 2, 'users', '[]', '2019-10-24 10:09:16', '2019-10-24 10:09:16'),
(57, 'default', 'updated', 2, 'pages', 2, 'users', '[]', '2019-10-24 10:09:39', '2019-10-24 10:09:39'),
(58, 'default', 'updated', 4, 'pages', 2, 'users', '[]', '2019-10-24 10:12:06', '2019-10-24 10:12:06'),
(59, 'default', 'updated', 16, 'pages', 2, 'users', '[]', '2019-10-24 10:15:29', '2019-10-24 10:15:29'),
(60, 'default', 'created', 1, 'App\\Models\\Post', 1, 'users', '[]', '2019-10-25 15:41:06', '2019-10-25 15:41:06'),
(61, 'default', 'updated', 1, 'App\\Models\\Post', 1, 'users', '[]', '2019-10-25 15:42:08', '2019-10-25 15:42:08'),
(62, 'default', 'updated', 1, 'App\\Models\\Post', 1, 'users', '[]', '2019-10-25 15:42:23', '2019-10-25 15:42:23'),
(63, 'default', 'updated', 1, 'App\\Models\\Post', 1, 'users', '[]', '2019-10-25 15:43:32', '2019-10-25 15:43:32'),
(64, 'default', 'created', 23, 'pages', 1, 'users', '[]', '2019-10-25 15:44:43', '2019-10-25 15:44:43'),
(65, 'default', 'updated', 23, 'pages', 1, 'users', '[]', '2019-10-25 15:44:51', '2019-10-25 15:44:51'),
(66, 'default', 'updated', 2, 'pages', 1, 'users', '[]', '2019-10-25 16:09:26', '2019-10-25 16:09:26'),
(67, 'default', 'updated', 2, 'pages', 1, 'users', '[]', '2019-10-25 16:09:41', '2019-10-25 16:09:41'),
(68, 'default', 'updated', 2, 'pages', 1, 'users', '[]', '2019-10-25 16:14:03', '2019-10-25 16:14:03'),
(69, 'default', 'updated', 16, 'pages', 2, 'users', '[]', '2019-11-06 21:51:18', '2019-11-06 21:51:18'),
(70, 'default', 'updated', 16, 'pages', 2, 'users', '[]', '2019-11-06 21:52:23', '2019-11-06 21:52:23'),
(71, 'default', 'updated', 16, 'pages', 2, 'users', '[]', '2019-11-06 21:58:15', '2019-11-06 21:58:15'),
(72, 'default', 'updated', 16, 'pages', 2, 'users', '[]', '2019-11-06 21:59:10', '2019-11-06 21:59:10'),
(73, 'default', 'updated', 16, 'pages', 2, 'users', '[]', '2019-11-06 22:00:02', '2019-11-06 22:00:02'),
(74, 'default', 'updated', 16, 'pages', 2, 'users', '[]', '2019-11-06 22:04:18', '2019-11-06 22:04:18'),
(75, 'default', 'updated', 16, 'pages', 2, 'users', '[]', '2019-11-06 22:05:26', '2019-11-06 22:05:26'),
(76, 'default', 'updated', 16, 'pages', 2, 'users', '[]', '2019-11-06 22:12:13', '2019-11-06 22:12:13'),
(77, 'default', 'deleted', 49, 'media', 1, 'users', '[]', '2019-11-08 11:23:02', '2019-11-08 11:23:02'),
(78, 'default', 'deleted', 52, 'media', 2, 'users', '[]', '2019-11-08 11:46:56', '2019-11-08 11:46:56'),
(79, 'default', 'deleted', 53, 'media', 2, 'users', '[]', '2019-11-08 11:47:00', '2019-11-08 11:47:00'),
(80, 'default', 'deleted', 54, 'media', 2, 'users', '[]', '2019-11-08 11:47:04', '2019-11-08 11:47:04'),
(81, 'default', 'deleted', 55, 'media', 2, 'users', '[]', '2019-11-08 11:47:07', '2019-11-08 11:47:07'),
(82, 'default', 'deleted', 56, 'media', 2, 'users', '[]', '2019-11-08 11:47:11', '2019-11-08 11:47:11'),
(83, 'default', 'deleted', 57, 'media', 2, 'users', '[]', '2019-11-08 11:47:17', '2019-11-08 11:47:17'),
(84, 'default', 'deleted', 27, 'media', 2, 'users', '[]', '2019-11-08 13:36:49', '2019-11-08 13:36:49'),
(85, 'default', 'updated', 2, 'App\\Models\\Babysitter', 1, 'users', '[]', '2019-11-08 20:10:10', '2019-11-08 20:10:10'),
(86, 'default', 'published', 2, 'App\\Models\\Babysitter', 1, 'users', '[]', '2019-11-08 20:10:21', '2019-11-08 20:10:21'),
(87, 'default', 'updated', 16, 'pages', 2, 'users', '[]', '2019-11-08 22:29:27', '2019-11-08 22:29:27'),
(88, 'default', 'updated', 16, 'pages', 2, 'users', '[]', '2019-11-08 22:31:30', '2019-11-08 22:31:30'),
(89, 'default', 'updated', 16, 'pages', 2, 'users', '[]', '2019-11-08 22:31:36', '2019-11-08 22:31:36'),
(90, 'default', 'updated', 16, 'pages', 2, 'users', '[]', '2019-11-08 22:34:12', '2019-11-08 22:34:12'),
(91, 'default', 'updated', 16, 'pages', 2, 'users', '[]', '2019-11-08 22:34:43', '2019-11-08 22:34:43'),
(92, 'default', 'updated', 16, 'pages', 2, 'users', '[]', '2019-11-08 22:35:19', '2019-11-08 22:35:19'),
(93, 'default', 'updated', 16, 'pages', 2, 'users', '[]', '2019-11-08 22:38:32', '2019-11-08 22:38:32'),
(94, 'default', 'updated', 16, 'pages', 2, 'users', '[]', '2019-11-08 22:38:53', '2019-11-08 22:38:53'),
(95, 'default', 'updated', 16, 'pages', 2, 'users', '[]', '2019-11-08 22:39:36', '2019-11-08 22:39:36'),
(96, 'default', 'updated', 16, 'pages', 2, 'users', '[]', '2019-11-08 22:40:04', '2019-11-08 22:40:04'),
(97, 'default', 'updated', 16, 'pages', 2, 'users', '[]', '2019-11-08 22:40:15', '2019-11-08 22:40:15'),
(98, 'default', 'updated', 16, 'pages', 2, 'users', '[]', '2019-11-08 22:45:08', '2019-11-08 22:45:08'),
(99, 'default', 'updated', 16, 'pages', 2, 'users', '[]', '2019-11-08 22:48:22', '2019-11-08 22:48:22'),
(100, 'default', 'updated', 16, 'pages', 2, 'users', '[]', '2019-11-08 22:51:47', '2019-11-08 22:51:47'),
(101, 'default', 'updated', 16, 'pages', 2, 'users', '[]', '2019-11-08 22:58:43', '2019-11-08 22:58:43'),
(102, 'default', 'updated', 16, 'pages', 2, 'users', '[]', '2019-11-08 23:01:26', '2019-11-08 23:01:26'),
(103, 'default', 'updated', 16, 'pages', 2, 'users', '[]', '2019-11-08 23:02:09', '2019-11-08 23:02:09'),
(104, 'default', 'updated', 16, 'pages', 2, 'users', '[]', '2019-11-08 23:03:16', '2019-11-08 23:03:16'),
(105, 'default', 'updated', 16, 'pages', 2, 'users', '[]', '2019-11-08 23:04:23', '2019-11-08 23:04:23'),
(106, 'default', 'updated', 16, 'pages', 2, 'users', '[]', '2019-11-08 23:06:39', '2019-11-08 23:06:39'),
(107, 'default', 'updated', 16, 'pages', 2, 'users', '[]', '2019-11-08 23:08:16', '2019-11-08 23:08:16'),
(108, 'default', 'created', 4, 'App\\Models\\Slideshow', 2, 'users', '[]', '2019-11-08 23:16:20', '2019-11-08 23:16:20'),
(109, 'default', 'updated', 4, 'App\\Models\\Slideshow', 2, 'users', '[]', '2019-11-08 23:17:13', '2019-11-08 23:17:13'),
(110, 'default', 'updated', 4, 'App\\Models\\Slideshow', 2, 'users', '[]', '2019-11-08 23:18:23', '2019-11-08 23:18:23'),
(111, 'default', 'updated', 2, 'pages', 2, 'users', '[]', '2019-11-08 23:21:10', '2019-11-08 23:21:10'),
(112, 'default', 'updated', 4, 'App\\Models\\Slideshow', 2, 'users', '[]', '2019-11-08 23:23:10', '2019-11-08 23:23:10'),
(113, 'default', 'updated', 4, 'App\\Models\\Slideshow', 2, 'users', '[]', '2019-11-08 23:24:37', '2019-11-08 23:24:37'),
(114, 'default', 'updated', 4, 'App\\Models\\Slideshow', 2, 'users', '[]', '2019-11-08 23:25:31', '2019-11-08 23:25:31'),
(115, 'default', 'updated', 4, 'App\\Models\\Slideshow', 2, 'users', '[]', '2019-11-08 23:26:14', '2019-11-08 23:26:14'),
(116, 'default', 'updated', 4, 'App\\Models\\Slideshow', 2, 'users', '[]', '2019-11-08 23:27:17', '2019-11-08 23:27:17'),
(117, 'default', 'updated', 1, 'App\\Models\\Slideshow', 2, 'users', '[]', '2019-11-08 23:29:42', '2019-11-08 23:29:42'),
(118, 'default', 'updated', 1, 'App\\Models\\Slideshow', 2, 'users', '[]', '2019-11-08 23:30:00', '2019-11-08 23:30:00'),
(119, 'default', 'created', 5, 'App\\Models\\Slideshow', 2, 'users', '[]', '2019-11-08 23:33:47', '2019-11-08 23:33:47'),
(120, 'default', 'updated', 5, 'App\\Models\\Slideshow', 2, 'users', '[]', '2019-11-08 23:35:19', '2019-11-08 23:35:19'),
(121, 'default', 'updated', 2, 'pages', 2, 'users', '[]', '2019-11-08 23:35:47', '2019-11-08 23:35:47'),
(122, 'default', 'updated', 5, 'App\\Models\\Slideshow', 2, 'users', '[]', '2019-11-08 23:37:23', '2019-11-08 23:37:23'),
(123, 'default', 'updated', 1, 'App\\Models\\Slideshow', 2, 'users', '[]', '2019-11-08 23:38:36', '2019-11-08 23:38:36'),
(124, 'default', 'updated', 1, 'App\\Models\\Slideshow', 2, 'users', '[]', '2019-11-08 23:38:50', '2019-11-08 23:38:50'),
(125, 'default', 'updated', 5, 'App\\Models\\Slideshow', 2, 'users', '[]', '2019-11-08 23:39:36', '2019-11-08 23:39:36'),
(126, 'default', 'updated', 5, 'App\\Models\\Slideshow', 2, 'users', '[]', '2019-11-08 23:41:46', '2019-11-08 23:41:46'),
(127, 'default', 'updated', 2, 'pages', 2, 'users', '[]', '2019-11-08 23:42:09', '2019-11-08 23:42:09'),
(128, 'default', 'updated', 2, 'pages', 2, 'users', '[]', '2019-11-08 23:42:47', '2019-11-08 23:42:47'),
(129, 'default', 'updated', 2, 'pages', 2, 'users', '[]', '2019-11-08 23:42:56', '2019-11-08 23:42:56'),
(130, 'default', 'updated', 5, 'App\\Models\\Slideshow', 2, 'users', '[]', '2019-11-08 23:45:12', '2019-11-08 23:45:12'),
(131, 'default', 'updated', 5, 'App\\Models\\Slideshow', 2, 'users', '[]', '2019-11-08 23:47:00', '2019-11-08 23:47:00'),
(132, 'default', 'updated', 5, 'App\\Models\\Slideshow', 2, 'users', '[]', '2019-11-08 23:50:30', '2019-11-08 23:50:30'),
(133, 'default', 'updated', 5, 'App\\Models\\Slideshow', 2, 'users', '[]', '2019-11-08 23:51:52', '2019-11-08 23:51:52'),
(134, 'default', 'updated', 4, 'pages', 2, 'users', '[]', '2019-11-08 23:59:03', '2019-11-08 23:59:03'),
(135, 'default', 'updated', 4, 'pages', 2, 'users', '[]', '2019-11-09 00:06:15', '2019-11-09 00:06:15'),
(136, 'default', 'updated', 4, 'pages', 2, 'users', '[]', '2019-11-09 00:09:15', '2019-11-09 00:09:15'),
(137, 'default', 'updated', 4, 'pages', 2, 'users', '[]', '2019-11-09 00:11:21', '2019-11-09 00:11:21'),
(138, 'default', 'updated', 4, 'pages', 2, 'users', '[]', '2019-11-09 00:12:13', '2019-11-09 00:12:13'),
(139, 'default', 'updated', 4, 'pages', 2, 'users', '[]', '2019-11-09 00:14:39', '2019-11-09 00:14:39'),
(140, 'default', 'updated', 4, 'App\\Models\\Slideshow', 2, 'users', '[]', '2019-11-11 13:16:25', '2019-11-11 13:16:25'),
(141, 'default', 'updated', 2, 'pages', 2, 'users', '[]', '2019-11-11 13:34:39', '2019-11-11 13:34:39'),
(142, 'default', 'updated', 2, 'pages', 2, 'users', '[]', '2019-11-11 13:37:09', '2019-11-11 13:37:09'),
(143, 'default', 'updated', 16, 'pages', 2, 'users', '[]', '2019-11-11 13:38:10', '2019-11-11 13:38:10'),
(144, 'default', 'updated', 16, 'pages', 2, 'users', '[]', '2019-11-11 13:38:33', '2019-11-11 13:38:33'),
(145, 'default', 'updated', 16, 'pages', 2, 'users', '[]', '2019-11-11 13:42:12', '2019-11-11 13:42:12'),
(146, 'default', 'updated', 4, 'pages', 2, 'users', '[]', '2019-11-11 13:43:22', '2019-11-11 13:43:22'),
(147, 'default', 'updated', 4, 'pages', 2, 'users', '[]', '2019-11-11 13:49:48', '2019-11-11 13:49:48'),
(148, 'default', 'updated', 4, 'pages', 2, 'users', '[]', '2019-11-11 13:50:45', '2019-11-11 13:50:45'),
(149, 'default', 'updated', 4, 'pages', 2, 'users', '[]', '2019-11-11 13:51:32', '2019-11-11 13:51:32'),
(150, 'default', 'updated', 4, 'pages', 2, 'users', '[]', '2019-11-11 13:55:43', '2019-11-11 13:55:43'),
(151, 'default', 'updated', 4, 'pages', 2, 'users', '[]', '2019-11-11 13:56:23', '2019-11-11 13:56:23'),
(152, 'default', 'updated', 4, 'pages', 2, 'users', '[]', '2019-11-11 13:57:59', '2019-11-11 13:57:59'),
(153, 'default', 'updated', 4, 'pages', 2, 'users', '[]', '2019-11-11 13:58:23', '2019-11-11 13:58:23'),
(154, 'default', 'updated', 2, 'pages', 2, 'users', '[]', '2019-11-11 14:00:34', '2019-11-11 14:00:34'),
(155, 'default', 'updated', 2, 'pages', 2, 'users', '[]', '2019-11-11 14:05:11', '2019-11-11 14:05:11'),
(156, 'default', 'updated', 4, 'pages', 2, 'users', '[]', '2019-11-11 14:06:02', '2019-11-11 14:06:02'),
(157, 'default', 'updated', 4, 'pages', 2, 'users', '[]', '2019-11-11 14:06:13', '2019-11-11 14:06:13'),
(158, 'default', 'updated', 4, 'pages', 2, 'users', '[]', '2019-11-11 14:07:09', '2019-11-11 14:07:09'),
(159, 'default', 'updated', 4, 'pages', 2, 'users', '[]', '2019-11-11 14:07:31', '2019-11-11 14:07:31'),
(160, 'default', 'updated', 4, 'pages', 2, 'users', '[]', '2019-11-11 14:10:39', '2019-11-11 14:10:39'),
(161, 'default', 'updated', 4, 'pages', 2, 'users', '[]', '2019-11-11 14:12:13', '2019-11-11 14:12:13'),
(162, 'default', 'created', 6, 'App\\Models\\Slideshow', 2, 'users', '[]', '2019-11-11 14:15:01', '2019-11-11 14:15:01'),
(163, 'default', 'updated', 6, 'App\\Models\\Slideshow', 2, 'users', '[]', '2019-11-11 14:16:14', '2019-11-11 14:16:14'),
(164, 'default', 'updated', 6, 'App\\Models\\Slideshow', 2, 'users', '[]', '2019-11-11 14:17:32', '2019-11-11 14:17:32'),
(165, 'default', 'updated', 6, 'App\\Models\\Slideshow', 2, 'users', '[]', '2019-11-11 14:17:52', '2019-11-11 14:17:52'),
(166, 'default', 'updated', 6, 'App\\Models\\Slideshow', 2, 'users', '[]', '2019-11-11 14:18:26', '2019-11-11 14:18:26'),
(167, 'default', 'updated', 4, 'pages', 2, 'users', '[]', '2019-11-11 14:20:29', '2019-11-11 14:20:29'),
(168, 'default', 'updated', 4, 'pages', 2, 'users', '[]', '2019-11-11 14:28:51', '2019-11-11 14:28:51'),
(169, 'default', 'updated', 21, 'pages', 1, 'users', '[]', '2019-11-11 14:29:34', '2019-11-11 14:29:34'),
(170, 'default', 'updated', 4, 'pages', 2, 'users', '[]', '2019-11-11 14:29:42', '2019-11-11 14:29:42'),
(171, 'default', 'updated', 4, 'pages', 2, 'users', '[]', '2019-11-11 14:31:21', '2019-11-11 14:31:21'),
(172, 'default', 'updated', 4, 'pages', 2, 'users', '[]', '2019-11-11 14:32:46', '2019-11-11 14:32:46'),
(173, 'default', 'updated', 4, 'pages', 2, 'users', '[]', '2019-11-11 14:36:15', '2019-11-11 14:36:15'),
(174, 'default', 'updated', 4, 'pages', 2, 'users', '[]', '2019-11-11 14:38:08', '2019-11-11 14:38:08'),
(175, 'default', 'updated', 4, 'pages', 2, 'users', '[]', '2019-11-11 14:39:36', '2019-11-11 14:39:36'),
(176, 'default', 'updated', 4, 'pages', 2, 'users', '[]', '2019-11-11 14:41:28', '2019-11-11 14:41:28'),
(177, 'default', 'updated', 4, 'pages', 2, 'users', '[]', '2019-11-11 14:42:14', '2019-11-11 14:42:14'),
(178, 'default', 'updated', 4, 'pages', 2, 'users', '[]', '2019-11-11 14:42:41', '2019-11-11 14:42:41'),
(179, 'default', 'updated', 4, 'pages', 2, 'users', '[]', '2019-11-11 14:43:11', '2019-11-11 14:43:11'),
(180, 'default', 'updated', 4, 'pages', 2, 'users', '[]', '2019-11-11 14:46:48', '2019-11-11 14:46:48'),
(181, 'default', 'updated', 4, 'pages', 2, 'users', '[]', '2019-11-11 14:48:58', '2019-11-11 14:48:58'),
(182, 'default', 'updated', 4, 'pages', 2, 'users', '[]', '2019-11-11 14:52:03', '2019-11-11 14:52:03'),
(183, 'default', 'updated', 4, 'pages', 2, 'users', '[]', '2019-11-11 14:52:13', '2019-11-11 14:52:13'),
(184, 'default', 'updated', 4, 'pages', 2, 'users', '[]', '2019-11-11 14:54:13', '2019-11-11 14:54:13'),
(185, 'default', 'updated', 4, 'pages', 2, 'users', '[]', '2019-11-11 14:58:19', '2019-11-11 14:58:19'),
(186, 'default', 'updated', 4, 'pages', 2, 'users', '[]', '2019-11-11 15:03:19', '2019-11-11 15:03:19'),
(187, 'default', 'updated', 4, 'pages', 2, 'users', '[]', '2019-11-11 15:05:09', '2019-11-11 15:05:09'),
(188, 'default', 'updated', 4, 'pages', 2, 'users', '[]', '2019-11-11 15:09:46', '2019-11-11 15:09:46'),
(189, 'default', 'updated', 4, 'pages', 2, 'users', '[]', '2019-11-11 15:11:40', '2019-11-11 15:11:40'),
(190, 'default', 'updated', 4, 'pages', 2, 'users', '[]', '2019-11-11 15:12:06', '2019-11-11 15:12:06'),
(191, 'default', 'updated', 4, 'pages', 2, 'users', '[]', '2019-11-11 15:13:45', '2019-11-11 15:13:45'),
(192, 'default', 'updated', 4, 'pages', 2, 'users', '[]', '2019-11-11 15:14:30', '2019-11-11 15:14:30'),
(193, 'default', 'updated', 21, 'pages', 2, 'users', '[]', '2019-11-11 15:19:20', '2019-11-11 15:19:20'),
(194, 'default', 'updated', 21, 'pages', 2, 'users', '[]', '2019-11-11 16:57:56', '2019-11-11 16:57:56'),
(195, 'default', 'updated', 21, 'pages', 2, 'users', '[]', '2019-11-11 17:04:52', '2019-11-11 17:04:52'),
(196, 'default', 'updated', 21, 'pages', 2, 'users', '[]', '2019-11-11 17:06:22', '2019-11-11 17:06:22'),
(197, 'default', 'updated', 2, 'pages', 2, 'users', '[]', '2019-11-11 20:40:16', '2019-11-11 20:40:16'),
(198, 'default', 'updated', 2, 'pages', 2, 'users', '[]', '2019-11-11 21:02:18', '2019-11-11 21:02:18'),
(199, 'default', 'updated', 2, 'pages', 2, 'users', '[]', '2019-11-11 21:04:23', '2019-11-11 21:04:23'),
(200, 'default', 'updated', 2, 'pages', 2, 'users', '[]', '2019-11-11 21:04:38', '2019-11-11 21:04:38'),
(201, 'default', 'updated', 2, 'pages', 2, 'users', '[]', '2019-11-11 21:05:50', '2019-11-11 21:05:50'),
(202, 'default', 'updated', 2, 'pages', 2, 'users', '[]', '2019-11-11 21:06:55', '2019-11-11 21:06:55'),
(203, 'default', 'updated', 2, 'pages', 2, 'users', '[]', '2019-11-11 21:08:04', '2019-11-11 21:08:04'),
(204, 'default', 'updated', 2, 'pages', 2, 'users', '[]', '2019-11-11 21:09:10', '2019-11-11 21:09:10'),
(205, 'default', 'updated', 2, 'pages', 2, 'users', '[]', '2019-11-11 21:09:45', '2019-11-11 21:09:45'),
(206, 'default', 'updated', 2, 'pages', 2, 'users', '[]', '2019-11-11 21:10:19', '2019-11-11 21:10:19'),
(207, 'default', 'updated', 2, 'pages', 2, 'users', '[]', '2019-11-11 21:10:43', '2019-11-11 21:10:43'),
(208, 'default', 'updated', 2, 'pages', 2, 'users', '[]', '2019-11-11 21:11:14', '2019-11-11 21:11:14'),
(209, 'default', 'updated', 4, 'pages', 2, 'users', '[]', '2019-11-11 21:13:21', '2019-11-11 21:13:21'),
(210, 'default', 'updated', 4, 'pages', 2, 'users', '[]', '2019-11-11 21:14:01', '2019-11-11 21:14:01'),
(211, 'default', 'updated', 4, 'pages', 2, 'users', '[]', '2019-11-11 21:15:32', '2019-11-11 21:15:32'),
(212, 'default', 'updated', 10, 'pages', 2, 'users', '[]', '2019-11-11 21:19:02', '2019-11-11 21:19:02'),
(213, 'default', 'updated', 10, 'pages', 2, 'users', '[]', '2019-11-11 21:19:34', '2019-11-11 21:19:34'),
(214, 'default', 'updated', 10, 'pages', 2, 'users', '[]', '2019-11-11 21:22:41', '2019-11-11 21:22:41'),
(215, 'default', 'updated', 10, 'pages', 2, 'users', '[]', '2019-11-11 21:23:39', '2019-11-11 21:23:39'),
(216, 'default', 'updated', 10, 'pages', 2, 'users', '[]', '2019-11-11 21:25:43', '2019-11-11 21:25:43'),
(217, 'default', 'updated', 10, 'pages', 2, 'users', '[]', '2019-11-11 21:28:07', '2019-11-11 21:28:07'),
(218, 'default', 'updated', 10, 'pages', 2, 'users', '[]', '2019-11-11 21:28:42', '2019-11-11 21:28:42'),
(219, 'default', 'updated', 10, 'pages', 2, 'users', '[]', '2019-11-11 21:29:02', '2019-11-11 21:29:02'),
(220, 'default', 'updated', 10, 'pages', 2, 'users', '[]', '2019-11-11 21:29:53', '2019-11-11 21:29:53'),
(221, 'default', 'updated', 10, 'pages', 2, 'users', '[]', '2019-11-11 21:31:20', '2019-11-11 21:31:20'),
(222, 'default', 'updated', 10, 'pages', 2, 'users', '[]', '2019-11-11 21:32:57', '2019-11-11 21:32:57'),
(223, 'default', 'updated', 10, 'pages', 2, 'users', '[]', '2019-11-11 21:34:50', '2019-11-11 21:34:50'),
(224, 'default', 'updated', 10, 'pages', 2, 'users', '[]', '2019-11-11 21:39:22', '2019-11-11 21:39:22'),
(225, 'default', 'updated', 10, 'pages', 2, 'users', '[]', '2019-11-11 21:41:43', '2019-11-11 21:41:43'),
(226, 'default', 'updated', 10, 'pages', 2, 'users', '[]', '2019-11-11 21:43:10', '2019-11-11 21:43:10'),
(227, 'default', 'updated', 10, 'pages', 2, 'users', '[]', '2019-11-11 21:44:19', '2019-11-11 21:44:19'),
(228, 'default', 'updated', 10, 'pages', 2, 'users', '[]', '2019-11-11 21:46:43', '2019-11-11 21:46:43'),
(229, 'default', 'updated', 10, 'pages', 2, 'users', '[]', '2019-11-11 21:52:06', '2019-11-11 21:52:06'),
(230, 'default', 'updated', 10, 'pages', 2, 'users', '[]', '2019-11-11 21:52:48', '2019-11-11 21:52:48'),
(231, 'default', 'updated', 10, 'pages', 2, 'users', '[]', '2019-11-11 21:53:16', '2019-11-11 21:53:16'),
(232, 'default', 'updated', 10, 'pages', 2, 'users', '[]', '2019-11-11 21:53:31', '2019-11-11 21:53:31'),
(233, 'default', 'updated', 10, 'pages', 2, 'users', '[]', '2019-11-11 21:56:03', '2019-11-11 21:56:03'),
(234, 'default', 'updated', 10, 'pages', 2, 'users', '[]', '2019-11-11 21:57:03', '2019-11-11 21:57:03'),
(235, 'default', 'updated', 10, 'pages', 2, 'users', '[]', '2019-11-11 21:57:40', '2019-11-11 21:57:40'),
(236, 'default', 'updated', 10, 'pages', 2, 'users', '[]', '2019-11-11 21:57:55', '2019-11-11 21:57:55'),
(237, 'default', 'updated', 10, 'pages', 2, 'users', '[]', '2019-11-11 21:59:07', '2019-11-11 21:59:07'),
(238, 'default', 'updated', 10, 'pages', 2, 'users', '[]', '2019-11-11 21:59:45', '2019-11-11 21:59:45'),
(239, 'default', 'updated', 18, 'pages', 2, 'users', '[]', '2019-11-11 22:15:37', '2019-11-11 22:15:37'),
(240, 'default', 'updated', 2, 'App\\Models\\Babysitter', 1, 'users', '[]', '2019-11-12 15:54:12', '2019-11-12 15:54:12'),
(241, 'default', 'updated', 2, 'App\\Models\\Babysitter', 1, 'users', '[]', '2019-11-12 15:54:21', '2019-11-12 15:54:21'),
(242, 'default', 'updated', 2, 'App\\Models\\Babysitter', 1, 'users', '[]', '2019-11-12 15:54:35', '2019-11-12 15:54:35'),
(243, 'default', 'updated', 4, 'pages', 1, 'users', '[]', '2019-11-12 17:17:32', '2019-11-12 17:17:32'),
(244, 'default', 'updated', 4, 'pages', 1, 'users', '[]', '2019-11-12 17:17:44', '2019-11-12 17:17:44'),
(245, 'default', 'updated', 4, 'pages', 1, 'users', '[]', '2019-11-12 17:18:16', '2019-11-12 17:18:16'),
(246, 'default', 'updated', 22, 'pages', 1, 'users', '[]', '2019-11-12 18:08:28', '2019-11-12 18:08:28'),
(247, 'default', 'updated', 22, 'pages', 1, 'users', '[]', '2019-11-12 18:10:04', '2019-11-12 18:10:04'),
(248, 'default', 'updated', 22, 'pages', 1, 'users', '[]', '2019-11-12 18:10:19', '2019-11-12 18:10:19'),
(249, 'default', 'updated', 22, 'pages', 1, 'users', '[]', '2019-11-12 18:14:02', '2019-11-12 18:14:02'),
(250, 'default', 'updated', 22, 'pages', 1, 'users', '[]', '2019-11-12 18:15:43', '2019-11-12 18:15:43'),
(251, 'default', 'updated', 22, 'pages', 1, 'users', '[]', '2019-11-12 18:15:55', '2019-11-12 18:15:55'),
(252, 'default', 'updated', 21, 'pages', 2, 'users', '[]', '2019-11-12 21:25:46', '2019-11-12 21:25:46'),
(253, 'default', 'updated', 21, 'pages', 2, 'users', '[]', '2019-11-12 21:26:24', '2019-11-12 21:26:24'),
(254, 'default', 'updated', 21, 'pages', 2, 'users', '[]', '2019-11-12 21:26:55', '2019-11-12 21:26:55'),
(255, 'default', 'updated', 20, 'pages', 2, 'users', '[]', '2019-11-12 21:30:06', '2019-11-12 21:30:06'),
(256, 'default', 'updated', 20, 'pages', 2, 'users', '[]', '2019-11-12 21:31:16', '2019-11-12 21:31:16'),
(257, 'default', 'updated', 20, 'pages', 2, 'users', '[]', '2019-11-12 21:31:37', '2019-11-12 21:31:37'),
(258, 'default', 'updated', 20, 'pages', 2, 'users', '[]', '2019-11-12 21:31:56', '2019-11-12 21:31:56'),
(259, 'default', 'updated', 20, 'pages', 2, 'users', '[]', '2019-11-12 21:33:57', '2019-11-12 21:33:57'),
(260, 'default', 'updated', 22, 'pages', 2, 'users', '[]', '2019-11-12 21:38:52', '2019-11-12 21:38:52'),
(261, 'default', 'updated', 22, 'pages', 2, 'users', '[]', '2019-11-12 21:40:05', '2019-11-12 21:40:05'),
(262, 'default', 'updated', 4, 'pages', 2, 'users', '[]', '2019-11-12 21:46:48', '2019-11-12 21:46:48'),
(263, 'default', 'updated', 4, 'pages', 2, 'users', '[]', '2019-11-12 21:47:16', '2019-11-12 21:47:16'),
(264, 'default', 'updated', 4, 'pages', 2, 'users', '[]', '2019-11-12 21:47:48', '2019-11-12 21:47:48'),
(265, 'default', 'updated', 4, 'pages', 2, 'users', '[]', '2019-11-12 21:48:03', '2019-11-12 21:48:03'),
(266, 'default', 'updated', 4, 'pages', 2, 'users', '[]', '2019-11-12 21:48:19', '2019-11-12 21:48:19'),
(267, 'default', 'updated', 4, 'pages', 2, 'users', '[]', '2019-11-12 21:48:34', '2019-11-12 21:48:34'),
(268, 'default', 'updated', 4, 'pages', 2, 'users', '[]', '2019-11-12 21:48:47', '2019-11-12 21:48:47'),
(269, 'default', 'updated', 4, 'pages', 2, 'users', '[]', '2019-11-12 21:49:50', '2019-11-12 21:49:50'),
(270, 'default', 'updated', 4, 'pages', 2, 'users', '[]', '2019-11-12 21:50:49', '2019-11-12 21:50:49'),
(271, 'default', 'updated', 4, 'pages', 2, 'users', '[]', '2019-11-12 21:51:36', '2019-11-12 21:51:36'),
(272, 'default', 'updated', 4, 'pages', 2, 'users', '[]', '2019-11-12 21:52:15', '2019-11-12 21:52:15'),
(273, 'default', 'updated', 4, 'pages', 2, 'users', '[]', '2019-11-12 21:53:08', '2019-11-12 21:53:08'),
(274, 'default', 'updated', 4, 'pages', 2, 'users', '[]', '2019-11-12 21:54:03', '2019-11-12 21:54:03'),
(275, 'default', 'updated', 17, 'pages', 2, 'users', '[]', '2019-11-12 22:16:46', '2019-11-12 22:16:46'),
(276, 'default', 'updated', 17, 'pages', 2, 'users', '[]', '2019-11-12 22:17:26', '2019-11-12 22:17:26'),
(277, 'default', 'updated', 17, 'pages', 2, 'users', '[]', '2019-11-12 22:19:34', '2019-11-12 22:19:34'),
(278, 'default', 'updated', 17, 'pages', 2, 'users', '[]', '2019-11-12 22:21:07', '2019-11-12 22:21:07'),
(279, 'default', 'updated', 17, 'pages', 2, 'users', '[]', '2019-11-12 22:22:34', '2019-11-12 22:22:34'),
(280, 'default', 'updated', 17, 'pages', 2, 'users', '[]', '2019-11-12 22:23:59', '2019-11-12 22:23:59'),
(281, 'default', 'updated', 17, 'pages', 2, 'users', '[]', '2019-11-12 22:26:21', '2019-11-12 22:26:21'),
(282, 'default', 'updated', 17, 'pages', 2, 'users', '[]', '2019-11-12 22:27:33', '2019-11-12 22:27:33'),
(283, 'default', 'updated', 17, 'pages', 2, 'users', '[]', '2019-11-12 22:29:42', '2019-11-12 22:29:42'),
(284, 'default', 'updated', 17, 'pages', 2, 'users', '[]', '2019-11-12 22:31:22', '2019-11-12 22:31:22'),
(285, 'default', 'updated', 17, 'pages', 2, 'users', '[]', '2019-11-12 22:32:16', '2019-11-12 22:32:16'),
(286, 'default', 'updated', 17, 'pages', 2, 'users', '[]', '2019-11-12 22:32:56', '2019-11-12 22:32:56'),
(287, 'default', 'updated', 17, 'pages', 2, 'users', '[]', '2019-11-12 22:34:23', '2019-11-12 22:34:23'),
(288, 'default', 'updated', 17, 'pages', 2, 'users', '[]', '2019-11-12 22:35:49', '2019-11-12 22:35:49'),
(289, 'default', 'updated', 17, 'pages', 2, 'users', '[]', '2019-11-12 22:36:14', '2019-11-12 22:36:14'),
(290, 'default', 'updated', 17, 'pages', 2, 'users', '[]', '2019-11-12 22:36:36', '2019-11-12 22:36:36'),
(291, 'default', 'updated', 17, 'pages', 2, 'users', '[]', '2019-11-12 22:36:56', '2019-11-12 22:36:56'),
(292, 'default', 'updated', 17, 'pages', 2, 'users', '[]', '2019-11-12 22:37:11', '2019-11-12 22:37:11'),
(293, 'default', 'updated', 17, 'pages', 2, 'users', '[]', '2019-11-12 22:38:14', '2019-11-12 22:38:14'),
(294, 'default', 'updated', 17, 'pages', 2, 'users', '[]', '2019-11-12 22:38:48', '2019-11-12 22:38:48'),
(295, 'default', 'updated', 17, 'pages', 2, 'users', '[]', '2019-11-12 22:39:06', '2019-11-12 22:39:06'),
(296, 'default', 'updated', 17, 'pages', 2, 'users', '[]', '2019-11-12 22:39:22', '2019-11-12 22:39:22'),
(297, 'default', 'updated', 17, 'pages', 2, 'users', '[]', '2019-11-12 22:39:36', '2019-11-12 22:39:36'),
(298, 'default', 'updated', 17, 'pages', 2, 'users', '[]', '2019-11-12 22:40:16', '2019-11-12 22:40:16'),
(299, 'default', 'updated', 17, 'pages', 2, 'users', '[]', '2019-11-12 22:40:31', '2019-11-12 22:40:31'),
(300, 'default', 'updated', 17, 'pages', 2, 'users', '[]', '2019-11-12 22:40:58', '2019-11-12 22:40:58'),
(301, 'default', 'updated', 17, 'pages', 2, 'users', '[]', '2019-11-12 22:41:12', '2019-11-12 22:41:12'),
(302, 'default', 'updated', 17, 'pages', 2, 'users', '[]', '2019-11-12 22:41:43', '2019-11-12 22:41:43'),
(303, 'default', 'updated', 17, 'pages', 2, 'users', '[]', '2019-11-12 22:42:18', '2019-11-12 22:42:18'),
(304, 'default', 'updated', 17, 'pages', 2, 'users', '[]', '2019-11-12 22:42:29', '2019-11-12 22:42:29'),
(305, 'default', 'updated', 17, 'pages', 2, 'users', '[]', '2019-11-12 22:43:28', '2019-11-12 22:43:28'),
(306, 'default', 'updated', 17, 'pages', 2, 'users', '[]', '2019-11-12 22:44:22', '2019-11-12 22:44:22'),
(307, 'default', 'updated', 17, 'pages', 2, 'users', '[]', '2019-11-12 22:49:18', '2019-11-12 22:49:18'),
(308, 'default', 'updated', 17, 'pages', 2, 'users', '[]', '2019-11-12 22:51:13', '2019-11-12 22:51:13'),
(309, 'default', 'updated', 17, 'pages', 2, 'users', '[]', '2019-11-12 22:51:41', '2019-11-12 22:51:41'),
(310, 'default', 'updated', 17, 'pages', 2, 'users', '[]', '2019-11-12 22:52:23', '2019-11-12 22:52:23'),
(311, 'default', 'updated', 17, 'pages', 2, 'users', '[]', '2019-11-12 22:53:25', '2019-11-12 22:53:25'),
(312, 'default', 'updated', 17, 'pages', 2, 'users', '[]', '2019-11-12 22:55:03', '2019-11-12 22:55:03'),
(313, 'default', 'updated', 17, 'pages', 2, 'users', '[]', '2019-11-12 22:55:27', '2019-11-12 22:55:27'),
(314, 'default', 'updated', 17, 'pages', 2, 'users', '[]', '2019-11-12 22:56:34', '2019-11-12 22:56:34'),
(315, 'default', 'updated', 17, 'pages', 2, 'users', '[]', '2019-11-12 22:56:43', '2019-11-12 22:56:43'),
(316, 'default', 'updated', 17, 'pages', 2, 'users', '[]', '2019-11-12 22:56:59', '2019-11-12 22:56:59'),
(317, 'default', 'updated', 17, 'pages', 2, 'users', '[]', '2019-11-12 22:57:13', '2019-11-12 22:57:13'),
(318, 'default', 'updated', 17, 'pages', 2, 'users', '[]', '2019-11-12 22:57:28', '2019-11-12 22:57:28'),
(319, 'default', 'updated', 17, 'pages', 2, 'users', '[]', '2019-11-12 22:57:49', '2019-11-12 22:57:49'),
(320, 'default', 'updated', 17, 'pages', 2, 'users', '[]', '2019-11-12 22:58:01', '2019-11-12 22:58:01'),
(321, 'default', 'updated', 2, 'pages', 2, 'users', '[]', '2019-11-12 23:00:26', '2019-11-12 23:00:26'),
(322, 'default', 'updated', 2, 'pages', 2, 'users', '[]', '2019-11-12 23:01:10', '2019-11-12 23:01:10'),
(323, 'default', 'updated', 2, 'pages', 2, 'users', '[]', '2019-11-12 23:01:42', '2019-11-12 23:01:42'),
(324, 'default', 'updated', 18, 'pages', 2, 'users', '[]', '2019-11-12 23:03:54', '2019-11-12 23:03:54'),
(325, 'default', 'updated', 18, 'pages', 2, 'users', '[]', '2019-11-12 23:05:28', '2019-11-12 23:05:28'),
(326, 'default', 'updated', 18, 'pages', 2, 'users', '[]', '2019-11-12 23:07:04', '2019-11-12 23:07:04'),
(327, 'default', 'updated', 18, 'pages', 2, 'users', '[]', '2019-11-12 23:08:02', '2019-11-12 23:08:02'),
(328, 'default', 'updated', 18, 'pages', 2, 'users', '[]', '2019-11-12 23:08:41', '2019-11-12 23:08:41'),
(329, 'default', 'updated', 18, 'pages', 2, 'users', '[]', '2019-11-12 23:09:43', '2019-11-12 23:09:43'),
(330, 'default', 'updated', 18, 'pages', 2, 'users', '[]', '2019-11-12 23:09:58', '2019-11-12 23:09:58'),
(331, 'default', 'updated', 18, 'pages', 2, 'users', '[]', '2019-11-12 23:10:54', '2019-11-12 23:10:54'),
(332, 'default', 'updated', 18, 'pages', 2, 'users', '[]', '2019-11-12 23:11:23', '2019-11-12 23:11:23'),
(333, 'default', 'updated', 18, 'pages', 2, 'users', '[]', '2019-11-12 23:12:00', '2019-11-12 23:12:00'),
(334, 'default', 'updated', 18, 'pages', 2, 'users', '[]', '2019-11-12 23:12:19', '2019-11-12 23:12:19'),
(335, 'default', 'updated', 18, 'pages', 2, 'users', '[]', '2019-11-12 23:15:16', '2019-11-12 23:15:16'),
(336, 'default', 'updated', 18, 'pages', 2, 'users', '[]', '2019-11-12 23:23:37', '2019-11-12 23:23:37'),
(337, 'default', 'updated', 18, 'pages', 2, 'users', '[]', '2019-11-12 23:25:42', '2019-11-12 23:25:42'),
(338, 'default', 'updated', 18, 'pages', 2, 'users', '[]', '2019-11-12 23:26:27', '2019-11-12 23:26:27'),
(339, 'default', 'updated', 18, 'pages', 2, 'users', '[]', '2019-11-12 23:27:34', '2019-11-12 23:27:34'),
(340, 'default', 'updated', 18, 'pages', 2, 'users', '[]', '2019-11-12 23:27:59', '2019-11-12 23:27:59'),
(341, 'default', 'updated', 18, 'pages', 2, 'users', '[]', '2019-11-12 23:29:11', '2019-11-12 23:29:11'),
(342, 'default', 'updated', 18, 'pages', 2, 'users', '[]', '2019-11-12 23:30:16', '2019-11-12 23:30:16'),
(343, 'default', 'updated', 18, 'pages', 2, 'users', '[]', '2019-11-12 23:30:51', '2019-11-12 23:30:51'),
(344, 'default', 'updated', 18, 'pages', 2, 'users', '[]', '2019-11-12 23:31:36', '2019-11-12 23:31:36'),
(345, 'default', 'updated', 18, 'pages', 2, 'users', '[]', '2019-11-12 23:32:23', '2019-11-12 23:32:23'),
(346, 'default', 'updated', 18, 'pages', 2, 'users', '[]', '2019-11-12 23:33:13', '2019-11-12 23:33:13'),
(347, 'default', 'updated', 18, 'pages', 2, 'users', '[]', '2019-11-12 23:35:16', '2019-11-12 23:35:16'),
(348, 'default', 'updated', 18, 'pages', 2, 'users', '[]', '2019-11-12 23:35:43', '2019-11-12 23:35:43'),
(349, 'default', 'updated', 18, 'pages', 2, 'users', '[]', '2019-11-12 23:36:49', '2019-11-12 23:36:49'),
(350, 'default', 'updated', 10, 'pages', 2, 'users', '[]', '2019-11-13 11:33:12', '2019-11-13 11:33:12'),
(351, 'default', 'updated', 10, 'pages', 2, 'users', '[]', '2019-11-13 11:33:45', '2019-11-13 11:33:45'),
(352, 'default', 'updated', 10, 'pages', 2, 'users', '[]', '2019-11-13 11:40:07', '2019-11-13 11:40:07'),
(353, 'default', 'created', 1, 'App\\Models\\Post', 2, 'users', '[]', '2019-11-14 13:51:30', '2019-11-14 13:51:30'),
(354, 'default', 'updated', 1, 'App\\Models\\Post', 2, 'users', '[]', '2019-11-14 13:54:20', '2019-11-14 13:54:20'),
(355, 'default', 'updated', 1, 'App\\Models\\Post', 2, 'users', '[]', '2019-11-14 14:02:09', '2019-11-14 14:02:09'),
(356, 'default', 'updated', 1, 'App\\Models\\Post', 2, 'users', '[]', '2019-11-14 14:02:49', '2019-11-14 14:02:49'),
(357, 'default', 'updated', 1, 'App\\Models\\Post', 2, 'users', '[]', '2019-11-14 14:03:03', '2019-11-14 14:03:03'),
(358, 'default', 'updated', 1, 'App\\Models\\Post', 2, 'users', '[]', '2019-11-14 14:10:40', '2019-11-14 14:10:40'),
(359, 'default', 'updated', 1, 'App\\Models\\Post', 2, 'users', '[]', '2019-11-14 14:15:33', '2019-11-14 14:15:33'),
(360, 'default', 'updated', 1, 'App\\Models\\Post', 2, 'users', '[]', '2019-11-14 14:18:57', '2019-11-14 14:18:57'),
(361, 'default', 'updated', 1, 'App\\Models\\Post', 2, 'users', '[]', '2019-11-14 14:20:51', '2019-11-14 14:20:51'),
(362, 'default', 'updated', 1, 'App\\Models\\Post', 2, 'users', '[]', '2019-11-14 14:25:44', '2019-11-14 14:25:44'),
(363, 'default', 'updated', 1, 'App\\Models\\Post', 2, 'users', '[]', '2019-11-14 14:26:10', '2019-11-14 14:26:10'),
(364, 'default', 'updated', 1, 'App\\Models\\Post', 2, 'users', '[]', '2019-11-14 14:29:20', '2019-11-14 14:29:20'),
(365, 'default', 'updated', 1, 'App\\Models\\Post', 2, 'users', '[]', '2019-11-14 14:29:45', '2019-11-14 14:29:45'),
(366, 'default', 'updated', 1, 'App\\Models\\Post', 2, 'users', '[]', '2019-11-14 14:30:26', '2019-11-14 14:30:26'),
(367, 'default', 'updated', 1, 'App\\Models\\Post', 2, 'users', '[]', '2019-11-14 14:38:50', '2019-11-14 14:38:50'),
(368, 'default', 'updated', 1, 'App\\Models\\Post', 2, 'users', '[]', '2019-11-14 14:50:32', '2019-11-14 14:50:32'),
(369, 'default', 'updated', 1, 'App\\Models\\Post', 2, 'users', '[]', '2019-11-14 14:55:19', '2019-11-14 14:55:19'),
(370, 'default', 'updated', 1, 'App\\Models\\Post', 2, 'users', '[]', '2019-11-14 16:02:44', '2019-11-14 16:02:44'),
(371, 'default', 'updated', 1, 'App\\Models\\Post', 2, 'users', '[]', '2019-11-14 16:03:53', '2019-11-14 16:03:53'),
(372, 'default', 'updated', 1, 'App\\Models\\Post', 2, 'users', '[]', '2019-11-14 16:06:35', '2019-11-14 16:06:35'),
(373, 'default', 'updated', 1, 'App\\Models\\Post', 2, 'users', '[]', '2019-11-14 16:07:02', '2019-11-14 16:07:02'),
(374, 'default', 'updated', 1, 'App\\Models\\Post', 2, 'users', '[]', '2019-11-14 16:09:30', '2019-11-14 16:09:30'),
(375, 'default', 'updated', 1, 'App\\Models\\Post', 2, 'users', '[]', '2019-11-14 16:11:06', '2019-11-14 16:11:06'),
(376, 'default', 'updated', 2, 'App\\Models\\Babysitter', 1, 'users', '[]', '2019-11-15 19:52:03', '2019-11-15 19:52:03'),
(377, 'default', 'updated', 1, 'App\\Models\\Family', 1, 'users', '[]', '2019-11-18 17:31:43', '2019-11-18 17:31:43'),
(378, 'default', 'updated', 1, 'App\\Models\\Booking', 1, 'users', '[]', '2019-11-18 17:32:44', '2019-11-18 17:32:44'),
(379, 'default', 'created', 1, 'App\\Models\\BabysitterReview', 1, 'users', '[]', '2019-12-02 21:00:31', '2019-12-02 21:00:31'),
(380, 'default', 'updated', 1, 'App\\Models\\BabysitterReview', 1, 'users', '[]', '2019-12-02 21:00:45', '2019-12-02 21:00:45'),
(381, 'default', 'updated', 1, 'App\\Models\\Post', 2, 'users', '[]', '2019-12-09 11:50:01', '2019-12-09 11:50:01'),
(382, 'default', 'updated', 1, 'App\\Models\\Post', 2, 'users', '[]', '2019-12-09 11:50:18', '2019-12-09 11:50:18'),
(383, 'default', 'updated', 1, 'App\\Models\\Post', 2, 'users', '[]', '2019-12-09 11:52:40', '2019-12-09 11:52:40'),
(384, 'default', 'updated', 1, 'App\\Models\\Post', 2, 'users', '[]', '2019-12-09 11:53:25', '2019-12-09 11:53:25'),
(385, 'default', 'updated', 1, 'App\\Models\\Post', 2, 'users', '[]', '2019-12-09 11:57:37', '2019-12-09 11:57:37'),
(386, 'default', 'updated', 1, 'App\\Models\\Post', 2, 'users', '[]', '2019-12-09 11:58:16', '2019-12-09 11:58:16'),
(387, 'default', 'updated', 1, 'App\\Models\\Post', 2, 'users', '[]', '2019-12-09 12:09:23', '2019-12-09 12:09:23'),
(388, 'default', 'updated', 1, 'App\\Models\\Post', 2, 'users', '[]', '2019-12-09 12:09:58', '2019-12-09 12:09:58'),
(389, 'default', 'updated', 1, 'App\\Models\\Post', 2, 'users', '[]', '2019-12-09 12:10:55', '2019-12-09 12:10:55'),
(390, 'default', 'updated', 1, 'App\\Models\\Post', 2, 'users', '[]', '2019-12-09 12:11:17', '2019-12-09 12:11:17'),
(391, 'default', 'updated', 1, 'App\\Models\\Post', 2, 'users', '[]', '2019-12-09 12:11:40', '2019-12-09 12:11:40'),
(392, 'default', 'updated', 1, 'App\\Models\\Post', 2, 'users', '[]', '2019-12-09 12:12:52', '2019-12-09 12:12:52'),
(393, 'default', 'updated', 1, 'App\\Models\\Post', 2, 'users', '[]', '2019-12-09 12:13:32', '2019-12-09 12:13:32'),
(394, 'default', 'updated', 1, 'App\\Models\\Post', 2, 'users', '[]', '2019-12-09 12:13:57', '2019-12-09 12:13:57'),
(395, 'default', 'updated', 1, 'App\\Models\\Post', 2, 'users', '[]', '2019-12-09 12:15:20', '2019-12-09 12:15:20'),
(396, 'default', 'updated', 1, 'App\\Models\\Post', 2, 'users', '[]', '2019-12-09 12:16:14', '2019-12-09 12:16:14'),
(397, 'default', 'updated', 1, 'App\\Models\\Post', 2, 'users', '[]', '2019-12-09 12:17:13', '2019-12-09 12:17:13'),
(398, 'default', 'updated', 1, 'App\\Models\\Post', 2, 'users', '[]', '2019-12-09 12:18:44', '2019-12-09 12:18:44'),
(399, 'default', 'updated', 1, 'App\\Models\\Post', 2, 'users', '[]', '2019-12-09 12:20:16', '2019-12-09 12:20:16'),
(400, 'default', 'updated', 1, 'App\\Models\\Post', 2, 'users', '[]', '2019-12-09 12:21:48', '2019-12-09 12:21:48'),
(401, 'default', 'updated', 1, 'App\\Models\\Post', 2, 'users', '[]', '2019-12-09 12:25:50', '2019-12-09 12:25:50'),
(402, 'default', 'updated', 1, 'App\\Models\\Post', 2, 'users', '[]', '2019-12-09 12:26:40', '2019-12-09 12:26:40'),
(403, 'default', 'updated', 1, 'App\\Models\\Post', 2, 'users', '[]', '2019-12-09 12:27:36', '2019-12-09 12:27:36'),
(404, 'default', 'updated', 1, 'App\\Models\\Post', 2, 'users', '[]', '2019-12-09 12:28:14', '2019-12-09 12:28:14'),
(405, 'default', 'updated', 1, 'App\\Models\\Post', 2, 'users', '[]', '2019-12-09 12:30:44', '2019-12-09 12:30:44'),
(406, 'default', 'updated', 1, 'App\\Models\\Post', 2, 'users', '[]', '2019-12-09 12:30:59', '2019-12-09 12:30:59'),
(407, 'default', 'updated', 1, 'App\\Models\\Post', 2, 'users', '[]', '2019-12-09 12:32:15', '2019-12-09 12:32:15'),
(408, 'default', 'updated', 1, 'App\\Models\\Post', 2, 'users', '[]', '2019-12-09 12:32:34', '2019-12-09 12:32:34'),
(409, 'default', 'updated', 1, 'App\\Models\\Post', 2, 'users', '[]', '2019-12-09 12:32:48', '2019-12-09 12:32:48'),
(410, 'default', 'updated', 1, 'App\\Models\\Post', 2, 'users', '[]', '2019-12-09 12:34:27', '2019-12-09 12:34:27'),
(411, 'default', 'updated', 1, 'App\\Models\\Post', 2, 'users', '[]', '2019-12-09 12:35:28', '2019-12-09 12:35:28'),
(412, 'default', 'updated', 1, 'App\\Models\\Post', 2, 'users', '[]', '2019-12-09 12:36:11', '2019-12-09 12:36:11'),
(413, 'default', 'updated', 1, 'App\\Models\\Post', 2, 'users', '[]', '2019-12-09 12:37:19', '2019-12-09 12:37:19'),
(414, 'default', 'updated', 1, 'App\\Models\\Post', 2, 'users', '[]', '2019-12-09 12:37:58', '2019-12-09 12:37:58'),
(415, 'default', 'updated', 1, 'App\\Models\\Post', 2, 'users', '[]', '2019-12-09 12:38:31', '2019-12-09 12:38:31'),
(416, 'default', 'updated', 1, 'App\\Models\\Post', 2, 'users', '[]', '2019-12-09 12:39:26', '2019-12-09 12:39:26'),
(417, 'default', 'updated', 1, 'App\\Models\\Post', 2, 'users', '[]', '2019-12-09 12:41:05', '2019-12-09 12:41:05'),
(418, 'default', 'updated', 1, 'App\\Models\\Post', 2, 'users', '[]', '2019-12-09 12:48:46', '2019-12-09 12:48:46'),
(419, 'default', 'created', 24, 'pages', 2, 'users', '[]', '2019-12-09 12:52:58', '2019-12-09 12:52:58'),
(420, 'default', 'updated', 24, 'pages', 2, 'users', '[]', '2019-12-09 12:53:52', '2019-12-09 12:53:52'),
(421, 'default', 'updated', 24, 'pages', 2, 'users', '[]', '2019-12-09 12:54:32', '2019-12-09 12:54:32'),
(422, 'default', 'updated', 24, 'pages', 2, 'users', '[]', '2019-12-09 12:55:11', '2019-12-09 12:55:11'),
(423, 'default', 'deleted', 24, 'pages', 2, 'users', '[]', '2019-12-09 12:56:43', '2019-12-09 12:56:43'),
(424, 'default', 'updated', 14, 'pages', 2, 'users', '[]', '2019-12-09 12:57:51', '2019-12-09 12:57:51'),
(425, 'default', 'updated', 14, 'pages', 2, 'users', '[]', '2019-12-09 13:03:21', '2019-12-09 13:03:21'),
(426, 'default', 'updated', 14, 'pages', 2, 'users', '[]', '2019-12-09 13:05:04', '2019-12-09 13:05:04'),
(427, 'default', 'updated', 14, 'pages', 2, 'users', '[]', '2019-12-09 13:05:37', '2019-12-09 13:05:37'),
(428, 'default', 'updated', 14, 'pages', 2, 'users', '[]', '2019-12-09 13:05:49', '2019-12-09 13:05:49'),
(429, 'default', 'updated', 14, 'pages', 2, 'users', '[]', '2019-12-09 13:06:39', '2019-12-09 13:06:39'),
(430, 'default', 'updated', 14, 'pages', 2, 'users', '[]', '2019-12-09 13:07:17', '2019-12-09 13:07:17'),
(431, 'default', 'updated', 14, 'pages', 2, 'users', '[]', '2019-12-09 13:08:17', '2019-12-09 13:08:17'),
(432, 'default', 'updated', 14, 'pages', 2, 'users', '[]', '2019-12-09 13:08:26', '2019-12-09 13:08:26'),
(433, 'default', 'updated', 14, 'pages', 2, 'users', '[]', '2019-12-09 13:09:04', '2019-12-09 13:09:04'),
(434, 'default', 'updated', 14, 'pages', 2, 'users', '[]', '2019-12-09 13:09:27', '2019-12-09 13:09:27'),
(435, 'default', 'updated', 14, 'pages', 2, 'users', '[]', '2019-12-09 13:11:14', '2019-12-09 13:11:14'),
(436, 'default', 'updated', 14, 'pages', 2, 'users', '[]', '2019-12-09 13:11:39', '2019-12-09 13:11:39'),
(437, 'default', 'updated', 14, 'pages', 2, 'users', '[]', '2019-12-09 13:12:15', '2019-12-09 13:12:15'),
(438, 'default', 'updated', 14, 'pages', 2, 'users', '[]', '2019-12-09 13:14:24', '2019-12-09 13:14:24'),
(439, 'default', 'updated', 14, 'pages', 2, 'users', '[]', '2019-12-09 13:16:38', '2019-12-09 13:16:38'),
(440, 'default', 'updated', 14, 'pages', 2, 'users', '[]', '2019-12-09 13:17:36', '2019-12-09 13:17:36'),
(441, 'default', 'updated', 14, 'pages', 2, 'users', '[]', '2019-12-09 13:23:00', '2019-12-09 13:23:00'),
(442, 'default', 'updated', 14, 'pages', 2, 'users', '[]', '2019-12-09 13:25:01', '2019-12-09 13:25:01'),
(443, 'default', 'updated', 14, 'pages', 2, 'users', '[]', '2019-12-09 13:25:39', '2019-12-09 13:25:39'),
(444, 'default', 'updated', 14, 'pages', 2, 'users', '[]', '2019-12-09 13:26:04', '2019-12-09 13:26:04'),
(445, 'default', 'updated', 14, 'pages', 2, 'users', '[]', '2019-12-09 13:28:28', '2019-12-09 13:28:28'),
(446, 'default', 'updated', 14, 'pages', 2, 'users', '[]', '2019-12-09 13:30:03', '2019-12-09 13:30:03'),
(447, 'default', 'updated', 14, 'pages', 2, 'users', '[]', '2019-12-09 13:31:35', '2019-12-09 13:31:35'),
(448, 'default', 'updated', 14, 'pages', 2, 'users', '[]', '2019-12-09 13:32:03', '2019-12-09 13:32:03'),
(449, 'default', 'updated', 14, 'pages', 2, 'users', '[]', '2019-12-09 13:32:18', '2019-12-09 13:32:18'),
(450, 'default', 'updated', 22, 'pages', 2, 'users', '[]', '2019-12-09 13:34:33', '2019-12-09 13:34:33'),
(451, 'default', 'updated', 22, 'pages', 2, 'users', '[]', '2019-12-09 13:37:05', '2019-12-09 13:37:05'),
(452, 'default', 'updated', 22, 'pages', 2, 'users', '[]', '2019-12-09 13:42:38', '2019-12-09 13:42:38'),
(453, 'default', 'updated', 22, 'pages', 2, 'users', '[]', '2019-12-09 13:43:12', '2019-12-09 13:43:12'),
(454, 'default', 'updated', 22, 'pages', 2, 'users', '[]', '2019-12-09 13:43:50', '2019-12-09 13:43:50'),
(455, 'default', 'updated', 23, 'pages', 2, 'users', '[]', '2019-12-09 13:47:42', '2019-12-09 13:47:42'),
(456, 'default', 'updated', 5, 'pages', 1, 'users', '[]', '2019-12-09 18:35:25', '2019-12-09 18:35:25'),
(457, 'default', 'updated', 19, 'pages', 2, 'users', '[]', '2019-12-10 11:19:13', '2019-12-10 11:19:13'),
(458, 'default', 'updated', 19, 'pages', 2, 'users', '[]', '2019-12-10 11:19:56', '2019-12-10 11:19:56'),
(459, 'default', 'updated', 19, 'pages', 2, 'users', '[]', '2019-12-10 11:20:23', '2019-12-10 11:20:23'),
(460, 'default', 'updated', 19, 'pages', 2, 'users', '[]', '2019-12-10 11:20:43', '2019-12-10 11:20:43'),
(461, 'default', 'updated', 19, 'pages', 2, 'users', '[]', '2019-12-10 11:26:32', '2019-12-10 11:26:32'),
(462, 'default', 'updated', 19, 'pages', 2, 'users', '[]', '2019-12-10 11:28:54', '2019-12-10 11:28:54'),
(463, 'default', 'updated', 19, 'pages', 2, 'users', '[]', '2019-12-10 11:45:39', '2019-12-10 11:45:39'),
(464, 'default', 'updated', 19, 'pages', 2, 'users', '[]', '2019-12-10 11:54:35', '2019-12-10 11:54:35'),
(465, 'default', 'updated', 19, 'pages', 2, 'users', '[]', '2019-12-10 12:04:55', '2019-12-10 12:04:55'),
(466, 'default', 'updated', 19, 'pages', 2, 'users', '[]', '2019-12-10 12:05:13', '2019-12-10 12:05:13');
INSERT INTO `activity_log` (`id`, `log_name`, `description`, `subject_id`, `subject_type`, `causer_id`, `causer_type`, `properties`, `created_at`, `updated_at`) VALUES
(467, 'default', 'updated', 19, 'pages', 2, 'users', '[]', '2019-12-10 12:05:40', '2019-12-10 12:05:40'),
(468, 'default', 'updated', 19, 'pages', 2, 'users', '[]', '2019-12-10 14:17:29', '2019-12-10 14:17:29'),
(469, 'default', 'updated', 19, 'pages', 2, 'users', '[]', '2019-12-10 14:18:23', '2019-12-10 14:18:23'),
(470, 'default', 'updated', 19, 'pages', 2, 'users', '[]', '2019-12-10 14:23:05', '2019-12-10 14:23:05'),
(471, 'default', 'updated', 19, 'pages', 2, 'users', '[]', '2019-12-10 14:27:23', '2019-12-10 14:27:23'),
(472, 'default', 'created', 25, 'pages', 1, 'users', '[]', '2020-01-08 13:33:10', '2020-01-08 13:33:10'),
(473, 'default', 'updated', 25, 'pages', 1, 'users', '[]', '2020-01-08 13:33:23', '2020-01-08 13:33:23'),
(474, 'default', 'created', 26, 'pages', 1, 'users', '[]', '2020-01-08 13:33:42', '2020-01-08 13:33:42'),
(475, 'default', 'updated', 26, 'pages', 1, 'users', '[]', '2020-01-08 13:33:54', '2020-01-08 13:33:54'),
(476, 'default', 'updated', 2, 'App\\Models\\Babysitter', 1, 'users', '[]', '2020-01-08 13:36:30', '2020-01-08 13:36:30'),
(477, 'default', 'updated', 2, 'App\\Models\\Babysitter', 1, 'users', '[]', '2020-01-08 13:49:53', '2020-01-08 13:49:53'),
(478, 'default', 'updated', 2, 'App\\Models\\Babysitter', 1, 'users', '[]', '2020-01-08 14:07:39', '2020-01-08 14:07:39'),
(479, 'default', 'updated', 2, 'App\\Models\\Babysitter', 1, 'users', '[]', '2020-01-08 14:08:40', '2020-01-08 14:08:40'),
(480, 'default', 'updated', 2, 'App\\Models\\Babysitter', 1, 'users', '[]', '2020-01-08 14:08:52', '2020-01-08 14:08:52'),
(481, 'default', 'created', 6, 'App\\Models\\Babysitter', 1, 'users', '[]', '2020-01-08 14:09:23', '2020-01-08 14:09:23'),
(482, 'default', 'updated', 6, 'App\\Models\\Babysitter', 1, 'users', '[]', '2020-01-08 14:10:06', '2020-01-08 14:10:06'),
(483, 'default', 'updated', 6, 'App\\Models\\Babysitter', 1, 'users', '[]', '2020-01-08 14:13:13', '2020-01-08 14:13:13'),
(484, 'default', 'updated', 6, 'App\\Models\\Babysitter', 1, 'users', '[]', '2020-01-10 17:55:54', '2020-01-10 17:55:54'),
(485, 'default', 'updated', 6, 'App\\Models\\Babysitter', 1, 'users', '[]', '2020-01-10 17:56:31', '2020-01-10 17:56:31'),
(486, 'default', 'created', 27, 'pages', 1, 'users', '[]', '2020-01-29 17:26:51', '2020-01-29 17:26:51'),
(487, 'default', 'updated', 27, 'pages', 1, 'users', '[]', '2020-01-29 17:27:04', '2020-01-29 17:27:04'),
(488, 'default', 'updated', 2, 'pages', 2, 'users', '[]', '2020-02-12 15:11:46', '2020-02-12 15:11:46'),
(489, 'default', 'updated', 2, 'pages', 2, 'users', '[]', '2020-02-12 15:12:23', '2020-02-12 15:12:23'),
(490, 'default', 'updated', 2, 'pages', 2, 'users', '[]', '2020-02-12 15:12:31', '2020-02-12 15:12:31'),
(491, 'default', 'updated', 2, 'pages', 2, 'users', '[]', '2020-02-12 15:15:07', '2020-02-12 15:15:07'),
(492, 'default', 'updated', 2, 'pages', 2, 'users', '[]', '2020-02-12 15:15:46', '2020-02-12 15:15:46'),
(493, 'default', 'updated', 2, 'pages', 2, 'users', '[]', '2020-02-12 15:20:07', '2020-02-12 15:20:07'),
(494, 'default', 'updated', 2, 'pages', 2, 'users', '[]', '2020-02-12 15:22:13', '2020-02-12 15:22:13'),
(495, 'default', 'updated', 2, 'pages', 2, 'users', '[]', '2020-02-12 15:22:33', '2020-02-12 15:22:33'),
(496, 'default', 'updated', 2, 'pages', 2, 'users', '[]', '2020-02-12 15:22:59', '2020-02-12 15:22:59'),
(497, 'default', 'updated', 2, 'pages', 2, 'users', '[]', '2020-02-12 15:24:29', '2020-02-12 15:24:29'),
(498, 'default', 'updated', 2, 'pages', 2, 'users', '[]', '2020-02-12 15:26:44', '2020-02-12 15:26:44'),
(499, 'default', 'updated', 2, 'pages', 2, 'users', '[]', '2020-02-12 15:27:50', '2020-02-12 15:27:50'),
(500, 'default', 'updated', 2, 'pages', 2, 'users', '[]', '2020-02-12 15:28:11', '2020-02-12 15:28:11'),
(501, 'default', 'updated', 2, 'pages', 2, 'users', '[]', '2020-02-12 15:29:36', '2020-02-12 15:29:36'),
(502, 'default', 'updated', 2, 'pages', 2, 'users', '[]', '2020-02-12 15:30:08', '2020-02-12 15:30:08'),
(503, 'default', 'updated', 2, 'pages', 2, 'users', '[]', '2020-02-12 15:31:01', '2020-02-12 15:31:01'),
(504, 'default', 'updated', 2, 'pages', 2, 'users', '[]', '2020-02-12 15:31:34', '2020-02-12 15:31:34'),
(505, 'default', 'updated', 2, 'pages', 2, 'users', '[]', '2020-02-12 15:34:12', '2020-02-12 15:34:12'),
(506, 'default', 'updated', 2, 'pages', 2, 'users', '[]', '2020-02-12 15:36:52', '2020-02-12 15:36:52'),
(507, 'default', 'updated', 2, 'pages', 2, 'users', '[]', '2020-02-12 15:37:59', '2020-02-12 15:37:59'),
(508, 'default', 'updated', 2, 'pages', 2, 'users', '[]', '2020-02-12 15:38:25', '2020-02-12 15:38:25'),
(509, 'default', 'published', 9, 'App\\Models\\Babysitter', 1, 'users', '[]', '2020-03-04 01:00:03', '2020-03-04 01:00:03'),
(510, 'default', 'updated', 10, 'App\\Models\\Babysitter', 2, 'users', '[]', '2020-03-04 10:03:43', '2020-03-04 10:03:43'),
(511, 'default', 'created', 2, 'App\\Models\\Post', 2, 'users', '[]', '2020-03-23 14:26:47', '2020-03-23 14:26:47'),
(512, 'default', 'updated', 2, 'App\\Models\\Post', 2, 'users', '[]', '2020-03-23 14:47:26', '2020-03-23 14:47:26'),
(513, 'default', 'updated', 2, 'App\\Models\\Post', 2, 'users', '[]', '2020-03-23 14:48:09', '2020-03-23 14:48:09'),
(514, 'default', 'updated', 2, 'App\\Models\\Post', 2, 'users', '[]', '2020-03-23 14:51:09', '2020-03-23 14:51:09'),
(515, 'default', 'updated', 2, 'App\\Models\\Post', 2, 'users', '[]', '2020-03-23 14:51:31', '2020-03-23 14:51:31'),
(516, 'default', 'updated', 2, 'App\\Models\\Post', 2, 'users', '[]', '2020-03-23 14:52:28', '2020-03-23 14:52:28'),
(517, 'default', 'updated', 2, 'App\\Models\\Post', 2, 'users', '[]', '2020-03-23 14:55:29', '2020-03-23 14:55:29'),
(518, 'default', 'updated', 2, 'App\\Models\\Post', 2, 'users', '[]', '2020-03-23 14:56:44', '2020-03-23 14:56:44'),
(519, 'default', 'updated', 2, 'App\\Models\\Post', 2, 'users', '[]', '2020-03-23 14:57:31', '2020-03-23 14:57:31'),
(520, 'default', 'updated', 2, 'App\\Models\\Post', 2, 'users', '[]', '2020-03-23 14:58:46', '2020-03-23 14:58:46'),
(521, 'default', 'updated', 2, 'App\\Models\\Post', 2, 'users', '[]', '2020-03-23 15:00:38', '2020-03-23 15:00:38'),
(522, 'default', 'updated', 2, 'App\\Models\\Post', 2, 'users', '[]', '2020-03-23 15:03:00', '2020-03-23 15:03:00'),
(523, 'default', 'updated', 2, 'App\\Models\\Post', 2, 'users', '[]', '2020-03-23 15:03:14', '2020-03-23 15:03:14'),
(524, 'default', 'updated', 2, 'App\\Models\\Post', 2, 'users', '[]', '2020-03-23 15:04:46', '2020-03-23 15:04:46'),
(525, 'default', 'updated', 2, 'App\\Models\\Post', 2, 'users', '[]', '2020-03-23 15:18:45', '2020-03-23 15:18:45'),
(526, 'default', 'updated', 2, 'App\\Models\\Post', 2, 'users', '[]', '2020-03-23 15:20:02', '2020-03-23 15:20:02'),
(527, 'default', 'updated', 2, 'App\\Models\\Post', 2, 'users', '[]', '2020-03-23 15:21:28', '2020-03-23 15:21:28'),
(528, 'default', 'updated', 2, 'App\\Models\\Post', 2, 'users', '[]', '2020-03-23 15:24:40', '2020-03-23 15:24:40'),
(529, 'default', 'updated', 2, 'App\\Models\\Post', 2, 'users', '[]', '2020-03-23 15:34:38', '2020-03-23 15:34:38'),
(530, 'default', 'updated', 2, 'App\\Models\\Post', 2, 'users', '[]', '2020-03-23 15:40:41', '2020-03-23 15:40:41'),
(531, 'default', 'updated', 2, 'App\\Models\\Post', 2, 'users', '[]', '2020-03-23 15:45:34', '2020-03-23 15:45:34'),
(532, 'default', 'updated', 2, 'App\\Models\\Post', 2, 'users', '[]', '2020-03-23 15:53:27', '2020-03-23 15:53:27'),
(533, 'default', 'updated', 2, 'App\\Models\\Post', 2, 'users', '[]', '2020-03-23 15:54:14', '2020-03-23 15:54:14'),
(534, 'default', 'updated', 2, 'App\\Models\\Post', 2, 'users', '[]', '2020-03-23 15:55:39', '2020-03-23 15:55:39'),
(535, 'default', 'deleted', 11, 'App\\Models\\Family', 2, 'users', '[]', '2020-06-03 10:23:11', '2020-06-03 10:23:11'),
(536, 'default', 'updated', 9, 'App\\Models\\Babysitter', 1, 'users', '[]', '2020-06-08 19:11:14', '2020-06-08 19:11:14'),
(537, 'default', 'updated', 9, 'App\\Models\\Babysitter', 1, 'users', '[]', '2020-06-08 19:11:22', '2020-06-08 19:11:22'),
(538, 'default', 'updated', 9, 'App\\Models\\Babysitter', 1, 'users', '[]', '2020-06-08 19:12:05', '2020-06-08 19:12:05'),
(539, 'default', 'updated', 9, 'App\\Models\\Babysitter', 1, 'users', '[]', '2020-06-08 19:12:13', '2020-06-08 19:12:13'),
(540, 'default', 'updated', 9, 'App\\Models\\Babysitter', 1, 'users', '[]', '2020-06-08 19:12:42', '2020-06-08 19:12:42'),
(541, 'default', 'updated', 9, 'App\\Models\\Babysitter', 1, 'users', '[]', '2020-06-08 19:12:52', '2020-06-08 19:12:52'),
(542, 'default', 'created', 21, 'App\\Models\\Babysitter', 1, 'users', '[]', '2020-06-08 19:13:11', '2020-06-08 19:13:11'),
(543, 'default', 'updated', 21, 'App\\Models\\Babysitter', 1, 'users', '[]', '2020-06-08 19:13:25', '2020-06-08 19:13:25'),
(544, 'default', 'updated', 21, 'App\\Models\\Babysitter', 1, 'users', '[]', '2020-06-08 19:13:43', '2020-06-08 19:13:43'),
(545, 'default', 'updated', 9, 'App\\Models\\Babysitter', 1, 'users', '[]', '2020-06-08 19:14:33', '2020-06-08 19:14:33'),
(546, 'default', 'updated', 9, 'App\\Models\\Babysitter', 1, 'users', '[]', '2020-06-08 19:14:39', '2020-06-08 19:14:39'),
(547, 'default', 'deleted', 9, 'files', 1, 'users', '[]', '2020-06-08 20:55:50', '2020-06-08 20:55:50'),
(548, 'default', 'updated', 2, 'App\\Models\\Babysitter', 1, 'users', '[]', '2020-06-08 21:00:54', '2020-06-08 21:00:54'),
(549, 'default', 'created', 22, 'App\\Models\\Babysitter', 2, 'users', '[]', '2020-06-11 11:08:09', '2020-06-11 11:08:09'),
(550, 'default', 'updated', 22, 'App\\Models\\Babysitter', 2, 'users', '[]', '2020-06-11 11:13:18', '2020-06-11 11:13:18'),
(551, 'default', 'updated', 22, 'App\\Models\\Babysitter', 2, 'users', '[]', '2020-06-11 11:18:33', '2020-06-11 11:18:33'),
(552, 'default', 'updated', 22, 'App\\Models\\Babysitter', 2, 'users', '[]', '2020-06-11 11:22:07', '2020-06-11 11:22:07'),
(553, 'default', 'updated', 22, 'App\\Models\\Babysitter', 2, 'users', '[]', '2020-06-11 11:33:00', '2020-06-11 11:33:00'),
(554, 'default', 'created', 3, 'App\\Models\\Post', 2, 'users', '[]', '2020-06-16 15:20:09', '2020-06-16 15:20:09'),
(555, 'default', 'updated', 3, 'App\\Models\\Post', 2, 'users', '[]', '2020-06-16 15:28:51', '2020-06-16 15:28:51'),
(556, 'default', 'updated', 3, 'App\\Models\\Post', 2, 'users', '[]', '2020-06-16 15:32:13', '2020-06-16 15:32:13'),
(557, 'default', 'updated', 3, 'App\\Models\\Post', 2, 'users', '[]', '2020-06-16 15:32:15', '2020-06-16 15:32:15'),
(558, 'default', 'updated', 3, 'App\\Models\\Post', 2, 'users', '[]', '2020-06-16 15:32:19', '2020-06-16 15:32:19'),
(559, 'default', 'updated', 3, 'App\\Models\\Post', 2, 'users', '[]', '2020-06-16 15:35:26', '2020-06-16 15:35:26'),
(560, 'default', 'updated', 3, 'App\\Models\\Post', 2, 'users', '[]', '2020-06-16 15:36:50', '2020-06-16 15:36:50'),
(561, 'default', 'updated', 3, 'App\\Models\\Post', 2, 'users', '[]', '2020-06-16 15:38:08', '2020-06-16 15:38:08'),
(562, 'default', 'updated', 3, 'App\\Models\\Post', 2, 'users', '[]', '2020-06-16 15:38:38', '2020-06-16 15:38:38'),
(563, 'default', 'updated', 3, 'App\\Models\\Post', 2, 'users', '[]', '2020-06-16 15:39:03', '2020-06-16 15:39:03'),
(564, 'default', 'updated', 3, 'App\\Models\\Post', 2, 'users', '[]', '2020-06-16 15:40:51', '2020-06-16 15:40:51'),
(565, 'default', 'updated', 3, 'App\\Models\\Post', 2, 'users', '[]', '2020-06-16 15:42:39', '2020-06-16 15:42:39'),
(566, 'default', 'updated', 3, 'App\\Models\\Post', 2, 'users', '[]', '2020-06-16 15:45:42', '2020-06-16 15:45:42'),
(567, 'default', 'updated', 3, 'App\\Models\\Post', 2, 'users', '[]', '2020-06-16 15:46:39', '2020-06-16 15:46:39'),
(568, 'default', 'updated', 3, 'App\\Models\\Post', 2, 'users', '[]', '2020-06-16 15:48:59', '2020-06-16 15:48:59'),
(569, 'default', 'updated', 3, 'App\\Models\\Post', 2, 'users', '[]', '2020-06-16 15:49:11', '2020-06-16 15:49:11'),
(570, 'default', 'updated', 3, 'App\\Models\\Post', 2, 'users', '[]', '2020-06-16 15:49:32', '2020-06-16 15:49:32'),
(571, 'default', 'updated', 2, 'App\\Models\\BookingInvoice', 1, 'users', '[]', '2020-06-29 17:26:49', '2020-06-29 17:26:49'),
(572, 'default', 'updated', 2, 'App\\Models\\BookingInvoice', 1, 'users', '[]', '2020-06-29 17:35:15', '2020-06-29 17:35:15'),
(573, 'default', 'updated', 2, 'App\\Models\\Babysitter', 1, 'users', '[]', '2020-07-17 14:12:37', '2020-07-17 14:12:37'),
(574, 'default', 'updated', 2, 'App\\Models\\Babysitter', 1, 'users', '[]', '2020-07-17 14:20:22', '2020-07-17 14:20:22'),
(575, 'default', 'updated', 2, 'App\\Models\\Babysitter', 1, 'users', '[]', '2020-07-17 14:22:02', '2020-07-17 14:22:02'),
(576, 'default', 'updated', 21, 'pages', 1, 'users', '[]', '2020-09-23 17:07:54', '2020-09-23 17:07:54'),
(577, 'default', 'updated', 21, 'pages', 1, 'users', '[]', '2020-09-23 17:08:14', '2020-09-23 17:08:14'),
(578, 'default', 'updated', 21, 'pages', 1, 'users', '[]', '2020-09-23 17:08:54', '2020-09-23 17:08:54'),
(579, 'default', 'updated', 21, 'pages', 1, 'users', '[]', '2020-09-23 17:09:01', '2020-09-23 17:09:01'),
(580, 'default', 'updated', 21, 'pages', 1, 'users', '[]', '2020-09-23 17:09:15', '2020-09-23 17:09:15'),
(581, 'default', 'updated', 21, 'pages', 1, 'users', '[]', '2020-09-23 17:09:58', '2020-09-23 17:09:58'),
(582, 'default', 'updated', 21, 'pages', 1, 'users', '[]', '2020-09-23 17:10:25', '2020-09-23 17:10:25'),
(583, 'default', 'updated', 21, 'pages', 1, 'users', '[]', '2020-09-23 17:10:29', '2020-09-23 17:10:29'),
(584, 'default', 'updated', 21, 'pages', 1, 'users', '[]', '2020-09-23 17:10:41', '2020-09-23 17:10:41'),
(585, 'default', 'updated', 21, 'pages', 1, 'users', '[]', '2020-09-23 17:16:12', '2020-09-23 17:16:12'),
(586, 'default', 'updated', 21, 'pages', 1, 'users', '[]', '2020-09-23 17:16:41', '2020-09-23 17:16:41'),
(587, 'default', 'updated', 21, 'pages', 1, 'users', '[]', '2020-09-23 17:16:59', '2020-09-23 17:16:59'),
(588, 'default', 'updated', 21, 'pages', 1, 'users', '[]', '2020-09-23 17:17:13', '2020-09-23 17:17:13'),
(589, 'default', 'updated', 21, 'pages', 1, 'users', '[]', '2020-09-23 17:17:29', '2020-09-23 17:17:29'),
(590, 'default', 'updated', 21, 'pages', 1, 'users', '[]', '2020-09-23 17:17:50', '2020-09-23 17:17:50'),
(591, 'default', 'updated', 2, 'pages', 1, 'users', '[]', '2020-10-06 19:13:52', '2020-10-06 19:13:52'),
(592, 'default', 'updated', 2, 'pages', 1, 'users', '[]', '2020-10-06 19:14:35', '2020-10-06 19:14:35'),
(593, 'default', 'updated', 2, 'pages', 1, 'users', '[]', '2020-10-06 19:15:59', '2020-10-06 19:15:59'),
(594, 'default', 'updated', 2, 'pages', 1, 'users', '[]', '2020-10-06 19:16:31', '2020-10-06 19:16:31'),
(595, 'default', 'updated', 9, 'App\\Models\\Babysitter', 1, 'users', '[]', '2020-10-06 19:18:41', '2020-10-06 19:18:41'),
(596, 'default', 'updated', 10, 'App\\Models\\Babysitter', 1, 'users', '[]', '2020-10-06 19:19:08', '2020-10-06 19:19:08'),
(597, 'default', 'updated', 6, 'App\\Models\\Babysitter', 1, 'users', '[]', '2020-10-06 19:19:38', '2020-10-06 19:19:38'),
(598, 'default', 'updated', 22, 'App\\Models\\Babysitter', 2, 'users', '[]', '2021-01-05 18:55:42', '2021-01-05 18:55:42'),
(599, 'default', 'updated', 22, 'App\\Models\\Babysitter', 2, 'users', '[]', '2021-01-05 18:56:52', '2021-01-05 18:56:52'),
(600, 'default', 'updated', 23, 'App\\Models\\Babysitter', 2, 'users', '[]', '2021-01-28 11:30:33', '2021-01-28 11:30:33'),
(601, 'default', 'updated', 23, 'App\\Models\\Babysitter', 2, 'users', '[]', '2021-01-29 11:38:37', '2021-01-29 11:38:37'),
(602, 'default', 'updated', 24, 'App\\Models\\Family', 2, 'users', '[]', '2021-01-29 11:44:42', '2021-01-29 11:44:42'),
(603, 'default', 'updated', 24, 'App\\Models\\Family', 2, 'users', '[]', '2021-01-29 11:44:47', '2021-01-29 11:44:47'),
(604, 'default', 'updated', 3, 'App\\Models\\BookingInvoice', 2, 'users', '[]', '2021-01-29 11:56:09', '2021-01-29 11:56:09'),
(605, 'default', 'updated', 24, 'App\\Models\\Family', 2, 'users', '[]', '2021-01-29 12:01:10', '2021-01-29 12:01:10'),
(606, 'default', 'updated', 23, 'App\\Models\\Babysitter', 2, 'users', '[]', '2021-01-29 12:02:07', '2021-01-29 12:02:07'),
(607, 'default', 'updated', 5, 'App\\Models\\BookingInvoice', 2, 'users', '[]', '2021-01-29 12:13:05', '2021-01-29 12:13:05'),
(608, 'default', 'updated', 23, 'App\\Models\\Babysitter', 2, 'users', '[]', '2021-01-29 12:25:28', '2021-01-29 12:25:28'),
(609, 'default', 'updated', 6, 'App\\Models\\BookingInvoice', 2, 'users', '[]', '2021-01-29 12:28:06', '2021-01-29 12:28:06'),
(610, 'default', 'updated', 23, 'App\\Models\\Babysitter', 2, 'users', '[]', '2021-01-29 12:36:26', '2021-01-29 12:36:26'),
(611, 'default', 'updated', 4, 'pages', 1, 'users', '[]', '2021-02-08 19:30:47', '2021-02-08 19:30:47'),
(612, 'default', 'updated', 4, 'pages', 1, 'users', '[]', '2021-02-08 19:31:00', '2021-02-08 19:31:00'),
(613, 'default', 'updated', 4, 'pages', 1, 'users', '[]', '2021-02-08 19:33:14', '2021-02-08 19:33:14'),
(614, 'default', 'updated', 4, 'pages', 1, 'users', '[]', '2021-02-08 19:33:36', '2021-02-08 19:33:36'),
(615, 'default', 'updated', 4, 'pages', 1, 'users', '[]', '2021-02-08 20:14:30', '2021-02-08 20:14:30'),
(616, 'default', 'updated', 9, 'App\\Models\\Babysitter', 1, 'users', '[]', '2021-05-02 17:15:37', '2021-05-02 17:15:37'),
(617, 'default', 'published', 7, 'App\\Models\\Babysitter', 1, 'users', '[]', '2021-05-02 17:15:49', '2021-05-02 17:15:49'),
(618, 'default', 'unpublished', 7, 'App\\Models\\Babysitter', 1, 'users', '[]', '2021-05-02 17:51:24', '2021-05-02 17:51:24'),
(619, 'default', 'published', 7, 'App\\Models\\Babysitter', 1, 'users', '[]', '2021-05-02 18:04:20', '2021-05-02 18:04:20'),
(620, 'default', 'updated', 4, 'pages', 1, 'users', '[]', '2021-09-02 19:40:18', '2021-09-02 19:40:18'),
(621, 'default', 'updated', 4, 'pages', 1, 'users', '[]', '2021-09-02 19:40:36', '2021-09-02 19:40:36'),
(622, 'default', 'updated', 16, 'pages', 2, 'users', '[]', '2021-10-21 20:51:12', '2021-10-21 20:51:12'),
(623, 'default', 'unpublished', 7, 'App\\Models\\Babysitter', 1, 'users', '[]', '2021-11-16 20:49:11', '2021-11-16 20:49:11'),
(624, 'default', 'updated', 33, 'App\\Models\\Babysitter', 2, 'users', '[]', '2021-11-20 14:36:05', '2021-11-20 14:36:05'),
(625, 'default', 'updated', 33, 'App\\Models\\Babysitter', 2, 'users', '[]', '2021-11-20 14:36:30', '2021-11-20 14:36:30'),
(626, 'default', 'updated', 33, 'App\\Models\\Babysitter', 2, 'users', '[]', '2021-11-20 14:37:19', '2021-11-20 14:37:19'),
(627, 'default', 'updated', 33, 'App\\Models\\Babysitter', 2, 'users', '[]', '2021-11-20 14:37:42', '2021-11-20 14:37:42'),
(628, 'default', 'updated', 33, 'App\\Models\\Babysitter', 2, 'users', '[]', '2021-11-20 14:37:52', '2021-11-20 14:37:52'),
(629, 'default', 'updated', 33, 'App\\Models\\Babysitter', 2, 'users', '[]', '2021-11-20 14:43:36', '2021-11-20 14:43:36'),
(630, 'default', 'updated', 34, 'App\\Models\\Family', 2, 'users', '[]', '2021-11-20 15:20:31', '2021-11-20 15:20:31'),
(631, 'default', 'updated', 9, 'App\\Models\\Babysitter', 2, 'users', '[]', '2021-12-30 14:52:48', '2021-12-30 14:52:48'),
(632, 'default', 'updated', 9, 'App\\Models\\Babysitter', 2, 'users', '[]', '2021-12-30 15:01:50', '2021-12-30 15:01:50'),
(633, 'default', 'updated', 33, 'App\\Models\\Babysitter', 2, 'users', '[]', '2022-01-20 17:24:11', '2022-01-20 17:24:11'),
(634, 'default', 'updated', 7, 'App\\Models\\BookingInvoice', 2, 'users', '[]', '2022-01-20 17:57:01', '2022-01-20 17:57:01'),
(635, 'default', 'deleted', 7, 'App\\Models\\BookingInvoice', 2, 'users', '[]', '2022-01-20 17:57:11', '2022-01-20 17:57:11'),
(636, 'default', 'deleted', 4, 'App\\Models\\BookingInvoice', 2, 'users', '[]', '2022-01-20 17:57:27', '2022-01-20 17:57:27'),
(637, 'default', 'updated', 9, 'App\\Models\\Booking', 2, 'users', '[]', '2022-01-20 17:58:58', '2022-01-20 17:58:58'),
(638, 'default', 'created', 2, 'App\\Models\\BabysitterReview', 2, 'users', '[]', '2022-01-26 21:06:36', '2022-01-26 21:06:36'),
(639, 'default', 'updated', 36, 'App\\Models\\Babysitter', 2, 'users', '[]', '2022-01-26 21:07:22', '2022-01-26 21:07:22'),
(640, 'default', 'updated', 36, 'App\\Models\\Babysitter', 2, 'users', '[]', '2022-01-26 21:08:05', '2022-01-26 21:08:05'),
(641, 'default', 'updated', 37, 'App\\Models\\Babysitter', 2, 'users', '[]', '2022-01-26 21:49:58', '2022-01-26 21:49:58'),
(642, 'default', 'updated', 3, 'App\\Models\\Slideshow', 2, 'users', '[]', '2022-01-29 20:35:03', '2022-01-29 20:35:03'),
(643, 'default', 'updated', 3, 'App\\Models\\Slideshow', 2, 'users', '[]', '2022-01-29 20:36:04', '2022-01-29 20:36:04'),
(644, 'default', 'updated', 3, 'App\\Models\\Slideshow', 2, 'users', '[]', '2022-01-29 20:37:34', '2022-01-29 20:37:34'),
(645, 'default', 'updated', 3, 'App\\Models\\Slideshow', 2, 'users', '[]', '2022-01-29 20:38:51', '2022-01-29 20:38:51'),
(646, 'default', 'updated', 3, 'App\\Models\\Slideshow', 2, 'users', '[]', '2022-01-29 20:43:08', '2022-01-29 20:43:08'),
(647, 'default', 'updated', 3, 'App\\Models\\Slideshow', 2, 'users', '[]', '2022-01-29 20:45:47', '2022-01-29 20:45:47'),
(648, 'default', 'updated', 1, 'App\\Models\\Slideshow', 2, 'users', '[]', '2022-01-29 20:47:48', '2022-01-29 20:47:48'),
(649, 'default', 'updated', 1, 'App\\Models\\Slideshow', 2, 'users', '[]', '2022-01-29 20:51:13', '2022-01-29 20:51:13'),
(650, 'default', 'updated', 1, 'App\\Models\\Slideshow', 2, 'users', '[]', '2022-01-29 20:52:04', '2022-01-29 20:52:04'),
(651, 'default', 'updated', 2, 'pages', 2, 'users', '[]', '2022-01-29 21:00:47', '2022-01-29 21:00:47'),
(652, 'default', 'updated', 2, 'pages', 2, 'users', '[]', '2022-01-29 21:01:57', '2022-01-29 21:01:57'),
(653, 'default', 'updated', 2, 'pages', 2, 'users', '[]', '2022-01-29 21:04:16', '2022-01-29 21:04:16'),
(654, 'default', 'updated', 2, 'pages', 2, 'users', '[]', '2022-01-29 21:06:11', '2022-01-29 21:06:11'),
(655, 'default', 'updated', 2, 'pages', 2, 'users', '[]', '2022-01-29 21:07:17', '2022-01-29 21:07:17'),
(656, 'default', 'updated', 36, 'App\\Models\\Babysitter', 2, 'users', '[]', '2022-01-29 21:10:25', '2022-01-29 21:10:25'),
(657, 'default', 'updated', 36, 'App\\Models\\Babysitter', 2, 'users', '[]', '2022-01-29 21:11:08', '2022-01-29 21:11:08'),
(658, 'default', 'updated', 37, 'App\\Models\\Babysitter', 2, 'users', '[]', '2022-01-29 21:12:00', '2022-01-29 21:12:00'),
(659, 'default', 'updated', 37, 'App\\Models\\Babysitter', 2, 'users', '[]', '2022-01-29 21:12:38', '2022-01-29 21:12:38'),
(660, 'default', 'updated', 9, 'App\\Models\\Babysitter', 2, 'users', '[]', '2022-01-29 21:14:31', '2022-01-29 21:14:31'),
(661, 'default', 'updated', 9, 'App\\Models\\Babysitter', 2, 'users', '[]', '2022-01-29 21:15:28', '2022-01-29 21:15:28'),
(662, 'default', 'updated', 33, 'App\\Models\\Babysitter', 2, 'users', '[]', '2022-01-29 21:16:12', '2022-01-29 21:16:12'),
(663, 'default', 'updated', 38, 'App\\Models\\Babysitter', 2, 'users', '[]', '2022-02-06 22:05:02', '2022-02-06 22:05:02'),
(664, 'default', 'updated', 38, 'App\\Models\\Babysitter', 2, 'users', '[]', '2022-02-06 22:05:10', '2022-02-06 22:05:10'),
(665, 'default', 'updated', 35, 'App\\Models\\Babysitter', 2, 'users', '[]', '2022-02-06 22:05:44', '2022-02-06 22:05:44'),
(666, 'default', 'updated', 42, 'App\\Models\\Babysitter', 2, 'users', '[]', '2022-02-21 11:02:11', '2022-02-21 11:02:11'),
(667, 'default', 'created', 3, 'users', 2, 'users', '[]', '2022-02-21 11:15:11', '2022-02-21 11:15:11'),
(668, 'default', 'created', 3, 'App\\Models\\BabysitterReview', 2, 'users', '[]', '2022-02-21 11:52:27', '2022-02-21 11:52:27'),
(669, 'default', 'updated', 3, 'App\\Models\\BabysitterReview', 2, 'users', '[]', '2022-02-21 11:53:52', '2022-02-21 11:53:52'),
(670, 'default', 'updated', 3, 'App\\Models\\BabysitterReview', 2, 'users', '[]', '2022-02-21 11:55:39', '2022-02-21 11:55:39'),
(671, 'default', 'updated', 3, 'App\\Models\\BabysitterReview', 2, 'users', '[]', '2022-02-21 11:58:07', '2022-02-21 11:58:07'),
(672, 'default', 'updated', 3, 'App\\Models\\BabysitterReview', 2, 'users', '[]', '2022-02-21 12:01:34', '2022-02-21 12:01:34'),
(673, 'default', 'updated', 55, 'App\\Models\\Babysitter', 3, 'users', '[]', '2022-02-22 08:17:35', '2022-02-22 08:17:35'),
(674, 'default', 'updated', 54, 'App\\Models\\Babysitter', 3, 'users', '[]', '2022-02-22 08:18:07', '2022-02-22 08:18:07'),
(675, 'default', 'updated', 55, 'App\\Models\\Babysitter', 3, 'users', '[]', '2022-02-22 08:18:24', '2022-02-22 08:18:24'),
(676, 'default', 'updated', 55, 'App\\Models\\Babysitter', 3, 'users', '[]', '2022-02-22 08:19:18', '2022-02-22 08:19:18'),
(677, 'default', 'updated', 54, 'App\\Models\\Babysitter', 3, 'users', '[]', '2022-02-22 08:20:05', '2022-02-22 08:20:05'),
(678, 'default', 'updated', 55, 'App\\Models\\Babysitter', 3, 'users', '[]', '2022-02-22 08:20:29', '2022-02-22 08:20:29'),
(679, 'default', 'updated', 54, 'App\\Models\\Babysitter', 3, 'users', '[]', '2022-02-22 08:20:45', '2022-02-22 08:20:45'),
(680, 'default', 'updated', 55, 'App\\Models\\Babysitter', 3, 'users', '[]', '2022-02-22 08:23:53', '2022-02-22 08:23:53'),
(681, 'default', 'updated', 54, 'App\\Models\\Babysitter', 3, 'users', '[]', '2022-02-22 08:24:08', '2022-02-22 08:24:08'),
(682, 'default', 'updated', 53, 'App\\Models\\Babysitter', 3, 'users', '[]', '2022-02-22 08:38:28', '2022-02-22 08:38:28'),
(683, 'default', 'updated', 52, 'App\\Models\\Babysitter', 3, 'users', '[]', '2022-02-22 08:47:09', '2022-02-22 08:47:09'),
(684, 'default', 'updated', 55, 'App\\Models\\Babysitter', 3, 'users', '[]', '2022-02-22 08:47:35', '2022-02-22 08:47:35'),
(685, 'default', 'updated', 55, 'App\\Models\\Babysitter', 3, 'users', '[]', '2022-02-22 08:48:26', '2022-02-22 08:48:26'),
(686, 'default', 'updated', 51, 'App\\Models\\Babysitter', 3, 'users', '[]', '2022-02-22 08:48:48', '2022-02-22 08:48:48'),
(687, 'default', 'updated', 51, 'App\\Models\\Babysitter', 3, 'users', '[]', '2022-02-22 08:49:06', '2022-02-22 08:49:06'),
(688, 'default', 'updated', 50, 'App\\Models\\Babysitter', 3, 'users', '[]', '2022-02-22 08:49:32', '2022-02-22 08:49:32'),
(689, 'default', 'updated', 49, 'App\\Models\\Babysitter', 3, 'users', '[]', '2022-02-22 08:50:07', '2022-02-22 08:50:07'),
(690, 'default', 'updated', 37, 'App\\Models\\Babysitter', 3, 'users', '[]', '2022-02-22 08:51:41', '2022-02-22 08:51:41'),
(691, 'default', 'updated', 42, 'App\\Models\\Babysitter', 3, 'users', '[]', '2022-02-22 10:15:12', '2022-02-22 10:15:12'),
(692, 'default', 'updated', 42, 'App\\Models\\Babysitter', 3, 'users', '[]', '2022-02-22 10:26:06', '2022-02-22 10:26:06'),
(693, 'default', 'updated', 56, 'App\\Models\\Babysitter', 3, 'users', '[]', '2022-02-22 10:26:43', '2022-02-22 10:26:43'),
(694, 'default', 'updated', 57, 'App\\Models\\Babysitter', 3, 'users', '[]', '2022-02-22 10:27:44', '2022-02-22 10:27:44'),
(695, 'default', 'updated', 57, 'App\\Models\\Babysitter', 3, 'users', '[]', '2022-02-22 10:28:28', '2022-02-22 10:28:28'),
(696, 'default', 'updated', 49, 'App\\Models\\Babysitter', 3, 'users', '[]', '2022-02-22 11:04:05', '2022-02-22 11:04:05'),
(697, 'default', 'updated', 49, 'App\\Models\\Babysitter', 3, 'users', '[]', '2022-02-22 11:10:41', '2022-02-22 11:10:41'),
(698, 'default', 'updated', 57, 'App\\Models\\Babysitter', 3, 'users', '[]', '2022-02-22 11:18:51', '2022-02-22 11:18:51'),
(699, 'default', 'updated', 55, 'App\\Models\\Babysitter', 3, 'users', '[]', '2022-02-22 11:22:20', '2022-02-22 11:22:20'),
(700, 'default', 'updated', 56, 'App\\Models\\Babysitter', 3, 'users', '[]', '2022-02-22 11:24:18', '2022-02-22 11:24:18'),
(701, 'default', 'updated', 54, 'App\\Models\\Babysitter', 3, 'users', '[]', '2022-02-22 11:30:06', '2022-02-22 11:30:06'),
(702, 'default', 'updated', 50, 'App\\Models\\Babysitter', 3, 'users', '[]', '2022-02-22 11:36:00', '2022-02-22 11:36:00'),
(703, 'default', 'updated', 37, 'App\\Models\\Babysitter', 3, 'users', '[]', '2022-02-22 11:43:32', '2022-02-22 11:43:32'),
(704, 'default', 'updated', 52, 'App\\Models\\Babysitter', 3, 'users', '[]', '2022-02-22 14:17:29', '2022-02-22 14:17:29'),
(705, 'default', 'updated', 62, 'App\\Models\\Babysitter', 3, 'users', '[]', '2022-02-22 14:50:00', '2022-02-22 14:50:00'),
(706, 'default', 'updated', 62, 'App\\Models\\Babysitter', 3, 'users', '[]', '2022-02-22 14:50:17', '2022-02-22 14:50:17'),
(707, 'default', 'updated', 62, 'App\\Models\\Babysitter', 3, 'users', '[]', '2022-02-22 14:53:13', '2022-02-22 14:53:13'),
(708, 'default', 'updated', 55, 'App\\Models\\Babysitter', 3, 'users', '[]', '2022-02-22 15:51:23', '2022-02-22 15:51:23'),
(709, 'default', 'updated', 55, 'App\\Models\\Babysitter', 3, 'users', '[]', '2022-02-22 17:16:22', '2022-02-22 17:16:22'),
(710, 'default', 'updated', 63, 'App\\Models\\Babysitter', 3, 'users', '[]', '2022-02-23 08:45:38', '2022-02-23 08:45:38'),
(711, 'default', 'updated', 63, 'App\\Models\\Babysitter', 2, 'users', '[]', '2022-02-23 09:16:32', '2022-02-23 09:16:32'),
(712, 'default', 'updated', 63, 'App\\Models\\Babysitter', 3, 'users', '[]', '2022-02-23 09:20:51', '2022-02-23 09:20:51'),
(713, 'default', 'updated', 63, 'App\\Models\\Babysitter', 3, 'users', '[]', '2022-02-23 09:57:41', '2022-02-23 09:57:41'),
(714, 'default', 'updated', 53, 'App\\Models\\Babysitter', 3, 'users', '[]', '2022-02-23 10:08:30', '2022-02-23 10:08:30');

-- --------------------------------------------------------

--
-- Table structure for table `babysitters`
--

CREATE TABLE `babysitters` (
  `id` int(10) UNSIGNED NOT NULL,
  `join_reason_text` text COLLATE utf8_unicode_ci,
  `experience_years` int(11) DEFAULT NULL,
  `experience_age_groups` text COLLATE utf8_unicode_ci,
  `interview_date` datetime DEFAULT NULL,
  `first_aid_passed` date DEFAULT NULL,
  `first_aid_expiry` date DEFAULT NULL,
  `criminal_record_check_expiry` date DEFAULT NULL,
  `jobs_babysitter` tinyint(1) NOT NULL DEFAULT '0',
  `jobs_holiday_nanny` tinyint(1) NOT NULL DEFAULT '0',
  `holiday_nanny_travel_countries` text COLLATE utf8_unicode_ci,
  `profile_content` longtext COLLATE utf8_unicode_ci,
  `created_at` timestamp NULL DEFAULT NULL,
  `updated_at` timestamp NULL DEFAULT NULL,
  `deleted_at` timestamp NULL DEFAULT NULL,
  `published` tinyint(1) NOT NULL DEFAULT '0',
  `found_source` text COLLATE utf8_unicode_ci,
  `join_reasons` text COLLATE utf8_unicode_ci,
  `profile_background` varchar(191) COLLATE utf8_unicode_ci DEFAULT NULL,
  `interview_time` time DEFAULT NULL,
  `reg_step_1_completed` tinyint(1) NOT NULL DEFAULT '0',
  `reg_step_2_completed` tinyint(1) NOT NULL DEFAULT '0',
  `reg_step_3_completed` tinyint(1) NOT NULL DEFAULT '0',
  `reg_step_4_completed` tinyint(1) NOT NULL DEFAULT '0',
  `reg_form_submitted` tinyint(1) NOT NULL DEFAULT '0',
  `has_valid_qualifications` tinyint(1) NOT NULL DEFAULT '0',
  `has_valid_id` tinyint(1) NOT NULL DEFAULT '0',
  `has_valid_references` tinyint(1) NOT NULL DEFAULT '0',
  `interview_successful` tinyint(1) NOT NULL DEFAULT '0',
  `video_url` varchar(191) COLLATE utf8_unicode_ci DEFAULT NULL
) ENGINE=InnoDB DEFAULT CHARSET=utf8 COLLATE=utf8_unicode_ci;

--
-- Dumping data for table `babysitters`
--

INSERT INTO `babysitters` (`id`, `join_reason_text`, `experience_years`, `experience_age_groups`, `interview_date`, `first_aid_passed`, `first_aid_expiry`, `criminal_record_check_expiry`, `jobs_babysitter`, `jobs_holiday_nanny`, `holiday_nanny_travel_countries`, `profile_content`, `created_at`, `updated_at`, `deleted_at`, `published`, `found_source`, `join_reasons`, `profile_background`, `interview_time`, `reg_step_1_completed`, `reg_step_2_completed`, `reg_step_3_completed`, `reg_step_4_completed`, `reg_form_submitted`, `has_valid_qualifications`, `has_valid_id`, `has_valid_references`, `interview_successful`, `video_url`) VALUES
(9, 'test', 5, NULL, '2020-03-13 00:00:00', NULL, NULL, NULL, 1, 1, NULL, 'dewgdjwg', '2020-03-04 00:48:54', '2022-01-29 21:15:28', NULL, 1, 'search_engine', NULL, '7.jpg', '08:00:00', 1, 1, 1, 1, 1, 1, 1, 1, 1, 'https://www.youtube.com/watch?v=e-Og20cYMv0'),
(21, NULL, NULL, NULL, '2020-06-08 00:00:00', NULL, NULL, NULL, 0, 0, NULL, NULL, '2020-06-08 19:13:11', '2020-06-08 19:13:42', NULL, 0, NULL, NULL, NULL, NULL, 0, 0, 0, 0, 0, 0, 0, 0, 0, NULL),
(33, 'I love children and have worked with them since leaving school. I now have 10 years of childcare experience including raising my own children who are now ages 3 and 5.\r\nFor me childcare is the best job in the world as children are out future and there is nothing more fulfilling for me than spending time with them.', 5, NULL, '2021-11-22 00:00:00', '2021-11-02', '2022-11-18', '2023-01-11', 1, 1, NULL, 'Reliable and with a strong motivation to grow professionally in the education sector, she knows how to take care of tasks\nassigned with commitment and resoluteness, always acting in compliance with the feedback and recommendations of colleagues\nand above with a view to continuous improvement of the service. Excellent communication skills and professional\nmany years of experience in the management of girls ensuring impeccable organization, respect for lines\nleadership and executive efficiency.', '2021-11-20 14:25:54', '2022-01-29 21:16:12', NULL, 1, 'search_engine', NULL, '4.jpg', '15:00:00', 1, 1, 1, 1, 1, 1, 1, 1, 1, 'https://www.youtube.com/watch?v=-wwgYe_zlGY&t=29s'),
(35, NULL, NULL, NULL, NULL, NULL, NULL, NULL, 0, 0, NULL, NULL, '2022-01-13 16:43:58', '2022-02-06 22:05:44', NULL, 1, NULL, NULL, NULL, NULL, 0, 0, 0, 0, 0, 1, 1, 1, 1, NULL),
(36, 'I  love children and always cared for them', 11, NULL, '2022-01-26 00:00:00', NULL, NULL, NULL, 1, 1, NULL, NULL, '2022-01-25 10:16:07', '2022-01-29 21:11:08', NULL, 1, 'search_engine', NULL, NULL, '12:00:00', 1, 1, 1, 1, 1, 1, 1, 1, 1, NULL),
(37, 'I have worked in childcare for 20 years since finishing school. I have always loved children and feel fulfilled looking after them and helping them to develop.', 3, NULL, '2022-01-27 00:00:00', NULL, NULL, '2022-08-12', 1, 1, NULL, NULL, '2022-01-26 21:38:36', '2022-02-22 11:43:32', NULL, 1, 'search_engine', NULL, '6.jpg', '15:30:00', 1, 1, 1, 1, 1, 1, 1, 1, 1, NULL),
(38, 'Because I give them my 100% undivided attention. Furthermore,  It is my mission to make your kids feel safe, secure, and loved at all times while I am there.', 0, NULL, '2022-02-09 00:00:00', NULL, NULL, NULL, 1, 1, NULL, NULL, '2022-02-06 21:59:26', '2022-02-06 22:34:17', NULL, 1, 'social_media', NULL, NULL, '11:30:00', 1, 1, 1, 1, 1, 1, 1, 1, 1, NULL),
(39, NULL, NULL, NULL, NULL, NULL, NULL, NULL, 0, 0, NULL, NULL, '2022-02-07 12:10:18', '2022-02-07 12:10:18', NULL, 0, NULL, NULL, NULL, NULL, 0, 0, 0, 0, 0, 0, 0, 0, 0, NULL),
(40, 'I\'ve been babysitting since my early university years and I think, by now, I know which qualities are usually requested in a nanny, especially by Italian moms; it\'s very important for nanny to be creative, patient and kind, but most importantly the kid needs to feel safe around them. I can say by now that I consider myself a good fit for this profile, especially after my babysitting experience with the age range from 3 to 10. I\'m currently working as an English teacher for kids as well, and I would love to use English as the main language while I\'m babysitting, as I know how important it is for Italian parents that they start learning English from a very young age. \r\nI know a lot of games that include drawings, flashcards or a ball, while I\'m not a fan of too much screen time. If your kids are around 10 or eleven I would love to help them with their homework as well, as I\'ve been tutoring for a few years in almost every subject.\r\n\r\nIf you\'re interested and would like to have further details, don\'t hesitate to contact me. I can\'t wait to meet you guys and your little ones!', 3, NULL, '2022-02-10 00:00:00', NULL, NULL, NULL, 0, 0, NULL, NULL, '2022-02-09 12:59:05', '2022-02-09 13:19:39', NULL, 0, 'search_engine', NULL, NULL, '15:00:00', 1, 1, 1, 1, 1, 0, 0, 0, 0, NULL),
(41, NULL, NULL, NULL, NULL, NULL, NULL, NULL, 0, 0, NULL, NULL, '2022-02-09 18:41:31', '2022-02-09 18:41:31', NULL, 0, NULL, NULL, NULL, NULL, 0, 0, 0, 0, 0, 0, 0, 0, 0, NULL),
(42, 'I am a bubbly, organised, reliable and hard-working Early Years Teacher, with many years of experience within Childcare and Education.\r\nI am Spanish native, however I have studied and worked in England since 2014, where I gained my NVQ Level 3 Early Years Education Diploma.\r\nI am skilled at developing new ways to encourage children, while challenging and inspiring them to deepen their knowledge and understanding.\r\nI am a natural helper with a good sense of humour and I welcome new environments with enthusiasm and positivity.', 11, NULL, '2022-02-21 00:00:00', NULL, NULL, NULL, 1, 1, NULL, 'I am a bubbly, organised, reliable and hard-working Early Years Teacher, with many years of experience within Childcare and Education.\r\nI am Spanish native, however I have studied and worked in England since 2014, where I gained my NVQ Level 3 Early Years Education Diploma.\r\nI am skilled at developing new ways to encourage children, while challenging and inspiring them to deepen their knowledge and understanding.\r\nI am a natural helper with a good sense of humour and I welcome new environments with enthusiasm and positivity.', '2022-02-21 10:29:36', '2022-02-22 10:26:06', NULL, 1, 'social_media', NULL, '6.jpg', '11:30:00', 1, 1, 1, 1, 1, 1, 1, 1, 1, NULL),
(49, 'Hi, Im Selene, Im Italian. I live in Florence, Im an Art and English teacher. I have a wide experience in babysitting, homework tutoring and party animation for kids.\r\nMy specialty is doing arts and crafts workshops for children, but I also like to have fun with board games, reading stories together, or baking if mommys ok with it! \r\nIm good at keeping kids focused on a task, and I believe in being patient and positive in any situation. I love childrens creativity and curiosity in approaching daily life. I enjoy engaging in the games that kids invent and teach them new things. Also, when your kids birthday comes up, I can bake excellent cakes and brighten up the party with balloon art!', 2, NULL, '2022-02-22 00:00:00', NULL, NULL, '2022-03-30', 1, 1, NULL, 'Hi, Im Selene, Im Italian. I live in Florence, Im an Art and English teacher. I have a wide experience in babysitting, homework tutoring and party animation for kids.\r\nMy specialty is doing arts and crafts workshops for children, but I also like to have fun with board games, reading stories together, or baking if mommys ok with it! \r\nIm good at keeping kids focused on a task, and I believe in being patient and positive in any situation. I love childrens creativity and curiosity in approaching daily life. I enjoy engaging in the games that kids invent and teach them new things. Also, when your kids birthday comes up, I can bake excellent cakes and brighten up the party with balloon art!', '2022-02-21 15:32:21', '2022-02-22 11:10:41', NULL, 1, 'word_of_mouth', NULL, '10.jpg', '17:00:00', 1, 1, 1, 1, 1, 1, 1, 1, 1, NULL),
(50, 'I think I would be a good babysitter for families because I\'m a responsible person and take my work very seriously as it evolves around children. I\'m a kind person and get on great with people. I have a lot of experience with children and feel comfortable working with them and having a good relationship with them as well.', 1, NULL, '2022-02-23 00:00:00', NULL, NULL, NULL, 0, 0, NULL, NULL, '2022-02-21 16:19:28', '2022-02-22 11:36:00', NULL, 1, 'search_engine', NULL, NULL, '11:00:00', 1, 1, 1, 1, 1, 1, 1, 1, 1, NULL),
(51, NULL, NULL, NULL, NULL, NULL, NULL, NULL, 0, 0, NULL, NULL, '2022-02-21 16:43:52', '2022-02-23 11:16:05', NULL, 1, NULL, NULL, NULL, NULL, 1, 1, 0, 0, 0, 1, 1, 1, 1, NULL),
(52, 'I have a lot of experience with children. In 2019, I obtained a diploma for youth workers and \r\nleaders in France. This summer, I worked as a youth worker in a recreation center. I was taking care of small groups of children ages 6-13 years old by myself, preparing fun activities and games for them. \r\nI have also been a volunteer in two Scouting Associations and in a gymnastics club. These experiences made me realize I wanted to work with children, I have learned how to prepare games, activities but also how to understand childrens needs and interests. \r\nI was also a babysitter with various families near my hometown. I have been babysitting children from 6 months to 12 years old for over eight years, some babysittings were regular, some were occasional. \r\nDuring my semester abroad in the Netherlands, I was living with a French family and helping them daily with their three children. \r\nI am very patient, dynamic and creative. I do not see babysitting as a simple supervision, I like \r\nto invent and plan activities and games. Furthermore, I can help with homework, I am currently doing a masters degree in order to become a primary school teacher.', 5, NULL, '2022-02-25 00:00:00', '2014-09-02', '2024-12-05', NULL, 0, 0, NULL, 'Hi, my name is Lucie, I am French and I am currently doing a gap year as a teaching assistant in Florence.\r\nI have a lot of experience with children, I have been babysitting children ages 6 months to 12 years old for over eight years now ! I was also a scout leader in two scouting associations in France and in the Netherlands, and a volunteer in my gymnastic club, where I gave classes to small groups of children. \r\nI can speak French, English, Italian and a bit of Dutch.  I am very patient, dynamic and creative. I do not see babysitting as a simple supervision, I like to invent and plan activities and games. My favorite activities making crafts, baking, playing board games and reading stories. I can also help with homework, I am doing a masters degree in order to become a primary school teacher.  Looking forward to meeting you!', '2022-02-21 16:54:41', '2022-02-22 16:42:07', NULL, 1, 'search_engine', NULL, '3.jpg', '14:30:00', 1, 1, 1, 1, 1, 1, 1, 1, 1, NULL),
(53, 'Ciao, my name is Nihal! I born and raised in Florence, the city where I live and study biotechnology. I love foreign languages and speaking English, a skill and a passion that I\'ve been practicing and developing since a long time. I also can speak and understand Spanish and French very well.\nI love children and love to play with them: I like telling them stories, painting, dancing and also make new games using imagination. I am a very dependable person and respectful of the family rules; I take care of every child, supporting them when they need and I\'m also very patient, especially with kids (I can manage stressful situations).\nWhen I have the chance I like to bring some gifts with me, something children can play and have fun with.\nIn my everyday life I\'m also a petsitter, so if it\'s needed I can take care of your whole family (kids and animals)!', NULL, NULL, NULL, NULL, NULL, NULL, 1, 1, NULL, 'Ciao, my name is Nihal! I born and raised in Florence, the city where I live and study biotechnology. I love foreign languages and speaking English, a skill and a passion that I\'ve been practicing and developing since a long time. I also can speak and understand Spanish and French very well.\nI love children and love to play with them: I like telling them stories, painting, dancing and also make new games using imagination. I am a very dependable person and respectful of the family rules; I take care of every child, supporting them when they need and I\'m also very patient, especially with kids (I can manage stressful situations).\nWhen I have the chance I like to bring some gifts with me, something children can play and have fun with.\nIn my everyday life I\'m also a petsitter, so if it\'s needed I can take care of your whole family (kids and animals)!', '2022-02-21 17:28:29', '2022-02-23 10:08:30', NULL, 1, NULL, NULL, NULL, NULL, 1, 1, 1, 0, 0, 1, 1, 1, 1, NULL),
(54, NULL, NULL, NULL, NULL, NULL, NULL, NULL, 1, 1, NULL, NULL, '2022-02-21 19:27:26', '2022-02-22 11:30:06', NULL, 1, NULL, NULL, NULL, NULL, 1, 1, 0, 0, 0, 1, 1, 1, 1, NULL),
(55, 'I really like staying with children and playing with them. I am very curious to discover the enormous world of children, they are so full of energy, of new experiences and knowledge that I am able to discover something new every time that I meet a child.\r\nI am currently studying at university to become a teacher for infant and primary school. I already had some experiences with babysitting and also with children at school. \r\nI am a cheerful girl so I think that, together with kids, we can have a lot of fun!', 3, NULL, '2022-03-03 00:00:00', NULL, NULL, '2019-09-09', 1, 0, NULL, 'Hi! My name is Alessia and Im from Scandicci, a city which is very close to Florence; I live here with my family. Im studying to become a kindergarten and primary school teacher. Ive had some experiences with children, for example when Im out with the children of my familys friends, I stay with them and I play with them. I also had some experiences with babysitting. I really like children and I love laughing with them. I speak Italian as my native language, then I speak English very well, Spanish and also French, even if I dont speak it as fluent as the other two languages. I have a driving licence and, in my free time, I like reading and traveling all over the world, discovering it even from childrens eyes!', '2022-02-21 20:25:42', '2022-02-22 17:16:22', NULL, 1, 'word_of_mouth', NULL, '1.jpg', '10:30:00', 1, 1, 1, 1, 1, 1, 1, 1, 1, 'https://youtu.be/nTa5LgrLScY'),
(56, 'I have a lot of experience in childcare and simply love children. If they are happy and comfortable i am too!', 11, NULL, NULL, NULL, NULL, NULL, 0, 0, NULL, NULL, '2022-02-22 10:07:16', '2022-02-22 12:24:14', NULL, 1, NULL, NULL, NULL, NULL, 1, 1, 1, 1, 0, 1, 1, 1, 1, NULL),
(57, 'Hello! Im Noush, 34 years old, originally Armenian, I have been in Florence for over 4 years, I have a Bachelors Degree in English Literature and a Masters degree in Interior Design. I speak 4 languages (English and Armenian as a mother tongue), and I\'m fluent in Arabic and Italian, I have over 10 years of experience babysitting kids of all ages (infants to teenagers), while babysitting, I love playing board games, football or whatever the kids prefer to keep their minds off their parents, I have two nieces and a nephew, Ive always helped taking care of them, I\'m very responsible and fun at the same time, usually all kids love me! Im kind, caring and a reliable person, plus I really enjoy spending time with kids!', 11, NULL, '2022-02-23 00:00:00', NULL, NULL, NULL, 1, 1, NULL, 'Hello! Im Noush, 34 years old, originally Armenian, I have been in Florence for over 4 years, I have a Bachelors Degree in English Literature and a Masters degree in Interior Design. I speak 4 languages (English and Armenian as a mother tongue), and I\'m fluent in Arabic and Italian, I have over 10 years of experience babysitting kids of all ages (infants to teenagers), while babysitting, I love playing board games, football or whatever the kids prefer to keep their minds off their parents, I have two nieces and a nephew, Ive always helped taking care of them, I\'m very responsible and fun at the same time, usually all kids love me! Im kind, caring and a reliable person, plus I really enjoy spending time with kids!', '2022-02-22 10:11:10', '2022-02-22 11:18:51', NULL, 1, 'search_engine', NULL, '10.jpg', '13:00:00', 1, 1, 1, 1, 1, 1, 1, 1, 1, NULL),
(62, 'I started working as a nanny almost 2 years ago, it was a new experience for me. Ive been a babysitter in the city of Florence, in some resorts in Tuscany and in Madrid during my Erasmus period. \r\nI love playing with kids of different ages, reading out loud to them and have a lot of fun at playground!\r\nI\'m sure we\'ll have a lot of fun together!\"', 2, NULL, '2022-03-02 00:00:00', NULL, NULL, NULL, 0, 0, NULL, NULL, '2022-02-22 14:34:25', '2022-02-22 15:02:15', NULL, 1, 'search_engine', NULL, NULL, '17:30:00', 1, 1, 1, 1, 1, 1, 1, 1, 1, NULL),
(63, 'I think I would be great for this position because I am a kind, caring and energetic individual who loves working with children of all ages. The opportunity to travel as well as work with children is ideal. I have previously worked as a camp supervisor and manager and as a childminder and I have thoroughly enjoyed both roles.', 4, NULL, '2022-02-24 00:00:00', NULL, NULL, NULL, 0, 0, NULL, NULL, '2022-02-22 22:17:41', '2022-02-23 09:57:41', NULL, 0, 'blog', NULL, NULL, '12:00:00', 1, 1, 1, 1, 1, 0, 0, 0, 0, NULL),
(64, 'For sure I am', 5, NULL, '2022-02-24 00:00:00', NULL, NULL, NULL, 0, 0, NULL, NULL, '2022-02-23 10:28:47', '2022-02-23 10:41:23', NULL, 0, 'search_engine', NULL, NULL, '14:00:00', 1, 1, 1, 1, 1, 0, 0, 0, 0, NULL);

-- --------------------------------------------------------

--
-- Table structure for table `babysitter_addresses`
--

CREATE TABLE `babysitter_addresses` (
  `id` bigint(20) UNSIGNED NOT NULL,
  `babysitter_id` int(10) UNSIGNED NOT NULL,
  `home_address` tinyint(1) NOT NULL DEFAULT '1',
  `address1` varchar(191) COLLATE utf8_unicode_ci NOT NULL DEFAULT '',
  `address2` varchar(191) COLLATE utf8_unicode_ci DEFAULT '',
  `town` varchar(191) COLLATE utf8_unicode_ci NOT NULL DEFAULT '',
  `postcode` varchar(191) COLLATE utf8_unicode_ci NOT NULL DEFAULT '',
  `country` varchar(191) COLLATE utf8_unicode_ci NOT NULL DEFAULT '',
  `created_at` timestamp NULL DEFAULT NULL,
  `updated_at` timestamp NULL DEFAULT NULL,
  `deleted_at` timestamp NULL DEFAULT NULL
) ENGINE=InnoDB DEFAULT CHARSET=utf8 COLLATE=utf8_unicode_ci;

--
-- Dumping data for table `babysitter_addresses`
--

INSERT INTO `babysitter_addresses` (`id`, `babysitter_id`, `home_address`, `address1`, `address2`, `town`, `postcode`, `country`, `created_at`, `updated_at`, `deleted_at`) VALUES
(1, 2, 1, '235', '', 'Warsaw', '32553', 'pl', '2019-11-12 15:54:12', '2020-07-17 14:20:22', NULL),
(2, 2, 0, '', '', '', '', '', '2019-11-12 15:54:12', '2020-06-22 14:24:48', '2020-06-22 14:24:48'),
(5, 9, 1, 'reherhher', '', '454535', 'tewtwtete', 'gb', '2020-03-04 00:50:17', '2020-06-08 19:11:14', NULL),
(6, 9, 1, '', '', '', '', '', '2020-03-04 00:50:17', '2020-03-04 00:50:17', NULL),
(7, 9, 1, '', '', '', '', '', '2020-03-04 00:58:12', '2020-03-04 00:58:12', NULL),
(12, 9, 0, '', '', '', '', '', '2020-06-08 19:11:14', '2020-06-08 19:11:14', NULL),
(13, 21, 1, '', '', '', '', '', '2020-06-08 19:13:11', '2020-06-08 19:13:11', NULL),
(14, 21, 0, '', '', '', '', '', '2020-06-08 19:13:11', '2020-06-08 19:13:11', NULL),
(17, 2, 0, '', '', '', '', '', '2020-07-17 14:12:37', '2020-07-17 14:20:22', NULL),
(18, 23, 1, '10 meadway', '', 'Raynes Park', 'SW20', 'gb', '2021-01-05 15:52:26', '2021-01-28 11:30:33', NULL),
(19, 23, 0, 'Via Landino 4', '', 'Firenze', '50129', 'it', '2021-01-05 15:52:26', '2021-01-28 11:30:33', NULL),
(28, 33, 1, 'Via Cristoforo Landino 4', '', 'Firenze', '50129', 'it', '2021-11-20 14:27:52', '2021-11-20 14:36:05', NULL),
(29, 33, 1, '', '', '', '', '', '2021-11-20 14:27:52', '2021-11-20 14:27:52', NULL),
(30, 33, 0, '', '', '', '', '', '2021-11-20 14:36:05', '2021-11-20 14:36:05', NULL),
(31, 36, 1, 'Via pisana, 360', '', 'Florence', '50143', 'it', '2022-01-25 10:23:22', '2022-01-26 21:07:22', NULL),
(32, 36, 1, '', '', '', '', '', '2022-01-25 10:23:22', '2022-01-25 10:23:22', NULL),
(33, 36, 1, '', '', '', '', '', '2022-01-25 10:25:18', '2022-01-25 10:25:18', NULL),
(34, 36, 1, '', '', '', '', '', '2022-01-25 10:26:19', '2022-01-25 10:26:19', NULL),
(35, 36, 0, '', '', '', '', '', '2022-01-26 21:07:22', '2022-01-26 21:07:22', NULL),
(36, 37, 1, 'via cavour 22', '', 'Florence', '50126', 'it', '2022-01-26 21:39:59', '2022-01-26 21:49:58', NULL),
(37, 37, 1, '', '', '', '', '', '2022-01-26 21:39:59', '2022-01-26 21:39:59', NULL),
(38, 37, 0, '', '', '', '', '', '2022-01-26 21:49:58', '2022-01-26 21:49:58', NULL),
(39, 38, 1, 'via Borgo san frediano 39', NULL, 'Florence(FI)', '50127', 'it', '2022-02-06 22:05:02', '2022-02-06 22:18:28', NULL),
(40, 38, 0, 'via Miele 3', NULL, 'Florence(FI)', '50127', 'it', '2022-02-06 22:05:02', '2022-02-06 22:18:28', NULL),
(41, 35, 1, '', '', '', '', '', '2022-02-06 22:05:44', '2022-02-06 22:05:44', NULL),
(42, 35, 0, '', '', '', '', '', '2022-02-06 22:05:44', '2022-02-06 22:05:44', NULL),
(43, 40, 1, 'Circonvallazione Appia 37', NULL, 'Rome', '00179', 'it', '2022-02-09 13:03:03', '2022-02-09 13:03:03', NULL),
(44, 40, 1, '', '', '', '', '', '2022-02-09 13:03:03', '2022-02-09 13:03:03', NULL),
(45, 42, 1, 'Via Appia Nuova 572 Edificio B', '', 'Roma', '00179', 'it', '2022-02-21 10:31:32', '2022-02-22 10:15:12', NULL),
(46, 42, 0, '244', '', 'London', 'SW18 5RL', 'gb', '2022-02-21 10:31:32', '2022-02-22 09:17:25', '2022-02-22 09:17:25'),
(59, 50, 1, 'Otford house', 'Upper basildon', 'Reading', 'RG88LS', 'gb', '2022-02-21 16:23:08', '2022-02-21 16:23:08', NULL),
(60, 50, 0, '92 Rue Caliancourt', '', 'Paris', '75018', 'fr', '2022-02-21 16:23:08', '2022-02-22 08:49:32', NULL),
(61, 52, 1, '13 Avenue Louis Aragon', '', 'Riom', '63209', 'fr', '2022-02-21 16:59:29', '2022-02-22 08:47:09', NULL),
(62, 52, 0, 'Via San Zanobi 58', '', 'Firenze', '50129', 'it', '2022-02-21 16:59:29', '2022-02-22 08:47:09', NULL),
(63, 53, 1, 'Via Reginaldo Giuliani, 58', '', 'Firenze', '50141', 'it', '2022-02-21 17:30:10', '2022-02-22 08:38:28', NULL),
(64, 53, 1, '', '', '', '', '', '2022-02-21 17:30:10', '2022-02-21 17:30:10', NULL),
(65, 54, 1, 'Via francesco serdonati', '', 'Firenze', '50142', 'it', '2022-02-21 19:29:11', '2022-02-22 08:18:07', NULL),
(66, 54, 1, '', '', '', '', '', '2022-02-21 19:29:11', '2022-02-21 19:29:11', NULL),
(67, 55, 1, 'Via Rialdoli 130', '', 'Scandicci', '50018', 'it', '2022-02-21 20:27:44', '2022-02-22 08:48:26', NULL),
(68, 55, 1, '', '', '', '', '', '2022-02-21 20:27:44', '2022-02-21 20:27:44', NULL),
(69, 55, 0, '', '', '', '', '', '2022-02-22 08:17:35', '2022-02-22 08:31:00', '2022-02-22 08:31:00'),
(70, 54, 0, '', '', '', '', '', '2022-02-22 08:18:07', '2022-02-22 08:18:07', NULL),
(71, 55, 1, '', '', '', '', '', '2022-02-22 08:31:17', '2022-02-22 08:31:17', NULL),
(72, 55, 1, '', '', '', '', '', '2022-02-22 08:31:30', '2022-02-22 08:31:30', NULL),
(73, 55, 1, '', '', '', '', '', '2022-02-22 08:31:54', '2022-02-22 08:31:54', NULL),
(74, 53, 0, '', '', '', '', '', '2022-02-22 08:38:28', '2022-02-22 08:38:28', NULL),
(75, 55, 0, '', '', '', '', '', '2022-02-22 08:47:35', '2022-02-22 08:47:42', '2022-02-22 08:47:42'),
(76, 55, 0, '', '', '', '', '', '2022-02-22 08:48:26', '2022-02-22 08:48:26', NULL),
(77, 51, 1, 'Piazza Luigi Dalla Piccola, 6, Olga Vlasova, evegreen immobiliare', 'Olga Vlasova, evegreen immobiliare', 'Firenze', '50144', 'it', '2022-02-22 08:48:48', '2022-02-23 11:16:05', NULL),
(78, 51, 0, '', '', '', '', '', '2022-02-22 08:48:48', '2022-02-23 11:16:05', '2022-02-23 11:16:05'),
(79, 49, 1, 'Via Pisana 272/a', '', 'Firenze', '50143', 'it', '2022-02-22 08:50:07', '2022-02-22 11:04:05', NULL),
(80, 49, 0, '', '', '', '', '', '2022-02-22 08:50:07', '2022-02-22 09:51:39', '2022-02-22 09:51:39'),
(81, 56, 1, 'Via Pisana 742', NULL, 'Firenze', '50143', 'it', '2022-02-22 10:10:55', '2022-02-22 12:24:33', NULL),
(82, 56, 1, '', '', '', '', '', '2022-02-22 10:10:55', '2022-02-22 10:10:55', NULL),
(83, 56, 1, '', '', '', '', '', '2022-02-22 10:11:14', '2022-02-22 10:11:14', NULL),
(84, 57, 1, 'Via Vallombrosa, 19', '', 'Firenze', '50127', 'it', '2022-02-22 10:13:31', '2022-02-22 10:27:44', NULL),
(85, 57, 0, 'Via Vallombrosa, 19', '', 'Firenze', '50127', 'it', '2022-02-22 10:13:31', '2022-02-22 10:27:44', NULL),
(86, 42, 0, '', '', '', '', '', '2022-02-22 10:15:12', '2022-02-22 10:15:12', NULL),
(87, 56, 0, '', '', '', '', '', '2022-02-22 10:26:43', '2022-02-22 12:24:33', '2022-02-22 12:24:33'),
(88, 49, 0, '', '', '', '', '', '2022-02-22 11:04:05', '2022-02-22 11:04:05', NULL),
(97, 62, 1, 'via pisana 40', '', 'Scandicci (Florence)', '50018', 'it', '2022-02-22 14:37:47', '2022-02-22 14:50:00', NULL),
(98, 62, 1, '', '', '', '', '', '2022-02-22 14:37:47', '2022-02-22 14:37:47', NULL),
(99, 62, 0, '', '', '', '', '', '2022-02-22 14:50:00', '2022-02-22 14:50:00', NULL),
(100, 63, 1, '2 Riverside Apartments Milltown', '', 'Dublin', 'D6', 'ie', '2022-02-22 22:20:15', '2022-02-23 08:45:38', NULL),
(101, 63, 0, '46 Viale Don Giovanni Minzoni', '', 'Firenze', '50129', 'it', '2022-02-22 22:20:15', '2022-02-23 08:45:38', NULL),
(102, 64, 1, '10 Rue Emile Gilbert', NULL, 'Paris', '75012', 'fr', '2022-02-23 10:31:01', '2022-02-23 10:31:01', NULL),
(103, 64, 0, '10 Rue Emile Gilbert', NULL, 'Paris', '75012', 'ir', '2022-02-23 10:31:01', '2022-02-23 10:31:01', NULL);

-- --------------------------------------------------------

--
-- Table structure for table `babysitter_availabilities`
--

CREATE TABLE `babysitter_availabilities` (
  `id` bigint(20) UNSIGNED NOT NULL,
  `babysitter_id` int(10) UNSIGNED NOT NULL,
  `date` date NOT NULL,
  `type` varchar(255) COLLATE utf8_unicode_ci NOT NULL,
  `deleted_at` timestamp NULL DEFAULT NULL
) ENGINE=InnoDB DEFAULT CHARSET=utf8 COLLATE=utf8_unicode_ci;

--
-- Dumping data for table `babysitter_availabilities`
--

INSERT INTO `babysitter_availabilities` (`id`, `babysitter_id`, `date`, `type`, `deleted_at`) VALUES
(1, 2, '2019-11-15', 'babysitter-day', '2020-06-22 14:25:59'),
(2, 2, '2019-11-15', 'babysitter-night', '2020-06-22 14:25:59'),
(3, 2, '2019-11-19', 'holiday_nanny', '2020-06-22 14:25:59'),
(4, 2, '2019-11-20', 'holiday_nanny', '2020-06-22 14:25:59'),
(5, 2, '2019-11-21', 'holiday_nanny', '2020-06-22 14:25:59'),
(6, 2, '2019-12-05', 'babysitter-night', '2020-06-22 14:25:59'),
(7, 2, '2020-02-01', 'babysitter-day', '2020-06-22 14:25:59'),
(8, 2, '2020-02-01', 'babysitter-night', '2020-06-22 14:25:59'),
(9, 2, '2020-02-02', 'babysitter-day', '2020-06-22 14:25:59'),
(10, 2, '2020-02-02', 'babysitter-night', '2020-06-22 14:25:59'),
(11, 2, '2020-02-03', 'babysitter-day', '2020-06-22 14:25:59'),
(12, 2, '2020-02-04', 'holiday_nanny', '2020-06-22 14:25:59'),
(13, 2, '2020-02-05', 'holiday_nanny', '2020-06-22 14:25:59'),
(14, 2, '2020-02-06', 'holiday_nanny', '2020-06-22 14:25:59'),
(15, 2, '2020-02-07', 'holiday_nanny', '2020-06-22 14:25:59'),
(26, 9, '2020-03-05', 'babysitter-day', '2020-03-04 01:00:28'),
(27, 9, '2020-03-05', 'babysitter-night', '2020-03-04 01:00:28'),
(28, 9, '2020-03-06', 'babysitter-day', '2020-03-04 01:00:28'),
(29, 9, '2020-03-06', 'babysitter-night', '2020-03-04 01:00:28'),
(30, 9, '2020-03-07', 'babysitter-day', '2020-03-04 01:00:28'),
(31, 9, '2020-03-07', 'babysitter-night', '2020-03-04 01:00:28'),
(32, 9, '2020-03-14', 'babysitter-day', '2020-03-04 01:00:28'),
(33, 9, '2020-03-14', 'babysitter-night', '2020-03-04 01:00:28'),
(34, 9, '2020-03-13', 'babysitter-day', '2020-03-04 01:00:28'),
(35, 9, '2020-03-13', 'babysitter-night', '2020-03-04 01:00:28'),
(36, 9, '2020-03-12', 'babysitter-day', '2020-03-04 01:00:28'),
(37, 9, '2020-03-12', 'babysitter-night', '2020-03-04 01:00:28'),
(38, 9, '2020-03-05', 'babysitter-day', '2020-03-04 01:19:26'),
(39, 9, '2020-03-05', 'babysitter-night', '2020-03-04 01:19:26'),
(40, 9, '2020-03-06', 'babysitter-day', '2020-03-04 01:19:26'),
(41, 9, '2020-03-06', 'babysitter-night', '2020-03-04 01:19:26'),
(42, 9, '2020-03-07', 'babysitter-day', '2020-03-04 01:19:26'),
(43, 9, '2020-03-07', 'babysitter-night', '2020-03-04 01:19:26'),
(44, 9, '2020-03-12', 'babysitter-day', '2020-03-04 01:19:26'),
(45, 9, '2020-03-12', 'babysitter-night', '2020-03-04 01:19:26'),
(46, 9, '2020-03-13', 'babysitter-day', '2020-03-04 01:19:26'),
(47, 9, '2020-03-13', 'babysitter-night', '2020-03-04 01:19:26'),
(48, 9, '2020-03-14', 'babysitter-night', '2020-03-04 01:19:26'),
(49, 9, '2020-03-14', 'babysitter-day', '2020-03-04 01:19:26'),
(50, 9, '2020-03-05', 'holiday_nanny', '2020-03-04 01:19:26'),
(51, 9, '2020-03-06', 'holiday_nanny', '2020-03-04 01:19:26'),
(52, 9, '2020-03-07', 'holiday_nanny', '2020-03-04 01:19:26'),
(53, 9, '2020-03-12', 'holiday_nanny', '2020-03-04 01:19:26'),
(54, 9, '2020-03-13', 'holiday_nanny', '2020-03-04 01:19:26'),
(55, 9, '2020-03-14', 'holiday_nanny', '2020-03-04 01:19:26'),
(56, 9, '2020-03-11', 'holiday_nanny', '2020-03-04 01:19:26'),
(57, 9, '2020-03-10', 'holiday_nanny', '2020-03-04 01:19:26'),
(58, 9, '2020-03-09', 'holiday_nanny', '2020-03-04 01:19:26'),
(59, 9, '2020-03-08', 'holiday_nanny', '2020-03-04 01:19:26'),
(60, 9, '2020-03-01', 'holiday_nanny', '2020-03-04 01:19:26'),
(61, 9, '2020-03-02', 'holiday_nanny', '2020-03-04 01:19:26'),
(62, 9, '2020-03-03', 'holiday_nanny', '2020-03-04 01:19:26'),
(63, 9, '2020-03-04', 'holiday_nanny', '2020-03-04 01:19:26'),
(64, 9, '2020-03-15', 'holiday_nanny', '2020-03-04 01:19:26'),
(65, 9, '2020-03-16', 'holiday_nanny', '2020-03-04 01:19:26'),
(66, 9, '2020-03-17', 'holiday_nanny', '2020-03-04 01:19:26'),
(67, 9, '2020-03-19', 'holiday_nanny', '2020-03-04 01:19:26'),
(68, 9, '2020-03-18', 'holiday_nanny', '2020-03-04 01:19:26'),
(69, 9, '2020-03-20', 'holiday_nanny', '2020-03-04 01:19:26'),
(70, 9, '2020-03-21', 'holiday_nanny', '2020-03-04 01:19:26'),
(71, 9, '2020-03-05', 'babysitter-day', '2020-03-04 01:19:31'),
(72, 9, '2020-03-05', 'babysitter-night', '2020-03-04 01:19:31'),
(73, 9, '2020-03-06', 'babysitter-day', '2020-03-04 01:19:31'),
(74, 9, '2020-03-06', 'babysitter-night', '2020-03-04 01:19:31'),
(75, 9, '2020-03-07', 'babysitter-day', '2020-03-04 01:19:31'),
(76, 9, '2020-03-07', 'babysitter-night', '2020-03-04 01:19:31'),
(77, 9, '2020-03-12', 'babysitter-night', '2020-03-04 01:19:31'),
(78, 9, '2020-03-12', 'babysitter-day', '2020-03-04 01:19:31'),
(79, 9, '2020-03-13', 'babysitter-day', '2020-03-04 01:19:31'),
(80, 9, '2020-03-13', 'babysitter-night', '2020-03-04 01:19:31'),
(81, 9, '2020-03-14', 'babysitter-night', '2020-03-04 01:19:31'),
(82, 9, '2020-03-14', 'babysitter-day', '2020-03-04 01:19:31'),
(83, 9, '2020-03-01', 'holiday_nanny', '2020-03-04 01:19:31'),
(84, 9, '2020-03-02', 'holiday_nanny', '2020-03-04 01:19:31'),
(85, 9, '2020-03-03', 'holiday_nanny', '2020-03-04 01:19:31'),
(86, 9, '2020-03-07', 'holiday_nanny', '2020-03-04 01:19:31'),
(87, 9, '2020-03-08', 'holiday_nanny', '2020-03-04 01:19:31'),
(88, 9, '2020-03-09', 'holiday_nanny', '2020-03-04 01:19:31'),
(89, 9, '2020-03-10', 'holiday_nanny', '2020-03-04 01:19:31'),
(90, 9, '2020-03-11', 'holiday_nanny', '2020-03-04 01:19:31'),
(91, 9, '2020-03-12', 'holiday_nanny', '2020-03-04 01:19:31'),
(92, 9, '2020-03-13', 'holiday_nanny', '2020-03-04 01:19:31'),
(93, 9, '2020-03-14', 'holiday_nanny', '2020-03-04 01:19:31'),
(94, 9, '2020-03-15', 'holiday_nanny', '2020-03-04 01:19:31'),
(95, 9, '2020-03-16', 'holiday_nanny', '2020-03-04 01:19:31'),
(96, 9, '2020-03-17', 'holiday_nanny', '2020-03-04 01:19:31'),
(97, 9, '2020-03-18', 'holiday_nanny', '2020-03-04 01:19:31'),
(98, 9, '2020-03-19', 'holiday_nanny', '2020-03-04 01:19:31'),
(99, 9, '2020-03-20', 'holiday_nanny', '2020-03-04 01:19:31'),
(100, 9, '2020-03-21', 'holiday_nanny', '2020-03-04 01:19:31'),
(101, 9, '2020-03-05', 'babysitter-day', '2020-03-04 01:19:36'),
(102, 9, '2020-03-05', 'babysitter-night', '2020-03-04 01:19:36'),
(103, 9, '2020-03-06', 'babysitter-day', '2020-03-04 01:19:36'),
(104, 9, '2020-03-06', 'babysitter-night', '2020-03-04 01:19:36'),
(105, 9, '2020-03-07', 'babysitter-day', '2020-03-04 01:19:36'),
(106, 9, '2020-03-07', 'babysitter-night', '2020-03-04 01:19:36'),
(107, 9, '2020-03-12', 'babysitter-day', '2020-03-04 01:19:36'),
(108, 9, '2020-03-12', 'babysitter-night', '2020-03-04 01:19:36'),
(109, 9, '2020-03-13', 'babysitter-day', '2020-03-04 01:19:36'),
(110, 9, '2020-03-13', 'babysitter-night', '2020-03-04 01:19:36'),
(111, 9, '2020-03-14', 'babysitter-night', '2020-03-04 01:19:36'),
(112, 9, '2020-03-14', 'babysitter-day', '2020-03-04 01:19:36'),
(113, 9, '2020-03-01', 'holiday_nanny', '2020-03-04 01:19:36'),
(114, 9, '2020-03-02', 'holiday_nanny', '2020-03-04 01:19:36'),
(115, 9, '2020-03-03', 'holiday_nanny', '2020-03-04 01:19:36'),
(116, 9, '2020-03-07', 'holiday_nanny', '2020-03-04 01:19:36'),
(117, 9, '2020-03-08', 'holiday_nanny', '2020-03-04 01:19:36'),
(118, 9, '2020-03-09', 'holiday_nanny', '2020-03-04 01:19:36'),
(119, 9, '2020-03-10', 'holiday_nanny', '2020-03-04 01:19:36'),
(120, 9, '2020-03-12', 'holiday_nanny', '2020-03-04 01:19:36'),
(121, 9, '2020-03-13', 'holiday_nanny', '2020-03-04 01:19:36'),
(122, 9, '2020-03-14', 'holiday_nanny', '2020-03-04 01:19:36'),
(123, 9, '2020-03-15', 'holiday_nanny', '2020-03-04 01:19:36'),
(124, 9, '2020-03-16', 'holiday_nanny', '2020-03-04 01:19:36'),
(125, 9, '2020-03-17', 'holiday_nanny', '2020-03-04 01:19:36'),
(126, 9, '2020-03-18', 'holiday_nanny', '2020-03-04 01:19:36'),
(127, 9, '2020-03-19', 'holiday_nanny', '2020-03-04 01:19:36'),
(128, 9, '2020-03-20', 'holiday_nanny', '2020-03-04 01:19:36'),
(129, 9, '2020-03-21', 'holiday_nanny', '2020-03-04 01:19:36'),
(130, 9, '2020-03-05', 'holiday_nanny', '2020-03-04 01:19:36'),
(131, 9, '2020-03-04', 'holiday_nanny', '2020-03-04 01:19:36'),
(132, 9, '2020-03-11', 'holiday_nanny', '2020-03-04 01:19:36'),
(133, 9, '2020-03-05', 'babysitter-day', '2020-03-04 01:19:40'),
(134, 9, '2020-03-05', 'babysitter-night', '2020-03-04 01:19:40'),
(135, 9, '2020-03-06', 'babysitter-day', '2020-03-04 01:19:40'),
(136, 9, '2020-03-06', 'babysitter-night', '2020-03-04 01:19:40'),
(137, 9, '2020-03-07', 'babysitter-day', '2020-03-04 01:19:40'),
(138, 9, '2020-03-07', 'babysitter-night', '2020-03-04 01:19:40'),
(139, 9, '2020-03-12', 'babysitter-night', '2020-03-04 01:19:40'),
(140, 9, '2020-03-12', 'babysitter-day', '2020-03-04 01:19:40'),
(141, 9, '2020-03-13', 'babysitter-day', '2020-03-04 01:19:40'),
(142, 9, '2020-03-13', 'babysitter-night', '2020-03-04 01:19:40'),
(143, 9, '2020-03-14', 'babysitter-night', '2020-03-04 01:19:40'),
(144, 9, '2020-03-14', 'babysitter-day', '2020-03-04 01:19:40'),
(145, 9, '2020-03-01', 'holiday_nanny', '2020-03-04 01:19:40'),
(146, 9, '2020-03-02', 'holiday_nanny', '2020-03-04 01:19:40'),
(147, 9, '2020-03-05', 'holiday_nanny', '2020-03-04 01:19:40'),
(148, 9, '2020-03-07', 'holiday_nanny', '2020-03-04 01:19:40'),
(149, 9, '2020-03-08', 'holiday_nanny', '2020-03-04 01:19:40'),
(150, 9, '2020-03-09', 'holiday_nanny', '2020-03-04 01:19:40'),
(151, 9, '2020-03-11', 'holiday_nanny', '2020-03-04 01:19:40'),
(152, 9, '2020-03-12', 'holiday_nanny', '2020-03-04 01:19:40'),
(153, 9, '2020-03-13', 'holiday_nanny', '2020-03-04 01:19:40'),
(154, 9, '2020-03-14', 'holiday_nanny', '2020-03-04 01:19:40'),
(155, 9, '2020-03-15', 'holiday_nanny', '2020-03-04 01:19:40'),
(156, 9, '2020-03-16', 'holiday_nanny', '2020-03-04 01:19:40'),
(157, 9, '2020-03-17', 'holiday_nanny', '2020-03-04 01:19:40'),
(158, 9, '2020-03-20', 'holiday_nanny', '2020-03-04 01:19:40'),
(159, 9, '2020-03-21', 'holiday_nanny', '2020-03-04 01:19:40'),
(160, 9, '2020-03-05', 'babysitter-night', '2020-10-06 19:18:41'),
(161, 9, '2020-03-06', 'babysitter-day', '2020-10-06 19:18:41'),
(162, 9, '2020-03-06', 'babysitter-night', '2020-10-06 19:18:41'),
(163, 9, '2020-03-07', 'babysitter-day', '2020-10-06 19:18:41'),
(164, 9, '2020-03-07', 'babysitter-night', '2020-10-06 19:18:41'),
(165, 9, '2020-03-12', 'babysitter-night', '2020-10-06 19:18:41'),
(166, 9, '2020-03-13', 'babysitter-day', '2020-10-06 19:18:41'),
(167, 9, '2020-03-13', 'babysitter-night', '2020-10-06 19:18:41'),
(168, 9, '2020-03-14', 'babysitter-night', '2020-10-06 19:18:41'),
(169, 9, '2020-03-14', 'babysitter-day', '2020-10-06 19:18:41'),
(170, 9, '2020-03-01', 'holiday_nanny', '2020-10-06 19:18:41'),
(171, 9, '2020-03-02', 'holiday_nanny', '2020-10-06 19:18:41'),
(172, 9, '2020-03-05', 'holiday_nanny', '2020-10-06 19:18:41'),
(173, 9, '2020-03-07', 'holiday_nanny', '2020-10-06 19:18:41'),
(174, 9, '2020-03-08', 'holiday_nanny', '2020-10-06 19:18:41'),
(175, 9, '2020-03-09', 'holiday_nanny', '2020-10-06 19:18:41'),
(176, 9, '2020-03-11', 'holiday_nanny', '2020-10-06 19:18:41'),
(177, 9, '2020-03-12', 'holiday_nanny', '2020-10-06 19:18:41'),
(178, 9, '2020-03-13', 'holiday_nanny', '2020-10-06 19:18:41'),
(179, 9, '2020-03-14', 'holiday_nanny', '2020-10-06 19:18:41'),
(180, 9, '2020-03-15', 'holiday_nanny', '2020-10-06 19:18:41'),
(181, 9, '2020-03-16', 'holiday_nanny', '2020-10-06 19:18:41'),
(182, 9, '2020-03-17', 'holiday_nanny', '2020-10-06 19:18:41'),
(183, 9, '2020-03-20', 'holiday_nanny', '2020-10-06 19:18:41'),
(184, 9, '2020-03-21', 'holiday_nanny', '2020-10-06 19:18:41'),
(195, 2, '2019-11-15', 'babysitter-day', '2020-06-22 14:26:15'),
(196, 2, '2019-11-15', 'babysitter-night', '2020-06-22 14:26:15'),
(197, 2, '2019-12-05', 'babysitter-night', '2020-06-22 14:26:15'),
(198, 2, '2020-02-01', 'babysitter-day', '2020-06-22 14:26:15'),
(199, 2, '2020-02-01', 'babysitter-night', '2020-06-22 14:26:15'),
(200, 2, '2020-02-02', 'babysitter-day', '2020-06-22 14:26:15'),
(201, 2, '2020-02-02', 'babysitter-night', '2020-06-22 14:26:15'),
(202, 2, '2020-02-03', 'babysitter-day', '2020-06-22 14:26:15'),
(203, 2, '2020-06-23', 'babysitter-day', '2020-06-22 14:26:15'),
(204, 2, '2020-06-23', 'babysitter-night', '2020-06-22 14:26:15'),
(205, 2, '2020-06-24', 'babysitter-day', '2020-06-22 14:26:15'),
(206, 2, '2020-06-24', 'babysitter-night', '2020-06-22 14:26:15'),
(207, 2, '2020-06-25', 'babysitter-day', '2020-06-22 14:26:15'),
(208, 2, '2020-06-25', 'babysitter-night', '2020-06-22 14:26:15'),
(209, 2, '2020-06-26', 'babysitter-day', '2020-06-22 14:26:15'),
(210, 2, '2020-06-26', 'babysitter-night', '2020-06-22 14:26:15'),
(211, 2, '2020-06-27', 'babysitter-day', '2020-06-22 14:26:15'),
(212, 2, '2020-06-27', 'babysitter-night', '2020-06-22 14:26:15'),
(213, 2, '2020-06-29', 'babysitter-day', '2020-06-22 14:26:15'),
(214, 2, '2020-06-29', 'babysitter-night', '2020-06-22 14:26:15'),
(215, 2, '2020-06-28', 'babysitter-day', '2020-06-22 14:26:15'),
(216, 2, '2020-06-28', 'babysitter-night', '2020-06-22 14:26:15'),
(217, 2, '2020-06-30', 'babysitter-day', '2020-06-22 14:26:15'),
(218, 2, '2020-06-30', 'babysitter-night', '2020-06-22 14:26:15'),
(219, 2, '2019-11-19', 'holiday_nanny', '2020-06-22 14:26:15'),
(220, 2, '2019-11-20', 'holiday_nanny', '2020-06-22 14:26:15'),
(221, 2, '2019-11-21', 'holiday_nanny', '2020-06-22 14:26:15'),
(222, 2, '2020-02-04', 'holiday_nanny', '2020-06-22 14:26:15'),
(223, 2, '2020-02-05', 'holiday_nanny', '2020-06-22 14:26:15'),
(224, 2, '2020-02-06', 'holiday_nanny', '2020-06-22 14:26:15'),
(225, 2, '2020-02-07', 'holiday_nanny', '2020-06-22 14:26:15'),
(226, 2, '2019-11-15', 'babysitter-day', '2020-07-17 14:20:22'),
(227, 2, '2019-11-15', 'babysitter-night', '2020-07-17 14:20:22'),
(228, 2, '2019-12-05', 'babysitter-night', '2020-07-17 14:20:22'),
(229, 2, '2020-02-01', 'babysitter-day', '2020-07-17 14:20:22'),
(230, 2, '2020-02-01', 'babysitter-night', '2020-07-17 14:20:22'),
(231, 2, '2020-02-02', 'babysitter-night', '2020-07-17 14:20:22'),
(232, 2, '2020-02-02', 'babysitter-day', '2020-07-17 14:20:22'),
(233, 2, '2020-02-03', 'babysitter-day', '2020-07-17 14:20:22'),
(234, 2, '2020-06-23', 'babysitter-day', '2020-07-17 14:20:22'),
(235, 2, '2020-06-23', 'babysitter-night', '2020-07-17 14:20:22'),
(236, 2, '2020-06-24', 'babysitter-day', '2020-07-17 14:20:22'),
(237, 2, '2020-06-24', 'babysitter-night', '2020-07-17 14:20:22'),
(238, 2, '2020-06-25', 'babysitter-night', '2020-07-17 14:20:22'),
(239, 2, '2020-06-25', 'babysitter-day', '2020-07-17 14:20:22'),
(240, 2, '2020-06-26', 'babysitter-day', '2020-07-17 14:20:22'),
(241, 2, '2020-06-26', 'babysitter-night', '2020-07-17 14:20:22'),
(242, 2, '2020-06-27', 'babysitter-day', '2020-07-17 14:20:22'),
(243, 2, '2020-06-27', 'babysitter-night', '2020-07-17 14:20:22'),
(244, 2, '2020-06-28', 'babysitter-night', '2020-07-17 14:20:22'),
(245, 2, '2020-06-28', 'babysitter-day', '2020-07-17 14:20:22'),
(246, 2, '2020-06-29', 'babysitter-night', '2020-07-17 14:20:22'),
(247, 2, '2020-06-29', 'babysitter-day', '2020-07-17 14:20:22'),
(248, 2, '2020-06-30', 'babysitter-day', '2020-07-17 14:20:22'),
(249, 2, '2020-06-30', 'babysitter-night', '2020-07-17 14:20:22'),
(250, 2, '2019-11-19', 'holiday_nanny', '2020-07-17 14:20:22'),
(251, 2, '2019-11-20', 'holiday_nanny', '2020-07-17 14:20:22'),
(252, 2, '2019-11-21', 'holiday_nanny', '2020-07-17 14:20:22'),
(253, 2, '2020-02-04', 'holiday_nanny', '2020-07-17 14:20:22'),
(254, 2, '2020-02-05', 'holiday_nanny', '2020-07-17 14:20:22'),
(255, 2, '2020-02-06', 'holiday_nanny', '2020-07-17 14:20:22'),
(256, 2, '2020-02-07', 'holiday_nanny', '2020-07-17 14:20:22'),
(257, 2, '2019-11-15', 'babysitter-day', '2020-07-17 14:22:02'),
(258, 2, '2020-02-01', 'babysitter-day', '2020-07-17 14:22:02'),
(259, 2, '2020-02-02', 'babysitter-day', '2020-07-17 14:22:02'),
(260, 2, '2020-02-03', 'babysitter-day', '2020-07-17 14:22:02'),
(261, 2, '2020-06-23', 'babysitter-day', '2020-07-17 14:22:02'),
(262, 2, '2020-06-24', 'babysitter-day', '2020-07-17 14:22:02'),
(263, 2, '2020-06-25', 'babysitter-day', '2020-07-17 14:22:02'),
(264, 2, '2020-06-26', 'babysitter-day', '2020-07-17 14:22:02'),
(265, 2, '2020-06-27', 'babysitter-day', '2020-07-17 14:22:02'),
(266, 2, '2020-06-28', 'babysitter-day', '2020-07-17 14:22:02'),
(267, 2, '2020-06-29', 'babysitter-day', '2020-07-17 14:22:02'),
(268, 2, '2020-06-30', 'babysitter-day', '2020-07-17 14:22:02'),
(269, 2, '2020-08-03', 'babysitter-day', '2020-07-17 14:22:02'),
(270, 2, '2020-08-04', 'babysitter-day', '2020-07-17 14:22:02'),
(271, 2, '2020-08-05', 'babysitter-day', '2020-07-17 14:22:02'),
(272, 2, '2019-11-15', 'babysitter-night', '2020-07-17 14:22:02'),
(273, 2, '2019-12-05', 'babysitter-night', '2020-07-17 14:22:02'),
(274, 2, '2020-02-01', 'babysitter-night', '2020-07-17 14:22:02'),
(275, 2, '2020-02-02', 'babysitter-night', '2020-07-17 14:22:02'),
(276, 2, '2020-06-23', 'babysitter-night', '2020-07-17 14:22:02'),
(277, 2, '2020-06-24', 'babysitter-night', '2020-07-17 14:22:02'),
(278, 2, '2020-06-25', 'babysitter-night', '2020-07-17 14:22:02'),
(279, 2, '2020-06-26', 'babysitter-night', '2020-07-17 14:22:02'),
(280, 2, '2020-06-27', 'babysitter-night', '2020-07-17 14:22:02'),
(281, 2, '2020-06-28', 'babysitter-night', '2020-07-17 14:22:02'),
(282, 2, '2020-06-29', 'babysitter-night', '2020-07-17 14:22:02'),
(283, 2, '2020-06-30', 'babysitter-night', '2020-07-17 14:22:02'),
(284, 2, '2020-08-03', 'babysitter-night', '2020-07-17 14:22:02'),
(285, 2, '2020-08-04', 'babysitter-night', '2020-07-17 14:22:02'),
(286, 2, '2020-08-05', 'babysitter-night', '2020-07-17 14:22:02'),
(287, 2, '2019-11-19', 'holiday_nanny', '2020-07-17 14:22:02'),
(288, 2, '2019-11-20', 'holiday_nanny', '2020-07-17 14:22:02'),
(289, 2, '2019-11-21', 'holiday_nanny', '2020-07-17 14:22:02'),
(290, 2, '2020-02-04', 'holiday_nanny', '2020-07-17 14:22:02'),
(291, 2, '2020-02-05', 'holiday_nanny', '2020-07-17 14:22:02'),
(292, 2, '2020-02-06', 'holiday_nanny', '2020-07-17 14:22:02'),
(293, 2, '2020-02-07', 'holiday_nanny', '2020-07-17 14:22:02'),
(294, 2, '2019-11-15', 'babysitter-day', '2021-02-08 15:55:29'),
(295, 2, '2020-02-01', 'babysitter-day', '2021-02-08 15:55:29'),
(296, 2, '2020-02-02', 'babysitter-day', '2021-02-08 15:55:29'),
(297, 2, '2020-02-03', 'babysitter-day', '2021-02-08 15:55:29'),
(298, 2, '2020-06-23', 'babysitter-day', '2021-02-08 15:55:29'),
(299, 2, '2020-06-24', 'babysitter-day', '2021-02-08 15:55:29'),
(300, 2, '2020-06-25', 'babysitter-day', '2021-02-08 15:55:29'),
(301, 2, '2020-06-26', 'babysitter-day', '2021-02-08 15:55:29'),
(302, 2, '2020-06-27', 'babysitter-day', '2021-02-08 15:55:29'),
(303, 2, '2020-06-28', 'babysitter-day', '2021-02-08 15:55:29'),
(304, 2, '2020-06-29', 'babysitter-day', '2021-02-08 15:55:29'),
(305, 2, '2020-06-30', 'babysitter-day', '2021-02-08 15:55:29'),
(306, 2, '2020-08-03', 'babysitter-day', '2021-02-08 15:55:29'),
(307, 2, '2020-08-04', 'babysitter-day', '2021-02-08 15:55:29'),
(308, 2, '2020-08-05', 'babysitter-day', '2021-02-08 15:55:29'),
(309, 2, '2020-08-12', 'babysitter-day', '2021-02-08 15:55:29'),
(310, 2, '2020-08-13', 'babysitter-day', '2021-02-08 15:55:29'),
(311, 2, '2019-11-15', 'babysitter-night', '2021-02-08 15:55:29'),
(312, 2, '2019-12-05', 'babysitter-night', '2021-02-08 15:55:29'),
(313, 2, '2020-02-01', 'babysitter-night', '2021-02-08 15:55:29'),
(314, 2, '2020-02-02', 'babysitter-night', '2021-02-08 15:55:29'),
(315, 2, '2020-06-23', 'babysitter-night', '2021-02-08 15:55:29'),
(316, 2, '2020-06-24', 'babysitter-night', '2021-02-08 15:55:29'),
(317, 2, '2020-06-25', 'babysitter-night', '2021-02-08 15:55:29'),
(318, 2, '2020-06-26', 'babysitter-night', '2021-02-08 15:55:29'),
(319, 2, '2020-06-27', 'babysitter-night', '2021-02-08 15:55:29'),
(320, 2, '2020-06-28', 'babysitter-night', '2021-02-08 15:55:29'),
(321, 2, '2020-06-29', 'babysitter-night', '2021-02-08 15:55:29'),
(322, 2, '2020-06-30', 'babysitter-night', '2021-02-08 15:55:29'),
(323, 2, '2020-08-03', 'babysitter-night', '2021-02-08 15:55:29'),
(324, 2, '2020-08-04', 'babysitter-night', '2021-02-08 15:55:29'),
(325, 2, '2020-08-05', 'babysitter-night', '2021-02-08 15:55:29'),
(326, 2, '2020-08-12', 'babysitter-night', '2021-02-08 15:55:29'),
(327, 2, '2020-08-13', 'babysitter-night', '2021-02-08 15:55:29'),
(328, 2, '2019-11-19', 'holiday_nanny', '2021-02-08 15:55:29'),
(329, 2, '2019-11-20', 'holiday_nanny', '2021-02-08 15:55:29'),
(330, 2, '2019-11-21', 'holiday_nanny', '2021-02-08 15:55:29'),
(331, 2, '2020-02-04', 'holiday_nanny', '2021-02-08 15:55:29'),
(332, 2, '2020-02-05', 'holiday_nanny', '2021-02-08 15:55:29'),
(333, 2, '2020-02-06', 'holiday_nanny', '2021-02-08 15:55:29'),
(334, 2, '2020-02-07', 'holiday_nanny', '2021-02-08 15:55:29'),
(335, 9, '2020-03-06', 'babysitter-day', '2021-05-02 17:15:36'),
(336, 9, '2020-03-07', 'babysitter-day', '2021-05-02 17:15:36'),
(337, 9, '2020-03-13', 'babysitter-day', '2021-05-02 17:15:36'),
(338, 9, '2020-03-14', 'babysitter-day', '2021-05-02 17:15:36'),
(339, 9, '2020-03-05', 'babysitter-night', '2021-05-02 17:15:36'),
(340, 9, '2020-03-06', 'babysitter-night', '2021-05-02 17:15:36'),
(341, 9, '2020-03-07', 'babysitter-night', '2021-05-02 17:15:36'),
(342, 9, '2020-03-12', 'babysitter-night', '2021-05-02 17:15:36'),
(343, 9, '2020-03-13', 'babysitter-night', '2021-05-02 17:15:36'),
(344, 9, '2020-03-14', 'babysitter-night', '2021-05-02 17:15:36'),
(345, 9, '2020-03-01', 'holiday_nanny', '2021-05-02 17:15:36'),
(346, 9, '2020-03-02', 'holiday_nanny', '2021-05-02 17:15:36'),
(347, 9, '2020-03-05', 'holiday_nanny', '2021-05-02 17:15:36'),
(348, 9, '2020-03-07', 'holiday_nanny', '2021-05-02 17:15:36'),
(349, 9, '2020-03-08', 'holiday_nanny', '2021-05-02 17:15:36'),
(350, 9, '2020-03-09', 'holiday_nanny', '2021-05-02 17:15:36'),
(351, 9, '2020-03-11', 'holiday_nanny', '2021-05-02 17:15:36'),
(352, 9, '2020-03-12', 'holiday_nanny', '2021-05-02 17:15:36'),
(353, 9, '2020-03-13', 'holiday_nanny', '2021-05-02 17:15:36'),
(354, 9, '2020-03-14', 'holiday_nanny', '2021-05-02 17:15:36'),
(355, 9, '2020-03-15', 'holiday_nanny', '2021-05-02 17:15:36'),
(356, 9, '2020-03-16', 'holiday_nanny', '2021-05-02 17:15:36'),
(357, 9, '2020-03-17', 'holiday_nanny', '2021-05-02 17:15:36'),
(358, 9, '2020-03-20', 'holiday_nanny', '2021-05-02 17:15:36'),
(359, 9, '2020-03-21', 'holiday_nanny', '2021-05-02 17:15:36'),
(492, 23, '2021-01-29', 'babysitter-day', '2021-01-29 11:38:37'),
(493, 23, '2021-01-29', 'babysitter-night', '2021-01-29 11:38:37'),
(494, 23, '2021-01-30', 'babysitter-day', '2021-01-29 11:38:37'),
(495, 23, '2021-01-30', 'babysitter-night', '2021-01-29 11:38:37'),
(496, 23, '2021-01-31', 'babysitter-day', '2021-01-29 11:38:37'),
(497, 23, '2021-01-31', 'babysitter-night', '2021-01-29 11:38:37'),
(498, 23, '2021-02-01', 'babysitter-day', '2021-01-29 11:38:37'),
(499, 23, '2021-02-01', 'babysitter-night', '2021-01-29 11:38:37'),
(500, 23, '2021-02-02', 'babysitter-day', '2021-01-29 11:38:37'),
(501, 23, '2021-02-02', 'babysitter-night', '2021-01-29 11:38:37'),
(502, 23, '2021-02-03', 'babysitter-day', '2021-01-29 11:38:37'),
(503, 23, '2021-02-03', 'babysitter-night', '2021-01-29 11:38:37'),
(504, 23, '2021-02-04', 'babysitter-day', '2021-01-29 11:38:37'),
(505, 23, '2021-02-04', 'babysitter-night', '2021-01-29 11:38:37'),
(506, 23, '2021-02-05', 'babysitter-day', '2021-01-29 11:38:37'),
(507, 23, '2021-02-05', 'babysitter-night', '2021-01-29 11:38:37'),
(508, 23, '2021-02-06', 'babysitter-day', '2021-01-29 11:38:37'),
(509, 23, '2021-02-06', 'babysitter-night', '2021-01-29 11:38:37'),
(510, 23, '2021-02-07', 'babysitter-day', '2021-01-29 11:38:37'),
(511, 23, '2021-02-07', 'babysitter-night', '2021-01-29 11:38:37'),
(512, 23, '2021-02-08', 'babysitter-day', '2021-01-29 11:38:37'),
(513, 23, '2021-02-08', 'babysitter-night', '2021-01-29 11:38:37'),
(514, 23, '2021-02-09', 'babysitter-day', '2021-01-29 11:38:37'),
(515, 23, '2021-02-09', 'babysitter-night', '2021-01-29 11:38:37'),
(516, 23, '2021-02-10', 'babysitter-day', '2021-01-29 11:38:37'),
(517, 23, '2021-02-10', 'babysitter-night', '2021-01-29 11:38:37'),
(518, 23, '2021-02-11', 'babysitter-day', '2021-01-29 11:38:37'),
(519, 23, '2021-02-11', 'babysitter-night', '2021-01-29 11:38:37'),
(520, 23, '2021-02-12', 'babysitter-day', '2021-01-29 11:38:37'),
(521, 23, '2021-02-12', 'babysitter-night', '2021-01-29 11:38:37'),
(522, 23, '2021-02-13', 'babysitter-day', '2021-01-29 11:38:37'),
(523, 23, '2021-02-13', 'babysitter-night', '2021-01-29 11:38:37'),
(524, 23, '2021-02-14', 'babysitter-day', '2021-01-29 11:38:37'),
(525, 23, '2021-02-14', 'babysitter-night', '2021-01-29 11:38:37'),
(526, 23, '2021-02-15', 'babysitter-day', '2021-01-29 11:38:37'),
(527, 23, '2021-02-15', 'babysitter-night', '2021-01-29 11:38:37'),
(528, 23, '2021-02-16', 'babysitter-day', '2021-01-29 11:38:37'),
(529, 23, '2021-02-16', 'babysitter-night', '2021-01-29 11:38:37'),
(530, 23, '2021-02-17', 'babysitter-day', '2021-01-29 11:38:37'),
(531, 23, '2021-02-17', 'babysitter-night', '2021-01-29 11:38:37'),
(532, 23, '2021-02-18', 'babysitter-day', '2021-01-29 11:38:37'),
(533, 23, '2021-02-18', 'babysitter-night', '2021-01-29 11:38:37'),
(534, 23, '2021-02-19', 'babysitter-day', '2021-01-29 11:38:37'),
(535, 23, '2021-02-19', 'babysitter-night', '2021-01-29 11:38:37'),
(536, 23, '2021-02-20', 'babysitter-day', '2021-01-29 11:38:37'),
(537, 23, '2021-02-20', 'babysitter-night', '2021-01-29 11:38:37'),
(538, 23, '2021-02-21', 'babysitter-day', '2021-01-29 11:38:37'),
(539, 23, '2021-02-21', 'babysitter-night', '2021-01-29 11:38:37'),
(540, 23, '2021-02-22', 'babysitter-day', '2021-01-29 11:38:37'),
(541, 23, '2021-02-22', 'babysitter-night', '2021-01-29 11:38:37'),
(542, 23, '2021-02-23', 'babysitter-day', '2021-01-29 11:38:37'),
(543, 23, '2021-02-23', 'babysitter-night', '2021-01-29 11:38:37'),
(544, 23, '2021-02-24', 'babysitter-day', '2021-01-29 11:38:37'),
(545, 23, '2021-02-24', 'babysitter-night', '2021-01-29 11:38:37'),
(546, 23, '2021-02-25', 'babysitter-day', '2021-01-29 11:38:37'),
(547, 23, '2021-02-25', 'babysitter-night', '2021-01-29 11:38:37'),
(548, 23, '2021-02-26', 'babysitter-day', '2021-01-29 11:38:37'),
(549, 23, '2021-02-26', 'babysitter-night', '2021-01-29 11:38:37'),
(550, 23, '2021-02-27', 'babysitter-day', '2021-01-29 11:38:37'),
(551, 23, '2021-02-27', 'babysitter-night', '2021-01-29 11:38:37'),
(552, 23, '2021-02-28', 'babysitter-day', '2021-01-29 11:38:37'),
(553, 23, '2021-02-28', 'babysitter-night', '2021-01-29 11:38:37'),
(554, 23, '2021-03-01', 'babysitter-day', '2021-01-29 11:38:37'),
(555, 23, '2021-03-01', 'babysitter-night', '2021-01-29 11:38:37'),
(556, 23, '2021-03-02', 'babysitter-day', '2021-01-29 11:38:37'),
(557, 23, '2021-03-02', 'babysitter-night', '2021-01-29 11:38:37'),
(558, 23, '2021-03-03', 'babysitter-day', '2021-01-29 11:38:37'),
(559, 23, '2021-03-03', 'babysitter-night', '2021-01-29 11:38:37'),
(560, 23, '2021-03-04', 'babysitter-day', '2021-01-29 11:38:37'),
(561, 23, '2021-03-04', 'babysitter-night', '2021-01-29 11:38:37'),
(562, 23, '2021-03-05', 'babysitter-day', '2021-01-29 11:38:37'),
(563, 23, '2021-03-05', 'babysitter-night', '2021-01-29 11:38:37'),
(564, 23, '2021-03-06', 'babysitter-day', '2021-01-29 11:38:37'),
(565, 23, '2021-03-06', 'babysitter-night', '2021-01-29 11:38:37'),
(566, 23, '2021-02-01', 'holiday_nanny', '2021-01-29 11:38:37'),
(567, 23, '2021-02-02', 'holiday_nanny', '2021-01-29 11:38:37'),
(568, 23, '2021-02-03', 'holiday_nanny', '2021-01-29 11:38:37'),
(569, 23, '2021-02-04', 'holiday_nanny', '2021-01-29 11:38:37'),
(570, 23, '2021-02-05', 'holiday_nanny', '2021-01-29 11:38:37'),
(571, 23, '2021-02-06', 'holiday_nanny', '2021-01-29 11:38:37'),
(572, 23, '2021-02-07', 'holiday_nanny', '2021-01-29 11:38:37'),
(573, 23, '2021-01-31', 'holiday_nanny', '2021-01-29 11:38:37'),
(574, 23, '2021-02-08', 'holiday_nanny', '2021-01-29 11:38:37'),
(575, 23, '2021-02-09', 'holiday_nanny', '2021-01-29 11:38:37'),
(576, 23, '2021-02-10', 'holiday_nanny', '2021-01-29 11:38:37'),
(577, 23, '2021-02-11', 'holiday_nanny', '2021-01-29 11:38:37'),
(578, 23, '2021-02-12', 'holiday_nanny', '2021-01-29 11:38:37'),
(579, 23, '2021-02-13', 'holiday_nanny', '2021-01-29 11:38:37'),
(580, 23, '2021-02-20', 'holiday_nanny', '2021-01-29 11:38:37'),
(581, 23, '2021-02-19', 'holiday_nanny', '2021-01-29 11:38:37'),
(582, 23, '2021-02-18', 'holiday_nanny', '2021-01-29 11:38:37'),
(583, 23, '2021-02-17', 'holiday_nanny', '2021-01-29 11:38:37'),
(584, 23, '2021-02-16', 'holiday_nanny', '2021-01-29 11:38:37'),
(585, 23, '2021-02-15', 'holiday_nanny', '2021-01-29 11:38:37'),
(586, 23, '2021-02-14', 'holiday_nanny', '2021-01-29 11:38:37'),
(587, 23, '2021-02-21', 'holiday_nanny', '2021-01-29 11:38:37'),
(588, 23, '2021-02-22', 'holiday_nanny', '2021-01-29 11:38:37'),
(589, 23, '2021-02-23', 'holiday_nanny', '2021-01-29 11:38:37'),
(590, 23, '2021-02-24', 'holiday_nanny', '2021-01-29 11:38:37'),
(591, 23, '2021-02-25', 'holiday_nanny', '2021-01-29 11:38:37'),
(592, 23, '2021-02-26', 'holiday_nanny', '2021-01-29 11:38:37'),
(593, 23, '2021-02-27', 'holiday_nanny', '2021-01-29 11:38:37'),
(594, 23, '2021-01-29', 'babysitter-day', '2021-01-29 12:02:07'),
(595, 23, '2021-01-30', 'babysitter-day', '2021-01-29 12:02:07'),
(596, 23, '2021-01-31', 'babysitter-day', '2021-01-29 12:02:07'),
(597, 23, '2021-02-01', 'babysitter-day', '2021-01-29 12:02:07'),
(598, 23, '2021-02-02', 'babysitter-day', '2021-01-29 12:02:07'),
(599, 23, '2021-02-03', 'babysitter-day', '2021-01-29 12:02:07'),
(600, 23, '2021-02-04', 'babysitter-day', '2021-01-29 12:02:07'),
(601, 23, '2021-02-05', 'babysitter-day', '2021-01-29 12:02:07'),
(602, 23, '2021-02-06', 'babysitter-day', '2021-01-29 12:02:07'),
(603, 23, '2021-02-07', 'babysitter-day', '2021-01-29 12:02:07'),
(604, 23, '2021-02-08', 'babysitter-day', '2021-01-29 12:02:07'),
(605, 23, '2021-02-09', 'babysitter-day', '2021-01-29 12:02:07'),
(606, 23, '2021-02-10', 'babysitter-day', '2021-01-29 12:02:07'),
(607, 23, '2021-02-11', 'babysitter-day', '2021-01-29 12:02:07'),
(608, 23, '2021-02-12', 'babysitter-day', '2021-01-29 12:02:07'),
(609, 23, '2021-02-13', 'babysitter-day', '2021-01-29 12:02:07'),
(610, 23, '2021-02-14', 'babysitter-day', '2021-01-29 12:02:07'),
(611, 23, '2021-02-15', 'babysitter-day', '2021-01-29 12:02:07'),
(612, 23, '2021-02-16', 'babysitter-day', '2021-01-29 12:02:07'),
(613, 23, '2021-02-17', 'babysitter-day', '2021-01-29 12:02:07'),
(614, 23, '2021-02-18', 'babysitter-day', '2021-01-29 12:02:07'),
(615, 23, '2021-02-19', 'babysitter-day', '2021-01-29 12:02:07'),
(616, 23, '2021-02-20', 'babysitter-day', '2021-01-29 12:02:07'),
(617, 23, '2021-02-21', 'babysitter-day', '2021-01-29 12:02:07'),
(618, 23, '2021-02-22', 'babysitter-day', '2021-01-29 12:02:07'),
(619, 23, '2021-02-23', 'babysitter-day', '2021-01-29 12:02:07'),
(620, 23, '2021-02-24', 'babysitter-day', '2021-01-29 12:02:07'),
(621, 23, '2021-02-25', 'babysitter-day', '2021-01-29 12:02:07'),
(622, 23, '2021-02-26', 'babysitter-day', '2021-01-29 12:02:07'),
(623, 23, '2021-02-27', 'babysitter-day', '2021-01-29 12:02:07'),
(624, 23, '2021-02-28', 'babysitter-day', '2021-01-29 12:02:07'),
(625, 23, '2021-03-01', 'babysitter-day', '2021-01-29 12:02:07'),
(626, 23, '2021-03-02', 'babysitter-day', '2021-01-29 12:02:07'),
(627, 23, '2021-03-03', 'babysitter-day', '2021-01-29 12:02:07'),
(628, 23, '2021-03-04', 'babysitter-day', '2021-01-29 12:02:07'),
(629, 23, '2021-03-05', 'babysitter-day', '2021-01-29 12:02:07'),
(630, 23, '2021-03-06', 'babysitter-day', '2021-01-29 12:02:07'),
(631, 23, '2021-01-29', 'babysitter-night', '2021-01-29 12:02:07'),
(632, 23, '2021-01-30', 'babysitter-night', '2021-01-29 12:02:07'),
(633, 23, '2021-01-31', 'babysitter-night', '2021-01-29 12:02:07'),
(634, 23, '2021-02-01', 'babysitter-night', '2021-01-29 12:02:07'),
(635, 23, '2021-02-02', 'babysitter-night', '2021-01-29 12:02:07'),
(636, 23, '2021-02-03', 'babysitter-night', '2021-01-29 12:02:07'),
(637, 23, '2021-02-04', 'babysitter-night', '2021-01-29 12:02:07'),
(638, 23, '2021-02-05', 'babysitter-night', '2021-01-29 12:02:07'),
(639, 23, '2021-02-06', 'babysitter-night', '2021-01-29 12:02:07'),
(640, 23, '2021-02-07', 'babysitter-night', '2021-01-29 12:02:07'),
(641, 23, '2021-02-08', 'babysitter-night', '2021-01-29 12:02:07'),
(642, 23, '2021-02-09', 'babysitter-night', '2021-01-29 12:02:07'),
(643, 23, '2021-02-10', 'babysitter-night', '2021-01-29 12:02:07'),
(644, 23, '2021-02-11', 'babysitter-night', '2021-01-29 12:02:07'),
(645, 23, '2021-02-12', 'babysitter-night', '2021-01-29 12:02:07'),
(646, 23, '2021-02-13', 'babysitter-night', '2021-01-29 12:02:07'),
(647, 23, '2021-02-14', 'babysitter-night', '2021-01-29 12:02:07'),
(648, 23, '2021-02-15', 'babysitter-night', '2021-01-29 12:02:07'),
(649, 23, '2021-02-16', 'babysitter-night', '2021-01-29 12:02:07'),
(650, 23, '2021-02-17', 'babysitter-night', '2021-01-29 12:02:07'),
(651, 23, '2021-02-18', 'babysitter-night', '2021-01-29 12:02:07'),
(652, 23, '2021-02-19', 'babysitter-night', '2021-01-29 12:02:07'),
(653, 23, '2021-02-20', 'babysitter-night', '2021-01-29 12:02:07'),
(654, 23, '2021-02-21', 'babysitter-night', '2021-01-29 12:02:07'),
(655, 23, '2021-02-22', 'babysitter-night', '2021-01-29 12:02:07'),
(656, 23, '2021-02-23', 'babysitter-night', '2021-01-29 12:02:07'),
(657, 23, '2021-02-24', 'babysitter-night', '2021-01-29 12:02:07'),
(658, 23, '2021-02-25', 'babysitter-night', '2021-01-29 12:02:07'),
(659, 23, '2021-02-26', 'babysitter-night', '2021-01-29 12:02:07'),
(660, 23, '2021-02-27', 'babysitter-night', '2021-01-29 12:02:07'),
(661, 23, '2021-02-28', 'babysitter-night', '2021-01-29 12:02:07'),
(662, 23, '2021-03-01', 'babysitter-night', '2021-01-29 12:02:07'),
(663, 23, '2021-03-02', 'babysitter-night', '2021-01-29 12:02:07'),
(664, 23, '2021-03-03', 'babysitter-night', '2021-01-29 12:02:07'),
(665, 23, '2021-03-04', 'babysitter-night', '2021-01-29 12:02:07'),
(666, 23, '2021-03-05', 'babysitter-night', '2021-01-29 12:02:07'),
(667, 23, '2021-03-06', 'babysitter-night', '2021-01-29 12:02:07'),
(668, 23, '2021-02-01', 'holiday_nanny', '2021-01-29 12:02:07'),
(669, 23, '2021-02-02', 'holiday_nanny', '2021-01-29 12:02:07'),
(670, 23, '2021-02-03', 'holiday_nanny', '2021-01-29 12:02:07'),
(671, 23, '2021-02-04', 'holiday_nanny', '2021-01-29 12:02:07'),
(672, 23, '2021-02-05', 'holiday_nanny', '2021-01-29 12:02:07'),
(673, 23, '2021-02-06', 'holiday_nanny', '2021-01-29 12:02:07'),
(674, 23, '2021-02-07', 'holiday_nanny', '2021-01-29 12:02:07'),
(675, 23, '2021-01-31', 'holiday_nanny', '2021-01-29 12:02:07'),
(676, 23, '2021-02-08', 'holiday_nanny', '2021-01-29 12:02:07'),
(677, 23, '2021-02-09', 'holiday_nanny', '2021-01-29 12:02:07'),
(678, 23, '2021-02-10', 'holiday_nanny', '2021-01-29 12:02:07'),
(679, 23, '2021-02-11', 'holiday_nanny', '2021-01-29 12:02:07'),
(680, 23, '2021-02-12', 'holiday_nanny', '2021-01-29 12:02:07'),
(681, 23, '2021-02-13', 'holiday_nanny', '2021-01-29 12:02:07'),
(682, 23, '2021-02-20', 'holiday_nanny', '2021-01-29 12:02:07'),
(683, 23, '2021-02-19', 'holiday_nanny', '2021-01-29 12:02:07'),
(684, 23, '2021-02-18', 'holiday_nanny', '2021-01-29 12:02:07'),
(685, 23, '2021-02-17', 'holiday_nanny', '2021-01-29 12:02:07'),
(686, 23, '2021-02-16', 'holiday_nanny', '2021-01-29 12:02:07'),
(687, 23, '2021-02-15', 'holiday_nanny', '2021-01-29 12:02:07'),
(688, 23, '2021-02-14', 'holiday_nanny', '2021-01-29 12:02:07'),
(689, 23, '2021-02-21', 'holiday_nanny', '2021-01-29 12:02:07'),
(690, 23, '2021-02-22', 'holiday_nanny', '2021-01-29 12:02:07'),
(691, 23, '2021-02-23', 'holiday_nanny', '2021-01-29 12:02:07'),
(692, 23, '2021-02-24', 'holiday_nanny', '2021-01-29 12:02:07'),
(693, 23, '2021-02-25', 'holiday_nanny', '2021-01-29 12:02:07'),
(694, 23, '2021-02-26', 'holiday_nanny', '2021-01-29 12:02:07'),
(695, 23, '2021-02-27', 'holiday_nanny', '2021-01-29 12:02:07'),
(696, 23, '2021-01-29', 'babysitter-day', '2021-01-29 12:25:28'),
(697, 23, '2021-01-30', 'babysitter-day', '2021-01-29 12:25:28'),
(698, 23, '2021-01-31', 'babysitter-day', '2021-01-29 12:25:28'),
(699, 23, '2021-02-01', 'babysitter-day', '2021-01-29 12:25:28'),
(700, 23, '2021-02-02', 'babysitter-day', '2021-01-29 12:25:28'),
(701, 23, '2021-02-03', 'babysitter-day', '2021-01-29 12:25:28'),
(702, 23, '2021-02-04', 'babysitter-day', '2021-01-29 12:25:28'),
(703, 23, '2021-02-05', 'babysitter-day', '2021-01-29 12:25:28'),
(704, 23, '2021-02-06', 'babysitter-day', '2021-01-29 12:25:28'),
(705, 23, '2021-02-07', 'babysitter-day', '2021-01-29 12:25:28'),
(706, 23, '2021-02-08', 'babysitter-day', '2021-01-29 12:25:28'),
(707, 23, '2021-02-09', 'babysitter-day', '2021-01-29 12:25:28'),
(708, 23, '2021-02-10', 'babysitter-day', '2021-01-29 12:25:28'),
(709, 23, '2021-02-11', 'babysitter-day', '2021-01-29 12:25:28'),
(710, 23, '2021-02-12', 'babysitter-day', '2021-01-29 12:25:28'),
(711, 23, '2021-02-13', 'babysitter-day', '2021-01-29 12:25:28'),
(712, 23, '2021-02-14', 'babysitter-day', '2021-01-29 12:25:28'),
(713, 23, '2021-02-15', 'babysitter-day', '2021-01-29 12:25:28'),
(714, 23, '2021-02-16', 'babysitter-day', '2021-01-29 12:25:28'),
(715, 23, '2021-02-17', 'babysitter-day', '2021-01-29 12:25:28'),
(716, 23, '2021-02-18', 'babysitter-day', '2021-01-29 12:25:28'),
(717, 23, '2021-02-19', 'babysitter-day', '2021-01-29 12:25:28'),
(718, 23, '2021-02-20', 'babysitter-day', '2021-01-29 12:25:28'),
(719, 23, '2021-02-21', 'babysitter-day', '2021-01-29 12:25:28'),
(720, 23, '2021-02-22', 'babysitter-day', '2021-01-29 12:25:28'),
(721, 23, '2021-02-23', 'babysitter-day', '2021-01-29 12:25:28'),
(722, 23, '2021-02-24', 'babysitter-day', '2021-01-29 12:25:28'),
(723, 23, '2021-02-25', 'babysitter-day', '2021-01-29 12:25:28'),
(724, 23, '2021-02-26', 'babysitter-day', '2021-01-29 12:25:28'),
(725, 23, '2021-02-27', 'babysitter-day', '2021-01-29 12:25:28'),
(726, 23, '2021-02-28', 'babysitter-day', '2021-01-29 12:25:28'),
(727, 23, '2021-03-01', 'babysitter-day', '2021-01-29 12:25:28'),
(728, 23, '2021-03-02', 'babysitter-day', '2021-01-29 12:25:28'),
(729, 23, '2021-03-03', 'babysitter-day', '2021-01-29 12:25:28'),
(730, 23, '2021-03-04', 'babysitter-day', '2021-01-29 12:25:28'),
(731, 23, '2021-03-05', 'babysitter-day', '2021-01-29 12:25:28'),
(732, 23, '2021-03-06', 'babysitter-day', '2021-01-29 12:25:28'),
(733, 23, '2021-01-29', 'babysitter-night', '2021-01-29 12:25:28'),
(734, 23, '2021-01-30', 'babysitter-night', '2021-01-29 12:25:28'),
(735, 23, '2021-01-31', 'babysitter-night', '2021-01-29 12:25:28'),
(736, 23, '2021-02-01', 'babysitter-night', '2021-01-29 12:25:28'),
(737, 23, '2021-02-02', 'babysitter-night', '2021-01-29 12:25:28'),
(738, 23, '2021-02-03', 'babysitter-night', '2021-01-29 12:25:28'),
(739, 23, '2021-02-04', 'babysitter-night', '2021-01-29 12:25:28'),
(740, 23, '2021-02-05', 'babysitter-night', '2021-01-29 12:25:28'),
(741, 23, '2021-02-06', 'babysitter-night', '2021-01-29 12:25:28'),
(742, 23, '2021-02-07', 'babysitter-night', '2021-01-29 12:25:28'),
(743, 23, '2021-02-08', 'babysitter-night', '2021-01-29 12:25:28'),
(744, 23, '2021-02-09', 'babysitter-night', '2021-01-29 12:25:28'),
(745, 23, '2021-02-10', 'babysitter-night', '2021-01-29 12:25:28'),
(746, 23, '2021-02-11', 'babysitter-night', '2021-01-29 12:25:28'),
(747, 23, '2021-02-12', 'babysitter-night', '2021-01-29 12:25:28'),
(748, 23, '2021-02-13', 'babysitter-night', '2021-01-29 12:25:28'),
(749, 23, '2021-02-14', 'babysitter-night', '2021-01-29 12:25:28'),
(750, 23, '2021-02-15', 'babysitter-night', '2021-01-29 12:25:28'),
(751, 23, '2021-02-16', 'babysitter-night', '2021-01-29 12:25:28'),
(752, 23, '2021-02-17', 'babysitter-night', '2021-01-29 12:25:28'),
(753, 23, '2021-02-18', 'babysitter-night', '2021-01-29 12:25:28'),
(754, 23, '2021-02-19', 'babysitter-night', '2021-01-29 12:25:28'),
(755, 23, '2021-02-20', 'babysitter-night', '2021-01-29 12:25:28'),
(756, 23, '2021-02-21', 'babysitter-night', '2021-01-29 12:25:28'),
(757, 23, '2021-02-22', 'babysitter-night', '2021-01-29 12:25:28'),
(758, 23, '2021-02-23', 'babysitter-night', '2021-01-29 12:25:28'),
(759, 23, '2021-02-24', 'babysitter-night', '2021-01-29 12:25:28'),
(760, 23, '2021-02-25', 'babysitter-night', '2021-01-29 12:25:28'),
(761, 23, '2021-02-26', 'babysitter-night', '2021-01-29 12:25:28'),
(762, 23, '2021-02-27', 'babysitter-night', '2021-01-29 12:25:28'),
(763, 23, '2021-02-28', 'babysitter-night', '2021-01-29 12:25:28'),
(764, 23, '2021-03-01', 'babysitter-night', '2021-01-29 12:25:28'),
(765, 23, '2021-03-02', 'babysitter-night', '2021-01-29 12:25:28'),
(766, 23, '2021-03-03', 'babysitter-night', '2021-01-29 12:25:28'),
(767, 23, '2021-03-04', 'babysitter-night', '2021-01-29 12:25:28'),
(768, 23, '2021-03-05', 'babysitter-night', '2021-01-29 12:25:28'),
(769, 23, '2021-03-06', 'babysitter-night', '2021-01-29 12:25:28'),
(770, 23, '2021-02-01', 'holiday_nanny', '2021-01-29 12:25:28'),
(771, 23, '2021-02-02', 'holiday_nanny', '2021-01-29 12:25:28'),
(772, 23, '2021-02-03', 'holiday_nanny', '2021-01-29 12:25:28'),
(773, 23, '2021-02-04', 'holiday_nanny', '2021-01-29 12:25:28'),
(774, 23, '2021-02-05', 'holiday_nanny', '2021-01-29 12:25:28'),
(775, 23, '2021-02-06', 'holiday_nanny', '2021-01-29 12:25:28'),
(776, 23, '2021-02-07', 'holiday_nanny', '2021-01-29 12:25:28'),
(777, 23, '2021-01-31', 'holiday_nanny', '2021-01-29 12:25:28'),
(778, 23, '2021-02-08', 'holiday_nanny', '2021-01-29 12:25:28'),
(779, 23, '2021-02-09', 'holiday_nanny', '2021-01-29 12:25:28'),
(780, 23, '2021-02-10', 'holiday_nanny', '2021-01-29 12:25:28'),
(781, 23, '2021-02-11', 'holiday_nanny', '2021-01-29 12:25:28'),
(782, 23, '2021-02-12', 'holiday_nanny', '2021-01-29 12:25:28'),
(783, 23, '2021-02-13', 'holiday_nanny', '2021-01-29 12:25:28'),
(784, 23, '2021-02-20', 'holiday_nanny', '2021-01-29 12:25:28'),
(785, 23, '2021-02-19', 'holiday_nanny', '2021-01-29 12:25:28'),
(786, 23, '2021-02-18', 'holiday_nanny', '2021-01-29 12:25:28'),
(787, 23, '2021-02-17', 'holiday_nanny', '2021-01-29 12:25:28'),
(788, 23, '2021-02-16', 'holiday_nanny', '2021-01-29 12:25:28'),
(789, 23, '2021-02-15', 'holiday_nanny', '2021-01-29 12:25:28'),
(790, 23, '2021-02-14', 'holiday_nanny', '2021-01-29 12:25:28'),
(791, 23, '2021-02-21', 'holiday_nanny', '2021-01-29 12:25:28'),
(792, 23, '2021-02-22', 'holiday_nanny', '2021-01-29 12:25:28'),
(793, 23, '2021-02-23', 'holiday_nanny', '2021-01-29 12:25:28'),
(794, 23, '2021-02-24', 'holiday_nanny', '2021-01-29 12:25:28'),
(795, 23, '2021-02-25', 'holiday_nanny', '2021-01-29 12:25:28'),
(796, 23, '2021-02-26', 'holiday_nanny', '2021-01-29 12:25:28'),
(797, 23, '2021-02-27', 'holiday_nanny', '2021-01-29 12:25:28'),
(798, 23, '2021-01-29', 'babysitter-day', '2021-01-29 12:33:30'),
(799, 23, '2021-01-30', 'babysitter-day', '2021-01-29 12:33:30'),
(800, 23, '2021-01-31', 'babysitter-day', '2021-01-29 12:33:30'),
(801, 23, '2021-02-01', 'babysitter-day', '2021-01-29 12:33:30'),
(802, 23, '2021-02-02', 'babysitter-day', '2021-01-29 12:33:30'),
(803, 23, '2021-02-03', 'babysitter-day', '2021-01-29 12:33:30'),
(804, 23, '2021-02-04', 'babysitter-day', '2021-01-29 12:33:30'),
(805, 23, '2021-02-05', 'babysitter-day', '2021-01-29 12:33:30'),
(806, 23, '2021-02-06', 'babysitter-day', '2021-01-29 12:33:30'),
(807, 23, '2021-02-07', 'babysitter-day', '2021-01-29 12:33:30'),
(808, 23, '2021-02-08', 'babysitter-day', '2021-01-29 12:33:30'),
(809, 23, '2021-02-09', 'babysitter-day', '2021-01-29 12:33:30'),
(810, 23, '2021-02-10', 'babysitter-day', '2021-01-29 12:33:30'),
(811, 23, '2021-02-11', 'babysitter-day', '2021-01-29 12:33:30'),
(812, 23, '2021-02-12', 'babysitter-day', '2021-01-29 12:33:30'),
(813, 23, '2021-02-13', 'babysitter-day', '2021-01-29 12:33:30'),
(814, 23, '2021-02-14', 'babysitter-day', '2021-01-29 12:33:30'),
(815, 23, '2021-02-15', 'babysitter-day', '2021-01-29 12:33:30'),
(816, 23, '2021-02-16', 'babysitter-day', '2021-01-29 12:33:30'),
(817, 23, '2021-02-17', 'babysitter-day', '2021-01-29 12:33:30'),
(818, 23, '2021-02-18', 'babysitter-day', '2021-01-29 12:33:30'),
(819, 23, '2021-02-19', 'babysitter-day', '2021-01-29 12:33:30'),
(820, 23, '2021-02-20', 'babysitter-day', '2021-01-29 12:33:30'),
(821, 23, '2021-02-21', 'babysitter-day', '2021-01-29 12:33:30'),
(822, 23, '2021-02-22', 'babysitter-day', '2021-01-29 12:33:30'),
(823, 23, '2021-02-23', 'babysitter-day', '2021-01-29 12:33:30'),
(824, 23, '2021-02-24', 'babysitter-day', '2021-01-29 12:33:30'),
(825, 23, '2021-02-25', 'babysitter-day', '2021-01-29 12:33:30'),
(826, 23, '2021-02-26', 'babysitter-day', '2021-01-29 12:33:30'),
(827, 23, '2021-02-27', 'babysitter-day', '2021-01-29 12:33:30'),
(828, 23, '2021-02-28', 'babysitter-day', '2021-01-29 12:33:30'),
(829, 23, '2021-03-01', 'babysitter-day', '2021-01-29 12:33:30'),
(830, 23, '2021-03-02', 'babysitter-day', '2021-01-29 12:33:30'),
(831, 23, '2021-03-03', 'babysitter-day', '2021-01-29 12:33:30'),
(832, 23, '2021-03-04', 'babysitter-day', '2021-01-29 12:33:30'),
(833, 23, '2021-03-05', 'babysitter-day', '2021-01-29 12:33:30'),
(834, 23, '2021-03-06', 'babysitter-day', '2021-01-29 12:33:30'),
(835, 23, '2021-01-29', 'babysitter-night', '2021-01-29 12:33:30'),
(836, 23, '2021-01-30', 'babysitter-night', '2021-01-29 12:33:30'),
(837, 23, '2021-01-31', 'babysitter-night', '2021-01-29 12:33:30'),
(838, 23, '2021-02-01', 'babysitter-night', '2021-01-29 12:33:30'),
(839, 23, '2021-02-02', 'babysitter-night', '2021-01-29 12:33:30'),
(840, 23, '2021-02-03', 'babysitter-night', '2021-01-29 12:33:30'),
(841, 23, '2021-02-04', 'babysitter-night', '2021-01-29 12:33:30'),
(842, 23, '2021-02-05', 'babysitter-night', '2021-01-29 12:33:30'),
(843, 23, '2021-02-06', 'babysitter-night', '2021-01-29 12:33:30'),
(844, 23, '2021-02-07', 'babysitter-night', '2021-01-29 12:33:30'),
(845, 23, '2021-02-08', 'babysitter-night', '2021-01-29 12:33:30'),
(846, 23, '2021-02-09', 'babysitter-night', '2021-01-29 12:33:30'),
(847, 23, '2021-02-10', 'babysitter-night', '2021-01-29 12:33:30'),
(848, 23, '2021-02-11', 'babysitter-night', '2021-01-29 12:33:30'),
(849, 23, '2021-02-12', 'babysitter-night', '2021-01-29 12:33:30'),
(850, 23, '2021-02-13', 'babysitter-night', '2021-01-29 12:33:30'),
(851, 23, '2021-02-14', 'babysitter-night', '2021-01-29 12:33:30'),
(852, 23, '2021-02-15', 'babysitter-night', '2021-01-29 12:33:30'),
(853, 23, '2021-02-16', 'babysitter-night', '2021-01-29 12:33:30'),
(854, 23, '2021-02-17', 'babysitter-night', '2021-01-29 12:33:30'),
(855, 23, '2021-02-18', 'babysitter-night', '2021-01-29 12:33:30'),
(856, 23, '2021-02-19', 'babysitter-night', '2021-01-29 12:33:30'),
(857, 23, '2021-02-20', 'babysitter-night', '2021-01-29 12:33:30'),
(858, 23, '2021-02-21', 'babysitter-night', '2021-01-29 12:33:30'),
(859, 23, '2021-02-22', 'babysitter-night', '2021-01-29 12:33:30'),
(860, 23, '2021-02-23', 'babysitter-night', '2021-01-29 12:33:30'),
(861, 23, '2021-02-24', 'babysitter-night', '2021-01-29 12:33:30'),
(862, 23, '2021-02-25', 'babysitter-night', '2021-01-29 12:33:30'),
(863, 23, '2021-02-26', 'babysitter-night', '2021-01-29 12:33:30'),
(864, 23, '2021-02-27', 'babysitter-night', '2021-01-29 12:33:30'),
(865, 23, '2021-02-28', 'babysitter-night', '2021-01-29 12:33:30'),
(866, 23, '2021-03-01', 'babysitter-night', '2021-01-29 12:33:30'),
(867, 23, '2021-03-02', 'babysitter-night', '2021-01-29 12:33:30'),
(868, 23, '2021-03-03', 'babysitter-night', '2021-01-29 12:33:30'),
(869, 23, '2021-03-04', 'babysitter-night', '2021-01-29 12:33:30'),
(870, 23, '2021-03-05', 'babysitter-night', '2021-01-29 12:33:30'),
(871, 23, '2021-03-06', 'babysitter-night', '2021-01-29 12:33:30'),
(872, 23, '2021-02-01', 'holiday_nanny', '2021-01-29 12:33:30'),
(873, 23, '2021-02-02', 'holiday_nanny', '2021-01-29 12:33:30'),
(874, 23, '2021-02-03', 'holiday_nanny', '2021-01-29 12:33:30'),
(875, 23, '2021-02-04', 'holiday_nanny', '2021-01-29 12:33:30'),
(876, 23, '2021-02-05', 'holiday_nanny', '2021-01-29 12:33:30'),
(877, 23, '2021-02-06', 'holiday_nanny', '2021-01-29 12:33:30'),
(878, 23, '2021-02-07', 'holiday_nanny', '2021-01-29 12:33:30'),
(879, 23, '2021-01-31', 'holiday_nanny', '2021-01-29 12:33:30'),
(880, 23, '2021-02-08', 'holiday_nanny', '2021-01-29 12:33:30'),
(881, 23, '2021-02-09', 'holiday_nanny', '2021-01-29 12:33:30'),
(882, 23, '2021-02-10', 'holiday_nanny', '2021-01-29 12:33:30'),
(883, 23, '2021-02-11', 'holiday_nanny', '2021-01-29 12:33:30'),
(884, 23, '2021-02-12', 'holiday_nanny', '2021-01-29 12:33:30'),
(885, 23, '2021-02-13', 'holiday_nanny', '2021-01-29 12:33:30'),
(886, 23, '2021-02-20', 'holiday_nanny', '2021-01-29 12:33:30'),
(887, 23, '2021-02-19', 'holiday_nanny', '2021-01-29 12:33:30'),
(888, 23, '2021-02-18', 'holiday_nanny', '2021-01-29 12:33:30'),
(889, 23, '2021-02-17', 'holiday_nanny', '2021-01-29 12:33:30'),
(890, 23, '2021-02-16', 'holiday_nanny', '2021-01-29 12:33:30'),
(891, 23, '2021-02-15', 'holiday_nanny', '2021-01-29 12:33:30'),
(892, 23, '2021-02-14', 'holiday_nanny', '2021-01-29 12:33:30'),
(893, 23, '2021-02-21', 'holiday_nanny', '2021-01-29 12:33:30'),
(894, 23, '2021-02-22', 'holiday_nanny', '2021-01-29 12:33:30'),
(895, 23, '2021-02-23', 'holiday_nanny', '2021-01-29 12:33:30'),
(896, 23, '2021-02-24', 'holiday_nanny', '2021-01-29 12:33:30'),
(897, 23, '2021-02-25', 'holiday_nanny', '2021-01-29 12:33:30'),
(898, 23, '2021-02-26', 'holiday_nanny', '2021-01-29 12:33:30'),
(899, 23, '2021-02-27', 'holiday_nanny', '2021-01-29 12:33:30'),
(900, 23, '2021-01-29', 'babysitter-day', '2021-01-29 12:36:26'),
(901, 23, '2021-01-29', 'babysitter-night', '2021-01-29 12:36:26'),
(902, 23, '2021-01-30', 'babysitter-day', '2021-01-29 12:36:26'),
(903, 23, '2021-01-30', 'babysitter-night', '2021-01-29 12:36:26'),
(904, 23, '2021-01-31', 'babysitter-day', '2021-01-29 12:36:26'),
(905, 23, '2021-01-31', 'babysitter-night', '2021-01-29 12:36:26'),
(906, 23, '2021-02-01', 'babysitter-day', '2021-01-29 12:36:26'),
(907, 23, '2021-02-01', 'babysitter-night', '2021-01-29 12:36:26'),
(908, 23, '2021-02-02', 'babysitter-day', '2021-01-29 12:36:26'),
(909, 23, '2021-02-02', 'babysitter-night', '2021-01-29 12:36:26'),
(910, 23, '2021-02-03', 'babysitter-day', '2021-01-29 12:36:26'),
(911, 23, '2021-02-03', 'babysitter-night', '2021-01-29 12:36:26'),
(912, 23, '2021-02-04', 'babysitter-day', '2021-01-29 12:36:26'),
(913, 23, '2021-02-04', 'babysitter-night', '2021-01-29 12:36:26'),
(914, 23, '2021-02-05', 'babysitter-night', '2021-01-29 12:36:26'),
(915, 23, '2021-02-05', 'babysitter-day', '2021-01-29 12:36:26'),
(916, 23, '2021-02-06', 'babysitter-day', '2021-01-29 12:36:26'),
(917, 23, '2021-02-06', 'babysitter-night', '2021-01-29 12:36:26'),
(918, 23, '2021-02-07', 'babysitter-night', '2021-01-29 12:36:26'),
(919, 23, '2021-02-07', 'babysitter-day', '2021-01-29 12:36:26'),
(920, 23, '2021-02-08', 'babysitter-night', '2021-01-29 12:36:26'),
(921, 23, '2021-02-08', 'babysitter-day', '2021-01-29 12:36:26'),
(922, 23, '2021-02-09', 'babysitter-day', '2021-01-29 12:36:26'),
(923, 23, '2021-02-09', 'babysitter-night', '2021-01-29 12:36:26'),
(924, 23, '2021-02-10', 'babysitter-night', '2021-01-29 12:36:26'),
(925, 23, '2021-02-10', 'babysitter-day', '2021-01-29 12:36:26'),
(926, 23, '2021-02-11', 'babysitter-day', '2021-01-29 12:36:26'),
(927, 23, '2021-02-11', 'babysitter-night', '2021-01-29 12:36:26'),
(928, 23, '2021-02-12', 'babysitter-night', '2021-01-29 12:36:26'),
(929, 23, '2021-02-12', 'babysitter-day', '2021-01-29 12:36:26'),
(930, 23, '2021-02-13', 'babysitter-night', '2021-01-29 12:36:26'),
(931, 23, '2021-02-13', 'babysitter-day', '2021-01-29 12:36:26'),
(932, 23, '2021-02-14', 'babysitter-day', '2021-01-29 12:36:26'),
(933, 23, '2021-02-14', 'babysitter-night', '2021-01-29 12:36:26'),
(934, 23, '2021-02-15', 'babysitter-day', '2021-01-29 12:36:26');
INSERT INTO `babysitter_availabilities` (`id`, `babysitter_id`, `date`, `type`, `deleted_at`) VALUES
(935, 23, '2021-02-15', 'babysitter-night', '2021-01-29 12:36:26'),
(936, 23, '2021-02-16', 'babysitter-night', '2021-01-29 12:36:26'),
(937, 23, '2021-02-16', 'babysitter-day', '2021-01-29 12:36:26'),
(938, 23, '2021-02-17', 'babysitter-day', '2021-01-29 12:36:26'),
(939, 23, '2021-02-17', 'babysitter-night', '2021-01-29 12:36:26'),
(940, 23, '2021-02-18', 'babysitter-night', '2021-01-29 12:36:26'),
(941, 23, '2021-02-18', 'babysitter-day', '2021-01-29 12:36:26'),
(942, 23, '2021-02-19', 'babysitter-night', '2021-01-29 12:36:26'),
(943, 23, '2021-02-19', 'babysitter-day', '2021-01-29 12:36:26'),
(944, 23, '2021-02-20', 'babysitter-night', '2021-01-29 12:36:26'),
(945, 23, '2021-02-20', 'babysitter-day', '2021-01-29 12:36:26'),
(946, 23, '2021-02-21', 'babysitter-night', '2021-01-29 12:36:26'),
(947, 23, '2021-02-21', 'babysitter-day', '2021-01-29 12:36:26'),
(948, 23, '2021-02-22', 'babysitter-day', '2021-01-29 12:36:26'),
(949, 23, '2021-02-22', 'babysitter-night', '2021-01-29 12:36:26'),
(950, 23, '2021-02-23', 'babysitter-night', '2021-01-29 12:36:26'),
(951, 23, '2021-02-23', 'babysitter-day', '2021-01-29 12:36:26'),
(952, 23, '2021-02-24', 'babysitter-night', '2021-01-29 12:36:26'),
(953, 23, '2021-02-24', 'babysitter-day', '2021-01-29 12:36:26'),
(954, 23, '2021-02-25', 'babysitter-night', '2021-01-29 12:36:26'),
(955, 23, '2021-02-25', 'babysitter-day', '2021-01-29 12:36:26'),
(956, 23, '2021-02-26', 'babysitter-day', '2021-01-29 12:36:26'),
(957, 23, '2021-02-26', 'babysitter-night', '2021-01-29 12:36:26'),
(958, 23, '2021-02-27', 'babysitter-night', '2021-01-29 12:36:26'),
(959, 23, '2021-02-27', 'babysitter-day', '2021-01-29 12:36:26'),
(960, 23, '2021-02-28', 'babysitter-day', '2021-01-29 12:36:26'),
(961, 23, '2021-02-28', 'babysitter-night', '2021-01-29 12:36:26'),
(962, 23, '2021-03-01', 'babysitter-night', '2021-01-29 12:36:26'),
(963, 23, '2021-03-02', 'babysitter-day', '2021-01-29 12:36:26'),
(964, 23, '2021-03-02', 'babysitter-night', '2021-01-29 12:36:26'),
(965, 23, '2021-03-03', 'babysitter-night', '2021-01-29 12:36:26'),
(966, 23, '2021-03-03', 'babysitter-day', '2021-01-29 12:36:26'),
(967, 23, '2021-03-04', 'babysitter-night', '2021-01-29 12:36:26'),
(968, 23, '2021-03-04', 'babysitter-day', '2021-01-29 12:36:26'),
(969, 23, '2021-03-05', 'babysitter-night', '2021-01-29 12:36:26'),
(970, 23, '2021-03-05', 'babysitter-day', '2021-01-29 12:36:26'),
(971, 23, '2021-03-06', 'babysitter-day', '2021-01-29 12:36:26'),
(972, 23, '2021-03-06', 'babysitter-night', '2021-01-29 12:36:26'),
(973, 23, '2021-03-08', 'babysitter-day', '2021-01-29 12:36:26'),
(974, 23, '2021-03-08', 'babysitter-night', '2021-01-29 12:36:26'),
(975, 23, '2021-03-09', 'babysitter-day', '2021-01-29 12:36:26'),
(976, 23, '2021-03-09', 'babysitter-night', '2021-01-29 12:36:26'),
(977, 23, '2021-03-10', 'babysitter-day', '2021-01-29 12:36:26'),
(978, 23, '2021-03-10', 'babysitter-night', '2021-01-29 12:36:26'),
(979, 23, '2021-03-11', 'babysitter-day', '2021-01-29 12:36:26'),
(980, 23, '2021-03-11', 'babysitter-night', '2021-01-29 12:36:26'),
(981, 23, '2021-03-12', 'babysitter-day', '2021-01-29 12:36:26'),
(982, 23, '2021-03-12', 'babysitter-night', '2021-01-29 12:36:26'),
(983, 23, '2021-03-13', 'babysitter-day', '2021-01-29 12:36:26'),
(984, 23, '2021-03-13', 'babysitter-night', '2021-01-29 12:36:26'),
(985, 23, '2021-03-14', 'babysitter-day', '2021-01-29 12:36:26'),
(986, 23, '2021-03-14', 'babysitter-night', '2021-01-29 12:36:26'),
(987, 23, '2021-03-15', 'babysitter-day', '2021-01-29 12:36:26'),
(988, 23, '2021-03-15', 'babysitter-night', '2021-01-29 12:36:26'),
(989, 23, '2021-03-16', 'babysitter-day', '2021-01-29 12:36:26'),
(990, 23, '2021-03-16', 'babysitter-night', '2021-01-29 12:36:26'),
(991, 23, '2021-03-17', 'babysitter-day', '2021-01-29 12:36:26'),
(992, 23, '2021-03-17', 'babysitter-night', '2021-01-29 12:36:26'),
(993, 23, '2021-03-18', 'babysitter-day', '2021-01-29 12:36:26'),
(994, 23, '2021-03-18', 'babysitter-night', '2021-01-29 12:36:26'),
(995, 23, '2021-03-19', 'babysitter-day', '2021-01-29 12:36:26'),
(996, 23, '2021-03-19', 'babysitter-night', '2021-01-29 12:36:26'),
(997, 23, '2021-03-20', 'babysitter-day', '2021-01-29 12:36:26'),
(998, 23, '2021-03-20', 'babysitter-night', '2021-01-29 12:36:26'),
(999, 23, '2021-01-31', 'holiday_nanny', '2021-01-29 12:36:26'),
(1000, 23, '2021-02-01', 'holiday_nanny', '2021-01-29 12:36:26'),
(1001, 23, '2021-02-02', 'holiday_nanny', '2021-01-29 12:36:26'),
(1002, 23, '2021-02-03', 'holiday_nanny', '2021-01-29 12:36:26'),
(1003, 23, '2021-02-04', 'holiday_nanny', '2021-01-29 12:36:26'),
(1004, 23, '2021-02-05', 'holiday_nanny', '2021-01-29 12:36:26'),
(1005, 23, '2021-02-06', 'holiday_nanny', '2021-01-29 12:36:26'),
(1006, 23, '2021-02-07', 'holiday_nanny', '2021-01-29 12:36:26'),
(1007, 23, '2021-02-08', 'holiday_nanny', '2021-01-29 12:36:26'),
(1008, 23, '2021-02-09', 'holiday_nanny', '2021-01-29 12:36:26'),
(1009, 23, '2021-02-10', 'holiday_nanny', '2021-01-29 12:36:26'),
(1010, 23, '2021-02-11', 'holiday_nanny', '2021-01-29 12:36:26'),
(1011, 23, '2021-02-12', 'holiday_nanny', '2021-01-29 12:36:26'),
(1012, 23, '2021-02-13', 'holiday_nanny', '2021-01-29 12:36:26'),
(1013, 23, '2021-02-14', 'holiday_nanny', '2021-01-29 12:36:26'),
(1014, 23, '2021-02-15', 'holiday_nanny', '2021-01-29 12:36:26'),
(1015, 23, '2021-02-16', 'holiday_nanny', '2021-01-29 12:36:26'),
(1016, 23, '2021-02-17', 'holiday_nanny', '2021-01-29 12:36:26'),
(1017, 23, '2021-02-18', 'holiday_nanny', '2021-01-29 12:36:26'),
(1018, 23, '2021-02-19', 'holiday_nanny', '2021-01-29 12:36:26'),
(1019, 23, '2021-02-20', 'holiday_nanny', '2021-01-29 12:36:26'),
(1020, 23, '2021-02-21', 'holiday_nanny', '2021-01-29 12:36:26'),
(1021, 23, '2021-02-22', 'holiday_nanny', '2021-01-29 12:36:26'),
(1022, 23, '2021-02-23', 'holiday_nanny', '2021-01-29 12:36:26'),
(1023, 23, '2021-02-24', 'holiday_nanny', '2021-01-29 12:36:26'),
(1024, 23, '2021-02-25', 'holiday_nanny', '2021-01-29 12:36:26'),
(1025, 23, '2021-02-26', 'holiday_nanny', '2021-01-29 12:36:26'),
(1026, 23, '2021-02-27', 'holiday_nanny', '2021-01-29 12:36:26'),
(1027, 23, '2021-01-29', 'babysitter-day', NULL),
(1028, 23, '2021-01-30', 'babysitter-day', NULL),
(1029, 23, '2021-01-31', 'babysitter-day', NULL),
(1030, 23, '2021-02-01', 'babysitter-day', NULL),
(1031, 23, '2021-02-02', 'babysitter-day', NULL),
(1032, 23, '2021-02-03', 'babysitter-day', NULL),
(1033, 23, '2021-02-04', 'babysitter-day', NULL),
(1034, 23, '2021-02-05', 'babysitter-day', NULL),
(1035, 23, '2021-02-06', 'babysitter-day', NULL),
(1036, 23, '2021-02-07', 'babysitter-day', NULL),
(1037, 23, '2021-02-08', 'babysitter-day', NULL),
(1038, 23, '2021-02-09', 'babysitter-day', NULL),
(1039, 23, '2021-02-10', 'babysitter-day', NULL),
(1040, 23, '2021-02-11', 'babysitter-day', NULL),
(1041, 23, '2021-02-12', 'babysitter-day', NULL),
(1042, 23, '2021-02-13', 'babysitter-day', NULL),
(1043, 23, '2021-02-14', 'babysitter-day', NULL),
(1044, 23, '2021-02-15', 'babysitter-day', NULL),
(1045, 23, '2021-02-16', 'babysitter-day', NULL),
(1046, 23, '2021-02-17', 'babysitter-day', NULL),
(1047, 23, '2021-02-18', 'babysitter-day', NULL),
(1048, 23, '2021-02-19', 'babysitter-day', NULL),
(1049, 23, '2021-02-20', 'babysitter-day', NULL),
(1050, 23, '2021-02-21', 'babysitter-day', NULL),
(1051, 23, '2021-02-22', 'babysitter-day', NULL),
(1052, 23, '2021-02-23', 'babysitter-day', NULL),
(1053, 23, '2021-02-24', 'babysitter-day', NULL),
(1054, 23, '2021-02-25', 'babysitter-day', NULL),
(1055, 23, '2021-02-26', 'babysitter-day', NULL),
(1056, 23, '2021-02-27', 'babysitter-day', NULL),
(1057, 23, '2021-02-28', 'babysitter-day', NULL),
(1058, 23, '2021-03-02', 'babysitter-day', NULL),
(1059, 23, '2021-03-03', 'babysitter-day', NULL),
(1060, 23, '2021-03-04', 'babysitter-day', NULL),
(1061, 23, '2021-03-05', 'babysitter-day', NULL),
(1062, 23, '2021-03-06', 'babysitter-day', NULL),
(1063, 23, '2021-03-08', 'babysitter-day', NULL),
(1064, 23, '2021-03-09', 'babysitter-day', NULL),
(1065, 23, '2021-03-10', 'babysitter-day', NULL),
(1066, 23, '2021-03-11', 'babysitter-day', NULL),
(1067, 23, '2021-03-12', 'babysitter-day', NULL),
(1068, 23, '2021-03-13', 'babysitter-day', NULL),
(1069, 23, '2021-03-14', 'babysitter-day', NULL),
(1070, 23, '2021-03-15', 'babysitter-day', NULL),
(1071, 23, '2021-03-16', 'babysitter-day', NULL),
(1072, 23, '2021-03-17', 'babysitter-day', NULL),
(1073, 23, '2021-03-18', 'babysitter-day', NULL),
(1074, 23, '2021-03-19', 'babysitter-day', NULL),
(1075, 23, '2021-03-20', 'babysitter-day', NULL),
(1076, 23, '2021-03-22', 'babysitter-day', NULL),
(1077, 23, '2021-03-24', 'babysitter-day', NULL),
(1078, 23, '2021-03-23', 'babysitter-day', NULL),
(1079, 23, '2021-03-25', 'babysitter-day', NULL),
(1080, 23, '2021-03-26', 'babysitter-day', NULL),
(1081, 23, '2021-03-27', 'babysitter-day', NULL),
(1082, 23, '2021-03-28', 'babysitter-day', NULL),
(1083, 23, '2021-03-21', 'babysitter-day', NULL),
(1084, 23, '2021-01-29', 'babysitter-night', NULL),
(1085, 23, '2021-01-30', 'babysitter-night', NULL),
(1086, 23, '2021-01-31', 'babysitter-night', NULL),
(1087, 23, '2021-02-01', 'babysitter-night', NULL),
(1088, 23, '2021-02-02', 'babysitter-night', NULL),
(1089, 23, '2021-02-03', 'babysitter-night', NULL),
(1090, 23, '2021-02-04', 'babysitter-night', NULL),
(1091, 23, '2021-02-05', 'babysitter-night', NULL),
(1092, 23, '2021-02-06', 'babysitter-night', NULL),
(1093, 23, '2021-02-07', 'babysitter-night', NULL),
(1094, 23, '2021-02-08', 'babysitter-night', NULL),
(1095, 23, '2021-02-09', 'babysitter-night', NULL),
(1096, 23, '2021-02-10', 'babysitter-night', NULL),
(1097, 23, '2021-02-11', 'babysitter-night', NULL),
(1098, 23, '2021-02-12', 'babysitter-night', NULL),
(1099, 23, '2021-02-13', 'babysitter-night', NULL),
(1100, 23, '2021-02-14', 'babysitter-night', NULL),
(1101, 23, '2021-02-15', 'babysitter-night', NULL),
(1102, 23, '2021-02-16', 'babysitter-night', NULL),
(1103, 23, '2021-02-17', 'babysitter-night', NULL),
(1104, 23, '2021-02-18', 'babysitter-night', NULL),
(1105, 23, '2021-02-19', 'babysitter-night', NULL),
(1106, 23, '2021-02-20', 'babysitter-night', NULL),
(1107, 23, '2021-02-21', 'babysitter-night', NULL),
(1108, 23, '2021-02-22', 'babysitter-night', NULL),
(1109, 23, '2021-02-23', 'babysitter-night', NULL),
(1110, 23, '2021-02-24', 'babysitter-night', NULL),
(1111, 23, '2021-02-25', 'babysitter-night', NULL),
(1112, 23, '2021-02-26', 'babysitter-night', NULL),
(1113, 23, '2021-02-27', 'babysitter-night', NULL),
(1114, 23, '2021-02-28', 'babysitter-night', NULL),
(1115, 23, '2021-03-01', 'babysitter-night', NULL),
(1116, 23, '2021-03-02', 'babysitter-night', NULL),
(1117, 23, '2021-03-03', 'babysitter-night', NULL),
(1118, 23, '2021-03-04', 'babysitter-night', NULL),
(1119, 23, '2021-03-05', 'babysitter-night', NULL),
(1120, 23, '2021-03-06', 'babysitter-night', NULL),
(1121, 23, '2021-03-08', 'babysitter-night', NULL),
(1122, 23, '2021-03-09', 'babysitter-night', NULL),
(1123, 23, '2021-03-10', 'babysitter-night', NULL),
(1124, 23, '2021-03-11', 'babysitter-night', NULL),
(1125, 23, '2021-03-12', 'babysitter-night', NULL),
(1126, 23, '2021-03-13', 'babysitter-night', NULL),
(1127, 23, '2021-03-14', 'babysitter-night', NULL),
(1128, 23, '2021-03-15', 'babysitter-night', NULL),
(1129, 23, '2021-03-16', 'babysitter-night', NULL),
(1130, 23, '2021-03-17', 'babysitter-night', NULL),
(1131, 23, '2021-03-18', 'babysitter-night', NULL),
(1132, 23, '2021-03-19', 'babysitter-night', NULL),
(1133, 23, '2021-03-20', 'babysitter-night', NULL),
(1134, 23, '2021-03-22', 'babysitter-night', NULL),
(1135, 23, '2021-03-24', 'babysitter-night', NULL),
(1136, 23, '2021-03-23', 'babysitter-night', NULL),
(1137, 23, '2021-03-25', 'babysitter-night', NULL),
(1138, 23, '2021-03-26', 'babysitter-night', NULL),
(1139, 23, '2021-03-27', 'babysitter-night', NULL),
(1140, 23, '2021-03-28', 'babysitter-night', NULL),
(1141, 23, '2021-03-21', 'babysitter-night', NULL),
(1142, 23, '2021-01-31', 'holiday_nanny', NULL),
(1143, 23, '2021-02-01', 'holiday_nanny', NULL),
(1144, 23, '2021-02-02', 'holiday_nanny', NULL),
(1145, 23, '2021-02-03', 'holiday_nanny', NULL),
(1146, 23, '2021-02-04', 'holiday_nanny', NULL),
(1147, 23, '2021-02-05', 'holiday_nanny', NULL),
(1148, 23, '2021-02-06', 'holiday_nanny', NULL),
(1149, 23, '2021-02-07', 'holiday_nanny', NULL),
(1150, 23, '2021-02-08', 'holiday_nanny', NULL),
(1151, 23, '2021-02-09', 'holiday_nanny', NULL),
(1152, 23, '2021-02-10', 'holiday_nanny', NULL),
(1153, 23, '2021-02-11', 'holiday_nanny', NULL),
(1154, 23, '2021-02-12', 'holiday_nanny', NULL),
(1155, 23, '2021-02-13', 'holiday_nanny', NULL),
(1156, 23, '2021-02-14', 'holiday_nanny', NULL),
(1157, 23, '2021-02-15', 'holiday_nanny', NULL),
(1158, 23, '2021-02-16', 'holiday_nanny', NULL),
(1159, 23, '2021-02-17', 'holiday_nanny', NULL),
(1160, 23, '2021-02-18', 'holiday_nanny', NULL),
(1161, 23, '2021-02-19', 'holiday_nanny', NULL),
(1162, 23, '2021-02-20', 'holiday_nanny', NULL),
(1163, 23, '2021-02-21', 'holiday_nanny', NULL),
(1164, 23, '2021-02-22', 'holiday_nanny', NULL),
(1165, 23, '2021-02-23', 'holiday_nanny', NULL),
(1166, 23, '2021-02-24', 'holiday_nanny', NULL),
(1167, 23, '2021-02-25', 'holiday_nanny', NULL),
(1168, 23, '2021-02-26', 'holiday_nanny', NULL),
(1169, 23, '2021-02-27', 'holiday_nanny', NULL),
(1170, 2, '2019-11-15', 'babysitter-day', NULL),
(1171, 2, '2019-11-15', 'babysitter-night', NULL),
(1172, 2, '2019-12-05', 'babysitter-night', NULL),
(1173, 2, '2020-02-01', 'babysitter-night', NULL),
(1174, 2, '2020-02-01', 'babysitter-day', NULL),
(1175, 2, '2020-02-02', 'babysitter-night', NULL),
(1176, 2, '2020-02-02', 'babysitter-day', NULL),
(1177, 2, '2020-02-03', 'babysitter-day', NULL),
(1178, 2, '2020-06-23', 'babysitter-night', NULL),
(1179, 2, '2020-06-23', 'babysitter-day', NULL),
(1180, 2, '2020-06-24', 'babysitter-night', NULL),
(1181, 2, '2020-06-24', 'babysitter-day', NULL),
(1182, 2, '2020-06-25', 'babysitter-night', NULL),
(1183, 2, '2020-06-25', 'babysitter-day', NULL),
(1184, 2, '2020-06-26', 'babysitter-night', NULL),
(1185, 2, '2020-06-26', 'babysitter-day', NULL),
(1186, 2, '2020-06-27', 'babysitter-night', NULL),
(1187, 2, '2020-06-27', 'babysitter-day', NULL),
(1188, 2, '2020-06-28', 'babysitter-day', NULL),
(1189, 2, '2020-06-28', 'babysitter-night', NULL),
(1190, 2, '2020-06-29', 'babysitter-night', NULL),
(1191, 2, '2020-06-29', 'babysitter-day', NULL),
(1192, 2, '2020-06-30', 'babysitter-night', NULL),
(1193, 2, '2020-06-30', 'babysitter-day', NULL),
(1194, 2, '2020-08-03', 'babysitter-night', NULL),
(1195, 2, '2020-08-03', 'babysitter-day', NULL),
(1196, 2, '2020-08-04', 'babysitter-night', NULL),
(1197, 2, '2020-08-04', 'babysitter-day', NULL),
(1198, 2, '2020-08-05', 'babysitter-day', NULL),
(1199, 2, '2020-08-05', 'babysitter-night', NULL),
(1200, 2, '2020-08-12', 'babysitter-day', NULL),
(1201, 2, '2020-08-12', 'babysitter-night', NULL),
(1202, 2, '2020-08-13', 'babysitter-day', NULL),
(1203, 2, '2020-08-13', 'babysitter-night', NULL),
(1204, 2, '2021-02-08', 'babysitter-day', NULL),
(1205, 2, '2021-02-08', 'babysitter-night', NULL),
(1206, 2, '2021-02-09', 'babysitter-day', NULL),
(1207, 2, '2021-02-09', 'babysitter-night', NULL),
(1208, 2, '2021-02-10', 'babysitter-day', NULL),
(1209, 2, '2021-02-10', 'babysitter-night', NULL),
(1210, 2, '2021-02-11', 'babysitter-day', NULL),
(1211, 2, '2021-02-11', 'babysitter-night', NULL),
(1212, 2, '2021-02-12', 'babysitter-day', NULL),
(1213, 2, '2021-02-12', 'babysitter-night', NULL),
(1214, 2, '2021-02-13', 'babysitter-day', NULL),
(1215, 2, '2021-02-13', 'babysitter-night', NULL),
(1216, 2, '2021-02-14', 'babysitter-day', NULL),
(1217, 2, '2021-02-14', 'babysitter-night', NULL),
(1218, 2, '2021-02-15', 'babysitter-day', NULL),
(1219, 2, '2021-02-15', 'babysitter-night', NULL),
(1220, 2, '2021-02-16', 'babysitter-day', NULL),
(1221, 2, '2021-02-16', 'babysitter-night', NULL),
(1222, 2, '2019-11-19', 'holiday_nanny', NULL),
(1223, 2, '2019-11-20', 'holiday_nanny', NULL),
(1224, 2, '2019-11-21', 'holiday_nanny', NULL),
(1225, 2, '2020-02-04', 'holiday_nanny', NULL),
(1226, 2, '2020-02-05', 'holiday_nanny', NULL),
(1227, 2, '2020-02-06', 'holiday_nanny', NULL),
(1228, 2, '2020-02-07', 'holiday_nanny', NULL),
(1229, 9, '2020-03-06', 'babysitter-day', '2021-12-30 14:52:48'),
(1230, 9, '2020-03-07', 'babysitter-day', '2021-12-30 14:52:48'),
(1231, 9, '2020-03-13', 'babysitter-day', '2021-12-30 14:52:48'),
(1232, 9, '2020-03-14', 'babysitter-day', '2021-12-30 14:52:48'),
(1233, 9, '2020-03-05', 'babysitter-night', '2021-12-30 14:52:48'),
(1234, 9, '2020-03-06', 'babysitter-night', '2021-12-30 14:52:48'),
(1235, 9, '2020-03-07', 'babysitter-night', '2021-12-30 14:52:48'),
(1236, 9, '2020-03-12', 'babysitter-night', '2021-12-30 14:52:48'),
(1237, 9, '2020-03-13', 'babysitter-night', '2021-12-30 14:52:48'),
(1238, 9, '2020-03-14', 'babysitter-night', '2021-12-30 14:52:48'),
(1239, 9, '2020-03-01', 'holiday_nanny', '2021-12-30 14:52:48'),
(1240, 9, '2020-03-02', 'holiday_nanny', '2021-12-30 14:52:48'),
(1241, 9, '2020-03-05', 'holiday_nanny', '2021-12-30 14:52:48'),
(1242, 9, '2020-03-07', 'holiday_nanny', '2021-12-30 14:52:48'),
(1243, 9, '2020-03-08', 'holiday_nanny', '2021-12-30 14:52:48'),
(1244, 9, '2020-03-09', 'holiday_nanny', '2021-12-30 14:52:48'),
(1245, 9, '2020-03-11', 'holiday_nanny', '2021-12-30 14:52:48'),
(1246, 9, '2020-03-12', 'holiday_nanny', '2021-12-30 14:52:48'),
(1247, 9, '2020-03-13', 'holiday_nanny', '2021-12-30 14:52:48'),
(1248, 9, '2020-03-14', 'holiday_nanny', '2021-12-30 14:52:48'),
(1249, 9, '2020-03-15', 'holiday_nanny', '2021-12-30 14:52:48'),
(1250, 9, '2020-03-16', 'holiday_nanny', '2021-12-30 14:52:48'),
(1251, 9, '2020-03-17', 'holiday_nanny', '2021-12-30 14:52:48'),
(1252, 9, '2020-03-20', 'holiday_nanny', '2021-12-30 14:52:48'),
(1253, 9, '2020-03-21', 'holiday_nanny', '2021-12-30 14:52:48'),
(1254, 33, '2021-11-01', 'babysitter-day', '2021-11-20 14:39:38'),
(1255, 33, '2021-11-01', 'babysitter-night', '2021-11-20 14:39:38'),
(1256, 33, '2021-11-02', 'babysitter-day', '2021-11-20 14:39:38'),
(1257, 33, '2021-11-02', 'babysitter-night', '2021-11-20 14:39:38'),
(1258, 33, '2021-11-03', 'babysitter-day', '2021-11-20 14:39:38'),
(1259, 33, '2021-11-03', 'babysitter-night', '2021-11-20 14:39:38'),
(1260, 33, '2021-11-04', 'babysitter-day', '2021-11-20 14:39:38'),
(1261, 33, '2021-11-04', 'babysitter-night', '2021-11-20 14:39:38'),
(1262, 33, '2021-11-05', 'babysitter-day', '2021-11-20 14:39:38'),
(1263, 33, '2021-11-05', 'babysitter-night', '2021-11-20 14:39:38'),
(1264, 33, '2021-11-06', 'babysitter-day', '2021-11-20 14:39:38'),
(1265, 33, '2021-11-06', 'babysitter-night', '2021-11-20 14:39:38'),
(1266, 33, '2021-11-13', 'babysitter-day', '2021-11-20 14:39:38'),
(1267, 33, '2021-11-13', 'babysitter-night', '2021-11-20 14:39:38'),
(1268, 33, '2021-11-12', 'babysitter-day', '2021-11-20 14:39:38'),
(1269, 33, '2021-11-12', 'babysitter-night', '2021-11-20 14:39:38'),
(1270, 33, '2021-11-27', 'babysitter-day', '2021-11-20 14:39:38'),
(1271, 33, '2021-11-27', 'babysitter-night', '2021-11-20 14:39:38'),
(1272, 33, '2021-11-26', 'babysitter-day', '2021-11-20 14:39:38'),
(1273, 33, '2021-11-26', 'babysitter-night', '2021-11-20 14:39:38'),
(1274, 33, '2021-11-25', 'babysitter-day', '2021-11-20 14:39:38'),
(1275, 33, '2021-11-25', 'babysitter-night', '2021-11-20 14:39:38'),
(1276, 33, '2021-11-24', 'babysitter-day', '2021-11-20 14:39:38'),
(1277, 33, '2021-11-24', 'babysitter-night', '2021-11-20 14:39:38'),
(1278, 33, '2021-11-23', 'babysitter-day', '2021-11-20 14:39:38'),
(1279, 33, '2021-11-23', 'babysitter-night', '2021-11-20 14:39:38'),
(1280, 33, '2021-11-22', 'babysitter-day', '2021-11-20 14:39:38'),
(1281, 33, '2021-11-22', 'babysitter-night', '2021-11-20 14:39:38'),
(1282, 33, '2021-11-21', 'babysitter-day', '2021-11-20 14:39:38'),
(1283, 33, '2021-11-21', 'babysitter-night', '2021-11-20 14:39:38'),
(1284, 33, '2021-11-28', 'babysitter-day', '2021-11-20 14:39:38'),
(1285, 33, '2021-11-28', 'babysitter-night', '2021-11-20 14:39:38'),
(1286, 33, '2021-11-29', 'babysitter-day', '2021-11-20 14:39:38'),
(1287, 33, '2021-11-29', 'babysitter-night', '2021-11-20 14:39:38'),
(1288, 33, '2021-11-30', 'babysitter-day', '2021-11-20 14:39:38'),
(1289, 33, '2021-11-30', 'babysitter-night', '2021-11-20 14:39:38'),
(1290, 33, '2022-01-01', 'babysitter-day', '2021-11-20 14:39:38'),
(1291, 33, '2022-01-01', 'babysitter-night', '2021-11-20 14:39:38'),
(1292, 33, '2022-01-02', 'babysitter-day', '2021-11-20 14:39:38'),
(1293, 33, '2022-01-02', 'babysitter-night', '2021-11-20 14:39:38'),
(1294, 33, '2022-01-03', 'babysitter-night', '2021-11-20 14:39:38'),
(1295, 33, '2022-01-04', 'babysitter-day', '2021-11-20 14:39:38'),
(1296, 33, '2022-01-04', 'babysitter-night', '2021-11-20 14:39:38'),
(1297, 33, '2021-12-01', 'babysitter-day', '2021-11-20 14:39:38'),
(1298, 33, '2021-12-01', 'babysitter-night', '2021-11-20 14:39:38'),
(1299, 33, '2021-12-02', 'babysitter-day', '2021-11-20 14:39:38'),
(1300, 33, '2021-12-02', 'babysitter-night', '2021-11-20 14:39:38'),
(1301, 33, '2021-12-03', 'babysitter-day', '2021-11-20 14:39:38'),
(1302, 33, '2021-12-03', 'babysitter-night', '2021-11-20 14:39:38'),
(1303, 33, '2021-12-05', 'babysitter-night', '2021-11-20 14:39:38'),
(1304, 33, '2021-12-04', 'babysitter-night', '2021-11-20 14:39:38'),
(1305, 33, '2021-12-06', 'babysitter-day', '2021-11-20 14:39:38'),
(1306, 33, '2021-12-06', 'babysitter-night', '2021-11-20 14:39:38'),
(1307, 33, '2021-12-07', 'babysitter-day', '2021-11-20 14:39:38'),
(1308, 33, '2021-12-07', 'babysitter-night', '2021-11-20 14:39:38'),
(1309, 33, '2021-12-08', 'babysitter-day', '2021-11-20 14:39:38'),
(1310, 33, '2021-12-08', 'babysitter-night', '2021-11-20 14:39:38'),
(1311, 33, '2021-12-09', 'babysitter-day', '2021-11-20 14:39:38'),
(1312, 33, '2021-12-09', 'babysitter-night', '2021-11-20 14:39:38'),
(1313, 33, '2021-12-10', 'babysitter-day', '2021-11-20 14:39:38'),
(1314, 33, '2021-12-10', 'babysitter-night', '2021-11-20 14:39:38'),
(1315, 33, '2021-12-11', 'babysitter-night', '2021-11-20 14:39:38'),
(1316, 33, '2021-12-12', 'babysitter-night', '2021-11-20 14:39:38'),
(1317, 33, '2021-12-05', 'holiday_nanny', '2021-11-20 14:39:38'),
(1318, 33, '2021-12-06', 'holiday_nanny', '2021-11-20 14:39:38'),
(1319, 33, '2021-12-12', 'holiday_nanny', '2021-11-20 14:39:38'),
(1320, 33, '2021-12-13', 'holiday_nanny', '2021-11-20 14:39:38'),
(1321, 33, '2021-12-20', 'holiday_nanny', '2021-11-20 14:39:38'),
(1322, 33, '2021-12-27', 'holiday_nanny', '2021-11-20 14:39:38'),
(1323, 33, '2021-12-26', 'holiday_nanny', '2021-11-20 14:39:38'),
(1324, 33, '2021-12-19', 'holiday_nanny', '2021-11-20 14:39:38'),
(1325, 33, '2021-12-21', 'holiday_nanny', '2021-11-20 14:39:38'),
(1326, 33, '2021-12-28', 'holiday_nanny', '2021-11-20 14:39:38'),
(1327, 33, '2021-12-14', 'holiday_nanny', '2021-11-20 14:39:38'),
(1328, 33, '2021-12-15', 'holiday_nanny', '2021-11-20 14:39:38'),
(1329, 33, '2021-12-07', 'holiday_nanny', '2021-11-20 14:39:38'),
(1330, 33, '2021-12-08', 'holiday_nanny', '2021-11-20 14:39:38'),
(1331, 33, '2021-12-09', 'holiday_nanny', '2021-11-20 14:39:38'),
(1332, 33, '2021-12-10', 'holiday_nanny', '2021-11-20 14:39:38'),
(1333, 33, '2021-12-11', 'holiday_nanny', '2021-11-20 14:39:38'),
(1334, 33, '2021-12-18', 'holiday_nanny', '2021-11-20 14:39:38'),
(1335, 33, '2021-12-17', 'holiday_nanny', '2021-11-20 14:39:38'),
(1336, 33, '2021-12-16', 'holiday_nanny', '2021-11-20 14:39:38'),
(1337, 33, '2021-12-23', 'holiday_nanny', '2021-11-20 14:39:38'),
(1338, 33, '2021-12-22', 'holiday_nanny', '2021-11-20 14:39:38'),
(1339, 33, '2021-12-24', 'holiday_nanny', '2021-11-20 14:39:38'),
(1340, 33, '2021-12-25', 'holiday_nanny', '2021-11-20 14:39:38'),
(1341, 33, '2022-01-01', 'holiday_nanny', '2021-11-20 14:39:38'),
(1342, 33, '2021-12-31', 'holiday_nanny', '2021-11-20 14:39:38'),
(1343, 33, '2021-12-30', 'holiday_nanny', '2021-11-20 14:39:38'),
(1344, 33, '2021-12-29', 'holiday_nanny', '2021-11-20 14:39:38'),
(1345, 33, '2021-11-01', 'babysitter-day', '2021-11-20 14:43:36'),
(1346, 33, '2021-11-01', 'babysitter-night', '2021-11-20 14:43:36'),
(1347, 33, '2021-11-02', 'babysitter-day', '2021-11-20 14:43:36'),
(1348, 33, '2021-11-02', 'babysitter-night', '2021-11-20 14:43:36'),
(1349, 33, '2021-11-03', 'babysitter-day', '2021-11-20 14:43:36'),
(1350, 33, '2021-11-03', 'babysitter-night', '2021-11-20 14:43:36'),
(1351, 33, '2021-11-04', 'babysitter-night', '2021-11-20 14:43:36'),
(1352, 33, '2021-11-04', 'babysitter-day', '2021-11-20 14:43:36'),
(1353, 33, '2021-11-05', 'babysitter-day', '2021-11-20 14:43:36'),
(1354, 33, '2021-11-05', 'babysitter-night', '2021-11-20 14:43:36'),
(1355, 33, '2021-11-06', 'babysitter-day', '2021-11-20 14:43:36'),
(1356, 33, '2021-11-06', 'babysitter-night', '2021-11-20 14:43:36'),
(1357, 33, '2021-11-12', 'babysitter-night', '2021-11-20 14:43:36'),
(1358, 33, '2021-11-12', 'babysitter-day', '2021-11-20 14:43:36'),
(1359, 33, '2021-11-13', 'babysitter-night', '2021-11-20 14:43:36'),
(1360, 33, '2021-11-13', 'babysitter-day', '2021-11-20 14:43:36'),
(1361, 33, '2021-11-21', 'babysitter-night', '2021-11-20 14:43:36'),
(1362, 33, '2021-11-21', 'babysitter-day', '2021-11-20 14:43:36'),
(1363, 33, '2021-11-22', 'babysitter-night', '2021-11-20 14:43:36'),
(1364, 33, '2021-11-22', 'babysitter-day', '2021-11-20 14:43:36'),
(1365, 33, '2021-11-23', 'babysitter-night', '2021-11-20 14:43:36'),
(1366, 33, '2021-11-23', 'babysitter-day', '2021-11-20 14:43:36'),
(1367, 33, '2021-11-24', 'babysitter-night', '2021-11-20 14:43:36'),
(1368, 33, '2021-11-24', 'babysitter-day', '2021-11-20 14:43:36'),
(1369, 33, '2021-11-25', 'babysitter-night', '2021-11-20 14:43:36'),
(1370, 33, '2021-11-25', 'babysitter-day', '2021-11-20 14:43:36'),
(1371, 33, '2021-11-26', 'babysitter-night', '2021-11-20 14:43:36'),
(1372, 33, '2021-11-26', 'babysitter-day', '2021-11-20 14:43:36'),
(1373, 33, '2021-11-27', 'babysitter-night', '2021-11-20 14:43:36'),
(1374, 33, '2021-11-27', 'babysitter-day', '2021-11-20 14:43:36'),
(1375, 33, '2021-11-28', 'babysitter-night', '2021-11-20 14:43:36'),
(1376, 33, '2021-11-28', 'babysitter-day', '2021-11-20 14:43:36'),
(1377, 33, '2021-11-29', 'babysitter-day', '2021-11-20 14:43:36'),
(1378, 33, '2021-11-29', 'babysitter-night', '2021-11-20 14:43:36'),
(1379, 33, '2021-11-30', 'babysitter-day', '2021-11-20 14:43:36'),
(1380, 33, '2021-11-30', 'babysitter-night', '2021-11-20 14:43:36'),
(1381, 33, '2021-12-01', 'babysitter-night', '2021-11-20 14:43:36'),
(1382, 33, '2021-12-01', 'babysitter-day', '2021-11-20 14:43:36'),
(1383, 33, '2021-12-02', 'babysitter-night', '2021-11-20 14:43:36'),
(1384, 33, '2021-12-02', 'babysitter-day', '2021-11-20 14:43:36'),
(1385, 33, '2021-12-03', 'babysitter-day', '2021-11-20 14:43:36'),
(1386, 33, '2021-12-03', 'babysitter-night', '2021-11-20 14:43:36'),
(1387, 33, '2021-12-04', 'babysitter-night', '2021-11-20 14:43:36'),
(1388, 33, '2021-12-05', 'babysitter-night', '2021-11-20 14:43:36'),
(1389, 33, '2021-12-06', 'babysitter-night', '2021-11-20 14:43:36'),
(1390, 33, '2021-12-06', 'babysitter-day', '2021-11-20 14:43:36'),
(1391, 33, '2021-12-07', 'babysitter-day', '2021-11-20 14:43:36'),
(1392, 33, '2021-12-07', 'babysitter-night', '2021-11-20 14:43:36'),
(1393, 33, '2021-12-08', 'babysitter-day', '2021-11-20 14:43:36'),
(1394, 33, '2021-12-08', 'babysitter-night', '2021-11-20 14:43:36'),
(1395, 33, '2021-12-09', 'babysitter-day', '2021-11-20 14:43:36'),
(1396, 33, '2021-12-09', 'babysitter-night', '2021-11-20 14:43:36'),
(1397, 33, '2021-12-10', 'babysitter-day', '2021-11-20 14:43:36'),
(1398, 33, '2021-12-10', 'babysitter-night', '2021-11-20 14:43:36'),
(1399, 33, '2021-12-11', 'babysitter-night', '2021-11-20 14:43:36'),
(1400, 33, '2021-12-12', 'babysitter-night', '2021-11-20 14:43:36'),
(1401, 33, '2022-01-01', 'babysitter-day', '2021-11-20 14:43:36'),
(1402, 33, '2022-01-01', 'babysitter-night', '2021-11-20 14:43:36'),
(1403, 33, '2022-01-02', 'babysitter-day', '2021-11-20 14:43:36'),
(1404, 33, '2022-01-02', 'babysitter-night', '2021-11-20 14:43:36'),
(1405, 33, '2022-01-03', 'babysitter-night', '2021-11-20 14:43:36'),
(1406, 33, '2022-01-04', 'babysitter-day', '2021-11-20 14:43:36'),
(1407, 33, '2022-01-04', 'babysitter-night', '2021-11-20 14:43:36'),
(1408, 33, '2021-12-05', 'holiday_nanny', '2021-11-20 14:43:36'),
(1409, 33, '2021-12-06', 'holiday_nanny', '2021-11-20 14:43:36'),
(1410, 33, '2021-12-07', 'holiday_nanny', '2021-11-20 14:43:36'),
(1411, 33, '2021-12-08', 'holiday_nanny', '2021-11-20 14:43:36'),
(1412, 33, '2021-12-09', 'holiday_nanny', '2021-11-20 14:43:36'),
(1413, 33, '2021-12-10', 'holiday_nanny', '2021-11-20 14:43:36'),
(1414, 33, '2021-12-11', 'holiday_nanny', '2021-11-20 14:43:36'),
(1415, 33, '2021-12-12', 'holiday_nanny', '2021-11-20 14:43:36'),
(1416, 33, '2021-12-13', 'holiday_nanny', '2021-11-20 14:43:36'),
(1417, 33, '2021-12-14', 'holiday_nanny', '2021-11-20 14:43:36'),
(1418, 33, '2021-12-15', 'holiday_nanny', '2021-11-20 14:43:36'),
(1419, 33, '2021-12-16', 'holiday_nanny', '2021-11-20 14:43:36'),
(1420, 33, '2021-12-17', 'holiday_nanny', '2021-11-20 14:43:36'),
(1421, 33, '2021-12-18', 'holiday_nanny', '2021-11-20 14:43:36'),
(1422, 33, '2021-12-19', 'holiday_nanny', '2021-11-20 14:43:36'),
(1423, 33, '2021-12-20', 'holiday_nanny', '2021-11-20 14:43:36'),
(1424, 33, '2021-12-21', 'holiday_nanny', '2021-11-20 14:43:36'),
(1425, 33, '2021-12-22', 'holiday_nanny', '2021-11-20 14:43:36'),
(1426, 33, '2021-12-23', 'holiday_nanny', '2021-11-20 14:43:36'),
(1427, 33, '2021-12-24', 'holiday_nanny', '2021-11-20 14:43:36'),
(1428, 33, '2021-12-25', 'holiday_nanny', '2021-11-20 14:43:36'),
(1429, 33, '2021-12-26', 'holiday_nanny', '2021-11-20 14:43:36'),
(1430, 33, '2021-12-27', 'holiday_nanny', '2021-11-20 14:43:36'),
(1431, 33, '2021-12-28', 'holiday_nanny', '2021-11-20 14:43:36'),
(1432, 33, '2021-12-29', 'holiday_nanny', '2021-11-20 14:43:36'),
(1433, 33, '2021-12-30', 'holiday_nanny', '2021-11-20 14:43:36'),
(1434, 33, '2021-12-31', 'holiday_nanny', '2021-11-20 14:43:36'),
(1435, 33, '2022-01-01', 'holiday_nanny', '2021-11-20 14:43:36'),
(1436, 9, '2020-03-06', 'babysitter-day', '2021-12-30 15:01:50'),
(1437, 9, '2020-03-07', 'babysitter-day', '2021-12-30 15:01:50'),
(1438, 9, '2020-03-13', 'babysitter-day', '2021-12-30 15:01:50'),
(1439, 9, '2020-03-14', 'babysitter-day', '2021-12-30 15:01:50'),
(1440, 9, '2021-12-01', 'babysitter-day', '2021-12-30 15:01:50'),
(1441, 9, '2021-12-02', 'babysitter-day', '2021-12-30 15:01:50'),
(1442, 9, '2021-12-30', 'babysitter-day', '2021-12-30 15:01:50'),
(1443, 9, '2021-12-31', 'babysitter-day', '2021-12-30 15:01:50'),
(1444, 9, '2022-01-01', 'babysitter-day', '2021-12-30 15:01:50'),
(1445, 9, '2022-01-02', 'babysitter-day', '2021-12-30 15:01:50'),
(1446, 9, '2022-01-03', 'babysitter-day', '2021-12-30 15:01:50'),
(1447, 9, '2022-01-04', 'babysitter-day', '2021-12-30 15:01:50'),
(1448, 9, '2022-01-05', 'babysitter-day', '2021-12-30 15:01:50'),
(1449, 9, '2022-01-06', 'babysitter-day', '2021-12-30 15:01:50'),
(1450, 9, '2022-01-07', 'babysitter-day', '2021-12-30 15:01:50'),
(1451, 9, '2022-01-08', 'babysitter-day', '2021-12-30 15:01:50'),
(1452, 9, '2022-01-09', 'babysitter-day', '2021-12-30 15:01:50'),
(1453, 9, '2020-03-05', 'babysitter-night', '2021-12-30 15:01:50'),
(1454, 9, '2020-03-06', 'babysitter-night', '2021-12-30 15:01:50'),
(1455, 9, '2020-03-07', 'babysitter-night', '2021-12-30 15:01:50'),
(1456, 9, '2020-03-12', 'babysitter-night', '2021-12-30 15:01:50'),
(1457, 9, '2020-03-13', 'babysitter-night', '2021-12-30 15:01:50'),
(1458, 9, '2020-03-14', 'babysitter-night', '2021-12-30 15:01:50'),
(1459, 9, '2021-12-01', 'babysitter-night', '2021-12-30 15:01:50'),
(1460, 9, '2021-12-02', 'babysitter-night', '2021-12-30 15:01:50'),
(1461, 9, '2021-12-30', 'babysitter-night', '2021-12-30 15:01:50'),
(1462, 9, '2021-12-31', 'babysitter-night', '2021-12-30 15:01:50'),
(1463, 9, '2022-01-01', 'babysitter-night', '2021-12-30 15:01:50'),
(1464, 9, '2022-01-02', 'babysitter-night', '2021-12-30 15:01:50'),
(1465, 9, '2022-01-03', 'babysitter-night', '2021-12-30 15:01:50'),
(1466, 9, '2022-01-04', 'babysitter-night', '2021-12-30 15:01:50'),
(1467, 9, '2022-01-05', 'babysitter-night', '2021-12-30 15:01:50'),
(1468, 9, '2022-01-06', 'babysitter-night', '2021-12-30 15:01:50'),
(1469, 9, '2022-01-07', 'babysitter-night', '2021-12-30 15:01:50'),
(1470, 9, '2022-01-08', 'babysitter-night', '2021-12-30 15:01:50'),
(1471, 9, '2022-01-09', 'babysitter-night', '2021-12-30 15:01:50'),
(1472, 9, '2020-03-01', 'holiday_nanny', '2021-12-30 15:01:50'),
(1473, 9, '2020-03-02', 'holiday_nanny', '2021-12-30 15:01:50'),
(1474, 9, '2020-03-05', 'holiday_nanny', '2021-12-30 15:01:50'),
(1475, 9, '2020-03-07', 'holiday_nanny', '2021-12-30 15:01:50'),
(1476, 9, '2020-03-08', 'holiday_nanny', '2021-12-30 15:01:50'),
(1477, 9, '2020-03-09', 'holiday_nanny', '2021-12-30 15:01:50'),
(1478, 9, '2020-03-11', 'holiday_nanny', '2021-12-30 15:01:50'),
(1479, 9, '2020-03-12', 'holiday_nanny', '2021-12-30 15:01:50'),
(1480, 9, '2020-03-13', 'holiday_nanny', '2021-12-30 15:01:50'),
(1481, 9, '2020-03-14', 'holiday_nanny', '2021-12-30 15:01:50'),
(1482, 9, '2020-03-15', 'holiday_nanny', '2021-12-30 15:01:50'),
(1483, 9, '2020-03-16', 'holiday_nanny', '2021-12-30 15:01:50'),
(1484, 9, '2020-03-17', 'holiday_nanny', '2021-12-30 15:01:50'),
(1485, 9, '2020-03-20', 'holiday_nanny', '2021-12-30 15:01:50'),
(1486, 9, '2020-03-21', 'holiday_nanny', '2021-12-30 15:01:50'),
(1487, 9, '2022-01-01', 'holiday_nanny', '2021-12-30 15:01:50'),
(1488, 9, '2022-01-02', 'holiday_nanny', '2021-12-30 15:01:50'),
(1489, 9, '2022-01-03', 'holiday_nanny', '2021-12-30 15:01:50'),
(1490, 9, '2022-01-04', 'holiday_nanny', '2021-12-30 15:01:50'),
(1491, 9, '2022-01-05', 'holiday_nanny', '2021-12-30 15:01:50'),
(1492, 9, '2022-01-06', 'holiday_nanny', '2021-12-30 15:01:50'),
(1493, 9, '2022-01-07', 'holiday_nanny', '2021-12-30 15:01:50'),
(1494, 9, '2022-01-08', 'holiday_nanny', '2021-12-30 15:01:50'),
(1495, 9, '2022-01-09', 'holiday_nanny', '2021-12-30 15:01:50'),
(1496, 9, '2020-03-06', 'babysitter-day', '2022-01-29 21:14:31'),
(1497, 9, '2020-03-07', 'babysitter-day', '2022-01-29 21:14:31'),
(1498, 9, '2020-03-13', 'babysitter-day', '2022-01-29 21:14:31'),
(1499, 9, '2020-03-14', 'babysitter-day', '2022-01-29 21:14:31'),
(1500, 9, '2021-12-01', 'babysitter-day', '2022-01-29 21:14:31'),
(1501, 9, '2021-12-02', 'babysitter-day', '2022-01-29 21:14:31'),
(1502, 9, '2021-12-30', 'babysitter-day', '2022-01-29 21:14:31'),
(1503, 9, '2021-12-31', 'babysitter-day', '2022-01-29 21:14:31'),
(1504, 9, '2022-01-01', 'babysitter-day', '2022-01-29 21:14:31'),
(1505, 9, '2022-01-02', 'babysitter-day', '2022-01-29 21:14:31'),
(1506, 9, '2022-01-03', 'babysitter-day', '2022-01-29 21:14:31'),
(1507, 9, '2022-01-04', 'babysitter-day', '2022-01-29 21:14:31'),
(1508, 9, '2022-01-05', 'babysitter-day', '2022-01-29 21:14:31'),
(1509, 9, '2022-01-06', 'babysitter-day', '2022-01-29 21:14:31'),
(1510, 9, '2022-01-07', 'babysitter-day', '2022-01-29 21:14:31'),
(1511, 9, '2022-01-08', 'babysitter-day', '2022-01-29 21:14:31'),
(1512, 9, '2022-01-09', 'babysitter-day', '2022-01-29 21:14:31'),
(1513, 9, '2020-03-05', 'babysitter-night', '2022-01-29 21:14:31'),
(1514, 9, '2020-03-06', 'babysitter-night', '2022-01-29 21:14:31'),
(1515, 9, '2020-03-07', 'babysitter-night', '2022-01-29 21:14:31'),
(1516, 9, '2020-03-12', 'babysitter-night', '2022-01-29 21:14:31'),
(1517, 9, '2020-03-13', 'babysitter-night', '2022-01-29 21:14:31'),
(1518, 9, '2020-03-14', 'babysitter-night', '2022-01-29 21:14:31'),
(1519, 9, '2021-12-01', 'babysitter-night', '2022-01-29 21:14:31'),
(1520, 9, '2021-12-02', 'babysitter-night', '2022-01-29 21:14:31'),
(1521, 9, '2021-12-30', 'babysitter-night', '2022-01-29 21:14:31'),
(1522, 9, '2021-12-31', 'babysitter-night', '2022-01-29 21:14:31'),
(1523, 9, '2022-01-01', 'babysitter-night', '2022-01-29 21:14:31'),
(1524, 9, '2022-01-02', 'babysitter-night', '2022-01-29 21:14:31'),
(1525, 9, '2022-01-03', 'babysitter-night', '2022-01-29 21:14:31'),
(1526, 9, '2022-01-04', 'babysitter-night', '2022-01-29 21:14:31'),
(1527, 9, '2022-01-05', 'babysitter-night', '2022-01-29 21:14:31'),
(1528, 9, '2022-01-06', 'babysitter-night', '2022-01-29 21:14:31'),
(1529, 9, '2022-01-07', 'babysitter-night', '2022-01-29 21:14:31'),
(1530, 9, '2022-01-08', 'babysitter-night', '2022-01-29 21:14:31'),
(1531, 9, '2022-01-09', 'babysitter-night', '2022-01-29 21:14:31'),
(1532, 9, '2020-03-01', 'holiday_nanny', '2022-01-29 21:14:31'),
(1533, 9, '2020-03-02', 'holiday_nanny', '2022-01-29 21:14:31'),
(1534, 9, '2020-03-05', 'holiday_nanny', '2022-01-29 21:14:31'),
(1535, 9, '2020-03-07', 'holiday_nanny', '2022-01-29 21:14:31'),
(1536, 9, '2020-03-08', 'holiday_nanny', '2022-01-29 21:14:31'),
(1537, 9, '2020-03-09', 'holiday_nanny', '2022-01-29 21:14:31'),
(1538, 9, '2020-03-11', 'holiday_nanny', '2022-01-29 21:14:31'),
(1539, 9, '2020-03-12', 'holiday_nanny', '2022-01-29 21:14:31'),
(1540, 9, '2020-03-13', 'holiday_nanny', '2022-01-29 21:14:31'),
(1541, 9, '2020-03-14', 'holiday_nanny', '2022-01-29 21:14:31'),
(1542, 9, '2020-03-15', 'holiday_nanny', '2022-01-29 21:14:31'),
(1543, 9, '2020-03-16', 'holiday_nanny', '2022-01-29 21:14:31'),
(1544, 9, '2020-03-17', 'holiday_nanny', '2022-01-29 21:14:31'),
(1545, 9, '2020-03-20', 'holiday_nanny', '2022-01-29 21:14:31'),
(1546, 9, '2020-03-21', 'holiday_nanny', '2022-01-29 21:14:31'),
(1547, 9, '2022-01-01', 'holiday_nanny', '2022-01-29 21:14:31'),
(1548, 9, '2022-01-02', 'holiday_nanny', '2022-01-29 21:14:31'),
(1549, 9, '2022-01-03', 'holiday_nanny', '2022-01-29 21:14:31'),
(1550, 9, '2022-01-04', 'holiday_nanny', '2022-01-29 21:14:31'),
(1551, 9, '2022-01-05', 'holiday_nanny', '2022-01-29 21:14:31'),
(1552, 9, '2022-01-06', 'holiday_nanny', '2022-01-29 21:14:31'),
(1553, 9, '2022-01-07', 'holiday_nanny', '2022-01-29 21:14:31'),
(1554, 9, '2022-01-08', 'holiday_nanny', '2022-01-29 21:14:31'),
(1555, 9, '2022-01-09', 'holiday_nanny', '2022-01-29 21:14:31'),
(1556, 33, '2022-02-01', 'babysitter-day', '2022-01-29 21:16:12'),
(1557, 33, '2022-02-02', 'babysitter-day', '2022-01-29 21:16:12'),
(1558, 33, '2022-02-03', 'babysitter-day', '2022-01-29 21:16:12'),
(1559, 33, '2022-02-04', 'babysitter-day', '2022-01-29 21:16:12'),
(1560, 33, '2022-02-05', 'babysitter-day', '2022-01-29 21:16:12'),
(1561, 33, '2022-02-06', 'babysitter-day', '2022-01-29 21:16:12'),
(1562, 33, '2022-02-07', 'babysitter-day', '2022-01-29 21:16:12'),
(1563, 33, '2022-02-08', 'babysitter-day', '2022-01-29 21:16:12'),
(1564, 33, '2022-02-09', 'babysitter-day', '2022-01-29 21:16:12'),
(1565, 33, '2022-02-10', 'babysitter-day', '2022-01-29 21:16:12'),
(1566, 33, '2022-02-11', 'babysitter-day', '2022-01-29 21:16:12'),
(1567, 33, '2022-02-12', 'babysitter-day', '2022-01-29 21:16:12'),
(1568, 33, '2022-02-13', 'babysitter-day', '2022-01-29 21:16:12'),
(1569, 33, '2022-02-01', 'babysitter-night', '2022-01-29 21:16:12'),
(1570, 33, '2022-02-02', 'babysitter-night', '2022-01-29 21:16:12'),
(1571, 33, '2022-02-03', 'babysitter-night', '2022-01-29 21:16:12'),
(1572, 33, '2022-02-04', 'babysitter-night', '2022-01-29 21:16:12'),
(1573, 33, '2022-02-05', 'babysitter-night', '2022-01-29 21:16:12'),
(1574, 33, '2022-02-06', 'babysitter-night', '2022-01-29 21:16:12'),
(1575, 33, '2022-02-07', 'babysitter-night', '2022-01-29 21:16:12'),
(1576, 33, '2022-02-08', 'babysitter-night', '2022-01-29 21:16:12'),
(1577, 33, '2022-02-09', 'babysitter-night', '2022-01-29 21:16:12'),
(1578, 33, '2022-02-10', 'babysitter-night', '2022-01-29 21:16:12'),
(1579, 33, '2022-02-11', 'babysitter-night', '2022-01-29 21:16:12'),
(1580, 33, '2022-02-12', 'babysitter-night', '2022-01-29 21:16:12'),
(1581, 33, '2022-02-13', 'babysitter-night', '2022-01-29 21:16:12'),
(1582, 37, '2022-02-01', 'babysitter-day', '2022-01-29 21:12:00'),
(1583, 37, '2022-02-01', 'babysitter-night', '2022-01-29 21:12:00'),
(1584, 37, '2022-02-02', 'babysitter-day', '2022-01-29 21:12:00'),
(1585, 37, '2022-02-02', 'babysitter-night', '2022-01-29 21:12:00'),
(1586, 37, '2022-02-03', 'babysitter-day', '2022-01-29 21:12:00'),
(1587, 37, '2022-02-03', 'babysitter-night', '2022-01-29 21:12:00'),
(1588, 37, '2022-02-04', 'babysitter-day', '2022-01-29 21:12:00'),
(1589, 37, '2022-02-04', 'babysitter-night', '2022-01-29 21:12:00'),
(1590, 37, '2022-02-05', 'babysitter-day', '2022-01-29 21:12:00'),
(1591, 37, '2022-02-05', 'babysitter-night', '2022-01-29 21:12:00'),
(1592, 37, '2022-02-07', 'babysitter-day', '2022-01-29 21:12:00'),
(1593, 37, '2022-02-07', 'babysitter-night', '2022-01-29 21:12:00'),
(1594, 37, '2022-02-08', 'babysitter-day', '2022-01-29 21:12:00'),
(1595, 37, '2022-02-08', 'babysitter-night', '2022-01-29 21:12:00'),
(1596, 37, '2022-02-06', 'babysitter-day', '2022-01-29 21:12:00'),
(1597, 37, '2022-02-06', 'babysitter-night', '2022-01-29 21:12:00'),
(1598, 37, '2022-02-09', 'babysitter-day', '2022-01-29 21:12:00'),
(1599, 37, '2022-02-09', 'babysitter-night', '2022-01-29 21:12:00'),
(1600, 37, '2022-02-10', 'babysitter-day', '2022-01-29 21:12:00'),
(1601, 37, '2022-02-10', 'babysitter-night', '2022-01-29 21:12:00'),
(1602, 37, '2022-02-11', 'babysitter-day', '2022-01-29 21:12:00'),
(1603, 37, '2022-02-11', 'babysitter-night', '2022-01-29 21:12:00'),
(1604, 37, '2022-02-12', 'babysitter-day', '2022-01-29 21:12:00'),
(1605, 37, '2022-02-12', 'babysitter-night', '2022-01-29 21:12:00'),
(1606, 37, '2022-02-01', 'holiday_nanny', '2022-01-29 21:12:00'),
(1607, 37, '2022-02-08', 'holiday_nanny', '2022-01-29 21:12:00'),
(1608, 37, '2022-02-07', 'holiday_nanny', '2022-01-29 21:12:00'),
(1609, 37, '2022-02-06', 'holiday_nanny', '2022-01-29 21:12:00'),
(1610, 37, '2022-02-09', 'holiday_nanny', '2022-01-29 21:12:00'),
(1611, 37, '2022-02-02', 'holiday_nanny', '2022-01-29 21:12:00'),
(1612, 37, '2022-02-03', 'holiday_nanny', '2022-01-29 21:12:00'),
(1613, 37, '2022-02-10', 'holiday_nanny', '2022-01-29 21:12:00'),
(1614, 37, '2022-02-11', 'holiday_nanny', '2022-01-29 21:12:00'),
(1615, 37, '2022-02-04', 'holiday_nanny', '2022-01-29 21:12:00'),
(1616, 37, '2022-02-05', 'holiday_nanny', '2022-01-29 21:12:00'),
(1617, 37, '2022-02-12', 'holiday_nanny', '2022-01-29 21:12:00'),
(1618, 37, '2022-02-01', 'babysitter-day', '2022-01-29 21:12:38'),
(1619, 37, '2022-02-02', 'babysitter-day', '2022-01-29 21:12:38'),
(1620, 37, '2022-02-03', 'babysitter-day', '2022-01-29 21:12:38'),
(1621, 37, '2022-02-04', 'babysitter-day', '2022-01-29 21:12:38'),
(1622, 37, '2022-02-05', 'babysitter-day', '2022-01-29 21:12:38'),
(1623, 37, '2022-02-07', 'babysitter-day', '2022-01-29 21:12:38'),
(1624, 37, '2022-02-08', 'babysitter-day', '2022-01-29 21:12:38'),
(1625, 37, '2022-02-06', 'babysitter-day', '2022-01-29 21:12:38'),
(1626, 37, '2022-02-09', 'babysitter-day', '2022-01-29 21:12:38'),
(1627, 37, '2022-02-10', 'babysitter-day', '2022-01-29 21:12:38'),
(1628, 37, '2022-02-11', 'babysitter-day', '2022-01-29 21:12:38'),
(1629, 37, '2022-02-12', 'babysitter-day', '2022-01-29 21:12:38'),
(1630, 37, '2022-02-01', 'babysitter-night', '2022-01-29 21:12:38'),
(1631, 37, '2022-02-02', 'babysitter-night', '2022-01-29 21:12:38'),
(1632, 37, '2022-02-03', 'babysitter-night', '2022-01-29 21:12:38'),
(1633, 37, '2022-02-04', 'babysitter-night', '2022-01-29 21:12:38'),
(1634, 37, '2022-02-05', 'babysitter-night', '2022-01-29 21:12:38'),
(1635, 37, '2022-02-07', 'babysitter-night', '2022-01-29 21:12:38'),
(1636, 37, '2022-02-08', 'babysitter-night', '2022-01-29 21:12:38'),
(1637, 37, '2022-02-06', 'babysitter-night', '2022-01-29 21:12:38'),
(1638, 37, '2022-02-09', 'babysitter-night', '2022-01-29 21:12:38'),
(1639, 37, '2022-02-10', 'babysitter-night', '2022-01-29 21:12:38'),
(1640, 37, '2022-02-11', 'babysitter-night', '2022-01-29 21:12:38'),
(1641, 37, '2022-02-12', 'babysitter-night', '2022-01-29 21:12:38'),
(1642, 37, '2022-02-01', 'holiday_nanny', '2022-01-29 21:12:38'),
(1643, 37, '2022-02-08', 'holiday_nanny', '2022-01-29 21:12:38'),
(1644, 37, '2022-02-07', 'holiday_nanny', '2022-01-29 21:12:38'),
(1645, 37, '2022-02-06', 'holiday_nanny', '2022-01-29 21:12:38'),
(1646, 37, '2022-02-09', 'holiday_nanny', '2022-01-29 21:12:38'),
(1647, 37, '2022-02-02', 'holiday_nanny', '2022-01-29 21:12:38'),
(1648, 37, '2022-02-03', 'holiday_nanny', '2022-01-29 21:12:38'),
(1649, 37, '2022-02-10', 'holiday_nanny', '2022-01-29 21:12:38'),
(1650, 37, '2022-02-11', 'holiday_nanny', '2022-01-29 21:12:38'),
(1651, 37, '2022-02-04', 'holiday_nanny', '2022-01-29 21:12:38'),
(1652, 37, '2022-02-05', 'holiday_nanny', '2022-01-29 21:12:38'),
(1653, 37, '2022-02-12', 'holiday_nanny', '2022-01-29 21:12:38'),
(1654, 37, '2022-02-01', 'babysitter-day', '2022-02-22 08:51:40'),
(1655, 37, '2022-02-02', 'babysitter-day', '2022-02-22 08:51:40'),
(1656, 37, '2022-02-03', 'babysitter-day', '2022-02-22 08:51:40'),
(1657, 37, '2022-02-04', 'babysitter-day', '2022-02-22 08:51:40'),
(1658, 37, '2022-02-05', 'babysitter-day', '2022-02-22 08:51:40'),
(1659, 37, '2022-02-07', 'babysitter-day', '2022-02-22 08:51:40'),
(1660, 37, '2022-02-08', 'babysitter-day', '2022-02-22 08:51:40'),
(1661, 37, '2022-02-06', 'babysitter-day', '2022-02-22 08:51:40'),
(1662, 37, '2022-02-09', 'babysitter-day', '2022-02-22 08:51:40'),
(1663, 37, '2022-02-10', 'babysitter-day', '2022-02-22 08:51:40'),
(1664, 37, '2022-02-11', 'babysitter-day', '2022-02-22 08:51:40'),
(1665, 37, '2022-02-12', 'babysitter-day', '2022-02-22 08:51:40'),
(1666, 37, '2022-02-01', 'babysitter-night', '2022-02-22 08:51:40'),
(1667, 37, '2022-02-02', 'babysitter-night', '2022-02-22 08:51:40'),
(1668, 37, '2022-02-03', 'babysitter-night', '2022-02-22 08:51:40'),
(1669, 37, '2022-02-04', 'babysitter-night', '2022-02-22 08:51:40'),
(1670, 37, '2022-02-05', 'babysitter-night', '2022-02-22 08:51:40'),
(1671, 37, '2022-02-07', 'babysitter-night', '2022-02-22 08:51:40'),
(1672, 37, '2022-02-08', 'babysitter-night', '2022-02-22 08:51:40'),
(1673, 37, '2022-02-06', 'babysitter-night', '2022-02-22 08:51:40'),
(1674, 37, '2022-02-09', 'babysitter-night', '2022-02-22 08:51:40'),
(1675, 37, '2022-02-10', 'babysitter-night', '2022-02-22 08:51:40'),
(1676, 37, '2022-02-11', 'babysitter-night', '2022-02-22 08:51:40'),
(1677, 37, '2022-02-12', 'babysitter-night', '2022-02-22 08:51:40'),
(1678, 37, '2022-02-01', 'holiday_nanny', '2022-02-22 08:51:40'),
(1679, 37, '2022-02-08', 'holiday_nanny', '2022-02-22 08:51:40'),
(1680, 37, '2022-02-07', 'holiday_nanny', '2022-02-22 08:51:40'),
(1681, 37, '2022-02-06', 'holiday_nanny', '2022-02-22 08:51:40'),
(1682, 37, '2022-02-09', 'holiday_nanny', '2022-02-22 08:51:40'),
(1683, 37, '2022-02-02', 'holiday_nanny', '2022-02-22 08:51:40'),
(1684, 37, '2022-02-03', 'holiday_nanny', '2022-02-22 08:51:40'),
(1685, 37, '2022-02-10', 'holiday_nanny', '2022-02-22 08:51:40'),
(1686, 37, '2022-02-11', 'holiday_nanny', '2022-02-22 08:51:40'),
(1687, 37, '2022-02-04', 'holiday_nanny', '2022-02-22 08:51:40'),
(1688, 37, '2022-02-05', 'holiday_nanny', '2022-02-22 08:51:40'),
(1689, 37, '2022-02-12', 'holiday_nanny', '2022-02-22 08:51:40'),
(1690, 9, '2020-03-06', 'babysitter-day', '2022-01-29 21:15:28'),
(1691, 9, '2020-03-07', 'babysitter-day', '2022-01-29 21:15:28'),
(1692, 9, '2020-03-13', 'babysitter-day', '2022-01-29 21:15:28'),
(1693, 9, '2020-03-14', 'babysitter-day', '2022-01-29 21:15:28'),
(1694, 9, '2021-12-01', 'babysitter-day', '2022-01-29 21:15:28'),
(1695, 9, '2021-12-02', 'babysitter-day', '2022-01-29 21:15:28'),
(1696, 9, '2021-12-30', 'babysitter-day', '2022-01-29 21:15:28'),
(1697, 9, '2021-12-31', 'babysitter-day', '2022-01-29 21:15:28'),
(1698, 9, '2022-01-01', 'babysitter-day', '2022-01-29 21:15:28'),
(1699, 9, '2022-01-02', 'babysitter-day', '2022-01-29 21:15:28'),
(1700, 9, '2022-01-03', 'babysitter-day', '2022-01-29 21:15:28'),
(1701, 9, '2022-01-04', 'babysitter-day', '2022-01-29 21:15:28'),
(1702, 9, '2022-01-05', 'babysitter-day', '2022-01-29 21:15:28'),
(1703, 9, '2022-01-06', 'babysitter-day', '2022-01-29 21:15:28'),
(1704, 9, '2022-01-07', 'babysitter-day', '2022-01-29 21:15:28'),
(1705, 9, '2022-01-08', 'babysitter-day', '2022-01-29 21:15:28'),
(1706, 9, '2022-01-09', 'babysitter-day', '2022-01-29 21:15:28'),
(1707, 9, '2020-03-05', 'babysitter-night', '2022-01-29 21:15:28'),
(1708, 9, '2020-03-06', 'babysitter-night', '2022-01-29 21:15:28'),
(1709, 9, '2020-03-07', 'babysitter-night', '2022-01-29 21:15:28'),
(1710, 9, '2020-03-12', 'babysitter-night', '2022-01-29 21:15:28'),
(1711, 9, '2020-03-13', 'babysitter-night', '2022-01-29 21:15:28'),
(1712, 9, '2020-03-14', 'babysitter-night', '2022-01-29 21:15:28'),
(1713, 9, '2021-12-01', 'babysitter-night', '2022-01-29 21:15:28'),
(1714, 9, '2021-12-02', 'babysitter-night', '2022-01-29 21:15:28'),
(1715, 9, '2021-12-30', 'babysitter-night', '2022-01-29 21:15:28'),
(1716, 9, '2021-12-31', 'babysitter-night', '2022-01-29 21:15:28'),
(1717, 9, '2022-01-01', 'babysitter-night', '2022-01-29 21:15:28'),
(1718, 9, '2022-01-02', 'babysitter-night', '2022-01-29 21:15:28'),
(1719, 9, '2022-01-03', 'babysitter-night', '2022-01-29 21:15:28'),
(1720, 9, '2022-01-04', 'babysitter-night', '2022-01-29 21:15:28'),
(1721, 9, '2022-01-05', 'babysitter-night', '2022-01-29 21:15:28'),
(1722, 9, '2022-01-06', 'babysitter-night', '2022-01-29 21:15:28'),
(1723, 9, '2022-01-07', 'babysitter-night', '2022-01-29 21:15:28'),
(1724, 9, '2022-01-08', 'babysitter-night', '2022-01-29 21:15:28'),
(1725, 9, '2022-01-09', 'babysitter-night', '2022-01-29 21:15:28'),
(1726, 9, '2020-03-01', 'holiday_nanny', '2022-01-29 21:15:28'),
(1727, 9, '2020-03-02', 'holiday_nanny', '2022-01-29 21:15:28'),
(1728, 9, '2020-03-05', 'holiday_nanny', '2022-01-29 21:15:28'),
(1729, 9, '2020-03-07', 'holiday_nanny', '2022-01-29 21:15:28'),
(1730, 9, '2020-03-08', 'holiday_nanny', '2022-01-29 21:15:28'),
(1731, 9, '2020-03-09', 'holiday_nanny', '2022-01-29 21:15:28'),
(1732, 9, '2020-03-11', 'holiday_nanny', '2022-01-29 21:15:28'),
(1733, 9, '2020-03-12', 'holiday_nanny', '2022-01-29 21:15:28'),
(1734, 9, '2020-03-13', 'holiday_nanny', '2022-01-29 21:15:28'),
(1735, 9, '2020-03-14', 'holiday_nanny', '2022-01-29 21:15:28'),
(1736, 9, '2020-03-15', 'holiday_nanny', '2022-01-29 21:15:28'),
(1737, 9, '2020-03-16', 'holiday_nanny', '2022-01-29 21:15:28'),
(1738, 9, '2020-03-17', 'holiday_nanny', '2022-01-29 21:15:28'),
(1739, 9, '2020-03-20', 'holiday_nanny', '2022-01-29 21:15:28'),
(1740, 9, '2020-03-21', 'holiday_nanny', '2022-01-29 21:15:28'),
(1741, 9, '2022-01-01', 'holiday_nanny', '2022-01-29 21:15:28'),
(1742, 9, '2022-01-02', 'holiday_nanny', '2022-01-29 21:15:28'),
(1743, 9, '2022-01-03', 'holiday_nanny', '2022-01-29 21:15:28'),
(1744, 9, '2022-01-04', 'holiday_nanny', '2022-01-29 21:15:28'),
(1745, 9, '2022-01-05', 'holiday_nanny', '2022-01-29 21:15:28'),
(1746, 9, '2022-01-06', 'holiday_nanny', '2022-01-29 21:15:28'),
(1747, 9, '2022-01-07', 'holiday_nanny', '2022-01-29 21:15:28'),
(1748, 9, '2022-01-08', 'holiday_nanny', '2022-01-29 21:15:28'),
(1749, 9, '2022-01-09', 'holiday_nanny', '2022-01-29 21:15:28'),
(1750, 9, '2020-03-06', 'babysitter-day', NULL),
(1751, 9, '2020-03-07', 'babysitter-day', NULL),
(1752, 9, '2020-03-13', 'babysitter-day', NULL),
(1753, 9, '2020-03-14', 'babysitter-day', NULL),
(1754, 9, '2021-12-01', 'babysitter-day', NULL),
(1755, 9, '2021-12-02', 'babysitter-day', NULL),
(1756, 9, '2021-12-30', 'babysitter-day', NULL);
INSERT INTO `babysitter_availabilities` (`id`, `babysitter_id`, `date`, `type`, `deleted_at`) VALUES
(1757, 9, '2021-12-31', 'babysitter-day', NULL),
(1758, 9, '2022-01-01', 'babysitter-day', NULL),
(1759, 9, '2022-01-02', 'babysitter-day', NULL),
(1760, 9, '2022-01-03', 'babysitter-day', NULL),
(1761, 9, '2022-01-04', 'babysitter-day', NULL),
(1762, 9, '2022-01-05', 'babysitter-day', NULL),
(1763, 9, '2022-01-06', 'babysitter-day', NULL),
(1764, 9, '2022-01-07', 'babysitter-day', NULL),
(1765, 9, '2022-01-08', 'babysitter-day', NULL),
(1766, 9, '2022-01-09', 'babysitter-day', NULL),
(1767, 9, '2020-03-05', 'babysitter-night', NULL),
(1768, 9, '2020-03-06', 'babysitter-night', NULL),
(1769, 9, '2020-03-07', 'babysitter-night', NULL),
(1770, 9, '2020-03-12', 'babysitter-night', NULL),
(1771, 9, '2020-03-13', 'babysitter-night', NULL),
(1772, 9, '2020-03-14', 'babysitter-night', NULL),
(1773, 9, '2021-12-01', 'babysitter-night', NULL),
(1774, 9, '2021-12-02', 'babysitter-night', NULL),
(1775, 9, '2021-12-30', 'babysitter-night', NULL),
(1776, 9, '2021-12-31', 'babysitter-night', NULL),
(1777, 9, '2022-01-01', 'babysitter-night', NULL),
(1778, 9, '2022-01-02', 'babysitter-night', NULL),
(1779, 9, '2022-01-03', 'babysitter-night', NULL),
(1780, 9, '2022-01-04', 'babysitter-night', NULL),
(1781, 9, '2022-01-05', 'babysitter-night', NULL),
(1782, 9, '2022-01-06', 'babysitter-night', NULL),
(1783, 9, '2022-01-07', 'babysitter-night', NULL),
(1784, 9, '2022-01-08', 'babysitter-night', NULL),
(1785, 9, '2022-01-09', 'babysitter-night', NULL),
(1786, 9, '2020-03-01', 'holiday_nanny', NULL),
(1787, 9, '2020-03-02', 'holiday_nanny', NULL),
(1788, 9, '2020-03-05', 'holiday_nanny', NULL),
(1789, 9, '2020-03-07', 'holiday_nanny', NULL),
(1790, 9, '2020-03-08', 'holiday_nanny', NULL),
(1791, 9, '2020-03-09', 'holiday_nanny', NULL),
(1792, 9, '2020-03-11', 'holiday_nanny', NULL),
(1793, 9, '2020-03-12', 'holiday_nanny', NULL),
(1794, 9, '2020-03-13', 'holiday_nanny', NULL),
(1795, 9, '2020-03-14', 'holiday_nanny', NULL),
(1796, 9, '2020-03-15', 'holiday_nanny', NULL),
(1797, 9, '2020-03-16', 'holiday_nanny', NULL),
(1798, 9, '2020-03-17', 'holiday_nanny', NULL),
(1799, 9, '2020-03-20', 'holiday_nanny', NULL),
(1800, 9, '2020-03-21', 'holiday_nanny', NULL),
(1801, 9, '2022-01-01', 'holiday_nanny', NULL),
(1802, 9, '2022-01-02', 'holiday_nanny', NULL),
(1803, 9, '2022-01-03', 'holiday_nanny', NULL),
(1804, 9, '2022-01-04', 'holiday_nanny', NULL),
(1805, 9, '2022-01-05', 'holiday_nanny', NULL),
(1806, 9, '2022-01-06', 'holiday_nanny', NULL),
(1807, 9, '2022-01-07', 'holiday_nanny', NULL),
(1808, 9, '2022-01-08', 'holiday_nanny', NULL),
(1809, 9, '2022-01-09', 'holiday_nanny', NULL),
(1810, 33, '2022-02-01', 'babysitter-day', NULL),
(1811, 33, '2022-02-02', 'babysitter-day', NULL),
(1812, 33, '2022-02-03', 'babysitter-day', NULL),
(1813, 33, '2022-02-04', 'babysitter-day', NULL),
(1814, 33, '2022-02-05', 'babysitter-day', NULL),
(1815, 33, '2022-02-06', 'babysitter-day', NULL),
(1816, 33, '2022-02-07', 'babysitter-day', NULL),
(1817, 33, '2022-02-08', 'babysitter-day', NULL),
(1818, 33, '2022-02-09', 'babysitter-day', NULL),
(1819, 33, '2022-02-10', 'babysitter-day', NULL),
(1820, 33, '2022-02-11', 'babysitter-day', NULL),
(1821, 33, '2022-02-12', 'babysitter-day', NULL),
(1822, 33, '2022-02-13', 'babysitter-day', NULL),
(1823, 33, '2022-02-01', 'babysitter-night', NULL),
(1824, 33, '2022-02-02', 'babysitter-night', NULL),
(1825, 33, '2022-02-03', 'babysitter-night', NULL),
(1826, 33, '2022-02-04', 'babysitter-night', NULL),
(1827, 33, '2022-02-05', 'babysitter-night', NULL),
(1828, 33, '2022-02-06', 'babysitter-night', NULL),
(1829, 33, '2022-02-07', 'babysitter-night', NULL),
(1830, 33, '2022-02-08', 'babysitter-night', NULL),
(1831, 33, '2022-02-09', 'babysitter-night', NULL),
(1832, 33, '2022-02-10', 'babysitter-night', NULL),
(1833, 33, '2022-02-11', 'babysitter-night', NULL),
(1834, 33, '2022-02-12', 'babysitter-night', NULL),
(1835, 33, '2022-02-13', 'babysitter-night', NULL),
(1836, 38, '2022-02-15', 'holiday_nanny', '2022-02-06 22:34:17'),
(1837, 38, '2022-02-16', 'holiday_nanny', '2022-02-06 22:34:17'),
(1838, 38, '2022-02-17', 'holiday_nanny', '2022-02-06 22:34:17'),
(1839, 38, '2022-02-18', 'holiday_nanny', '2022-02-06 22:34:17'),
(1840, 38, '2022-02-19', 'holiday_nanny', '2022-02-06 22:34:17'),
(1841, 38, '2022-02-20', 'holiday_nanny', '2022-02-06 22:34:17'),
(1842, 38, '2022-02-21', 'holiday_nanny', '2022-02-06 22:34:17'),
(1843, 38, '2022-02-22', 'holiday_nanny', '2022-02-06 22:34:17'),
(1844, 38, '2022-02-23', 'holiday_nanny', '2022-02-06 22:34:17'),
(1845, 38, '2022-02-24', 'holiday_nanny', '2022-02-06 22:34:17'),
(1846, 38, '2022-02-25', 'holiday_nanny', '2022-02-06 22:34:17'),
(1847, 38, '2022-02-26', 'holiday_nanny', '2022-02-06 22:34:17'),
(1848, 38, '2022-02-27', 'holiday_nanny', '2022-02-06 22:34:17'),
(1849, 38, '2022-02-28', 'holiday_nanny', '2022-02-06 22:34:17'),
(1850, 38, '2022-02-15', 'babysitter-day', NULL),
(1851, 38, '2022-02-15', 'babysitter-night', NULL),
(1852, 38, '2022-02-16', 'babysitter-day', NULL),
(1853, 38, '2022-02-16', 'babysitter-night', NULL),
(1854, 38, '2022-02-17', 'babysitter-day', NULL),
(1855, 38, '2022-02-17', 'babysitter-night', NULL),
(1856, 38, '2022-02-18', 'babysitter-day', NULL),
(1857, 38, '2022-02-18', 'babysitter-night', NULL),
(1858, 38, '2022-02-19', 'babysitter-day', NULL),
(1859, 38, '2022-02-19', 'babysitter-night', NULL),
(1860, 38, '2022-02-20', 'babysitter-day', NULL),
(1861, 38, '2022-02-20', 'babysitter-night', NULL),
(1862, 38, '2022-02-21', 'babysitter-day', NULL),
(1863, 38, '2022-02-21', 'babysitter-night', NULL),
(1864, 38, '2022-02-22', 'babysitter-day', NULL),
(1865, 38, '2022-02-22', 'babysitter-night', NULL),
(1866, 38, '2022-02-25', 'babysitter-day', NULL),
(1867, 38, '2022-02-25', 'babysitter-night', NULL),
(1868, 38, '2022-02-23', 'babysitter-day', NULL),
(1869, 38, '2022-02-23', 'babysitter-night', NULL),
(1870, 38, '2022-02-24', 'babysitter-day', NULL),
(1871, 38, '2022-02-24', 'babysitter-night', NULL),
(1872, 38, '2022-02-26', 'babysitter-day', NULL),
(1873, 38, '2022-02-26', 'babysitter-night', NULL),
(1874, 38, '2022-02-27', 'babysitter-day', NULL),
(1875, 38, '2022-02-27', 'babysitter-night', NULL),
(1876, 38, '2022-02-28', 'babysitter-day', NULL),
(1877, 38, '2022-02-28', 'babysitter-night', NULL),
(1878, 38, '2022-02-15', 'holiday_nanny', NULL),
(1879, 38, '2022-02-16', 'holiday_nanny', NULL),
(1880, 38, '2022-02-17', 'holiday_nanny', NULL),
(1881, 38, '2022-02-18', 'holiday_nanny', NULL),
(1882, 38, '2022-02-19', 'holiday_nanny', NULL),
(1883, 38, '2022-02-20', 'holiday_nanny', NULL),
(1884, 38, '2022-02-21', 'holiday_nanny', NULL),
(1885, 38, '2022-02-22', 'holiday_nanny', NULL),
(1886, 38, '2022-02-23', 'holiday_nanny', NULL),
(1887, 38, '2022-02-24', 'holiday_nanny', NULL),
(1888, 38, '2022-02-25', 'holiday_nanny', NULL),
(1889, 38, '2022-02-26', 'holiday_nanny', NULL),
(1890, 38, '2022-02-27', 'holiday_nanny', NULL),
(1891, 38, '2022-02-28', 'holiday_nanny', NULL),
(1892, 37, '2022-02-01', 'babysitter-day', '2022-02-22 11:43:32'),
(1893, 37, '2022-02-02', 'babysitter-day', '2022-02-22 11:43:32'),
(1894, 37, '2022-02-03', 'babysitter-day', '2022-02-22 11:43:32'),
(1895, 37, '2022-02-04', 'babysitter-day', '2022-02-22 11:43:32'),
(1896, 37, '2022-02-05', 'babysitter-day', '2022-02-22 11:43:32'),
(1897, 37, '2022-02-07', 'babysitter-day', '2022-02-22 11:43:32'),
(1898, 37, '2022-02-08', 'babysitter-day', '2022-02-22 11:43:32'),
(1899, 37, '2022-02-06', 'babysitter-day', '2022-02-22 11:43:32'),
(1900, 37, '2022-02-09', 'babysitter-day', '2022-02-22 11:43:32'),
(1901, 37, '2022-02-10', 'babysitter-day', '2022-02-22 11:43:32'),
(1902, 37, '2022-02-11', 'babysitter-day', '2022-02-22 11:43:32'),
(1903, 37, '2022-02-12', 'babysitter-day', '2022-02-22 11:43:32'),
(1904, 37, '2022-02-01', 'babysitter-night', '2022-02-22 11:43:32'),
(1905, 37, '2022-02-02', 'babysitter-night', '2022-02-22 11:43:32'),
(1906, 37, '2022-02-03', 'babysitter-night', '2022-02-22 11:43:32'),
(1907, 37, '2022-02-04', 'babysitter-night', '2022-02-22 11:43:32'),
(1908, 37, '2022-02-05', 'babysitter-night', '2022-02-22 11:43:32'),
(1909, 37, '2022-02-07', 'babysitter-night', '2022-02-22 11:43:32'),
(1910, 37, '2022-02-08', 'babysitter-night', '2022-02-22 11:43:32'),
(1911, 37, '2022-02-06', 'babysitter-night', '2022-02-22 11:43:32'),
(1912, 37, '2022-02-09', 'babysitter-night', '2022-02-22 11:43:32'),
(1913, 37, '2022-02-10', 'babysitter-night', '2022-02-22 11:43:32'),
(1914, 37, '2022-02-11', 'babysitter-night', '2022-02-22 11:43:32'),
(1915, 37, '2022-02-12', 'babysitter-night', '2022-02-22 11:43:32'),
(1916, 37, '2022-02-01', 'holiday_nanny', '2022-02-22 11:43:32'),
(1917, 37, '2022-02-08', 'holiday_nanny', '2022-02-22 11:43:32'),
(1918, 37, '2022-02-07', 'holiday_nanny', '2022-02-22 11:43:32'),
(1919, 37, '2022-02-06', 'holiday_nanny', '2022-02-22 11:43:32'),
(1920, 37, '2022-02-09', 'holiday_nanny', '2022-02-22 11:43:32'),
(1921, 37, '2022-02-02', 'holiday_nanny', '2022-02-22 11:43:32'),
(1922, 37, '2022-02-03', 'holiday_nanny', '2022-02-22 11:43:32'),
(1923, 37, '2022-02-10', 'holiday_nanny', '2022-02-22 11:43:32'),
(1924, 37, '2022-02-11', 'holiday_nanny', '2022-02-22 11:43:32'),
(1925, 37, '2022-02-04', 'holiday_nanny', '2022-02-22 11:43:32'),
(1926, 37, '2022-02-05', 'holiday_nanny', '2022-02-22 11:43:32'),
(1927, 37, '2022-02-12', 'holiday_nanny', '2022-02-22 11:43:32'),
(1928, 42, '2022-06-06', 'holiday_nanny', '2022-02-22 10:15:12'),
(1929, 42, '2022-06-07', 'holiday_nanny', '2022-02-22 10:15:12'),
(1930, 42, '2022-06-08', 'holiday_nanny', '2022-02-22 10:15:12'),
(1931, 42, '2022-06-09', 'holiday_nanny', '2022-02-22 10:15:12'),
(1932, 42, '2022-06-10', 'holiday_nanny', '2022-02-22 10:15:12'),
(1933, 42, '2022-06-13', 'holiday_nanny', '2022-02-22 10:15:12'),
(1934, 42, '2022-06-14', 'holiday_nanny', '2022-02-22 10:15:12'),
(1935, 42, '2022-06-15', 'holiday_nanny', '2022-02-22 10:15:12'),
(1936, 42, '2022-06-16', 'holiday_nanny', '2022-02-22 10:15:12'),
(1937, 42, '2022-06-17', 'holiday_nanny', '2022-02-22 10:15:12'),
(1938, 42, '2022-06-20', 'holiday_nanny', '2022-02-22 10:15:12'),
(1939, 42, '2022-06-21', 'holiday_nanny', '2022-02-22 10:15:12'),
(1940, 42, '2022-06-22', 'holiday_nanny', '2022-02-22 10:15:12'),
(1941, 42, '2022-06-23', 'holiday_nanny', '2022-02-22 10:15:12'),
(1942, 42, '2022-06-24', 'holiday_nanny', '2022-02-22 10:15:12'),
(1943, 42, '2022-06-27', 'holiday_nanny', '2022-02-22 10:15:12'),
(1944, 42, '2022-06-28', 'holiday_nanny', '2022-02-22 10:15:12'),
(1945, 42, '2022-06-29', 'holiday_nanny', '2022-02-22 10:15:12'),
(1946, 42, '2022-06-30', 'holiday_nanny', '2022-02-22 10:15:12'),
(1947, 42, '2022-07-01', 'holiday_nanny', '2022-02-22 10:15:12'),
(1948, 42, '2022-06-06', 'holiday_nanny', '2022-02-22 10:26:06'),
(1949, 42, '2022-06-07', 'holiday_nanny', '2022-02-22 10:26:06'),
(1950, 42, '2022-06-08', 'holiday_nanny', '2022-02-22 10:26:06'),
(1951, 42, '2022-06-09', 'holiday_nanny', '2022-02-22 10:26:06'),
(1952, 42, '2022-06-10', 'holiday_nanny', '2022-02-22 10:26:06'),
(1953, 42, '2022-06-13', 'holiday_nanny', '2022-02-22 10:26:06'),
(1954, 42, '2022-06-14', 'holiday_nanny', '2022-02-22 10:26:06'),
(1955, 42, '2022-06-15', 'holiday_nanny', '2022-02-22 10:26:06'),
(1956, 42, '2022-06-16', 'holiday_nanny', '2022-02-22 10:26:06'),
(1957, 42, '2022-06-17', 'holiday_nanny', '2022-02-22 10:26:06'),
(1958, 42, '2022-06-20', 'holiday_nanny', '2022-02-22 10:26:06'),
(1959, 42, '2022-06-21', 'holiday_nanny', '2022-02-22 10:26:06'),
(1960, 42, '2022-06-22', 'holiday_nanny', '2022-02-22 10:26:06'),
(1961, 42, '2022-06-23', 'holiday_nanny', '2022-02-22 10:26:06'),
(1962, 42, '2022-06-24', 'holiday_nanny', '2022-02-22 10:26:06'),
(1963, 42, '2022-06-27', 'holiday_nanny', '2022-02-22 10:26:06'),
(1964, 42, '2022-06-28', 'holiday_nanny', '2022-02-22 10:26:06'),
(1965, 42, '2022-06-29', 'holiday_nanny', '2022-02-22 10:26:06'),
(1966, 42, '2022-06-30', 'holiday_nanny', '2022-02-22 10:26:06'),
(1967, 42, '2022-07-01', 'holiday_nanny', '2022-02-22 10:26:06'),
(1968, 49, '2022-03-04', 'babysitter-night', '2022-02-22 10:20:34'),
(1969, 49, '2022-03-05', 'babysitter-day', '2022-02-22 10:20:34'),
(1970, 49, '2022-03-05', 'babysitter-night', '2022-02-22 10:20:34'),
(1971, 49, '2022-03-06', 'babysitter-day', '2022-02-22 10:20:34'),
(1972, 49, '2022-03-18', 'babysitter-night', '2022-02-22 10:20:34'),
(1973, 49, '2022-03-19', 'babysitter-day', '2022-02-22 10:20:34'),
(1974, 49, '2022-03-19', 'babysitter-night', '2022-02-22 10:20:34'),
(1975, 49, '2022-03-20', 'babysitter-day', '2022-02-22 10:20:34'),
(1976, 49, '2022-04-01', 'babysitter-night', '2022-02-22 10:20:34'),
(1977, 49, '2022-04-02', 'babysitter-day', '2022-02-22 10:20:34'),
(1978, 49, '2022-04-02', 'babysitter-night', '2022-02-22 10:20:34'),
(1979, 49, '2022-04-03', 'babysitter-day', '2022-02-22 10:20:34'),
(1980, 49, '2022-04-15', 'babysitter-night', '2022-02-22 10:20:34'),
(1981, 49, '2022-04-16', 'babysitter-day', '2022-02-22 10:20:34'),
(1982, 49, '2022-04-16', 'babysitter-night', '2022-02-22 10:20:34'),
(1983, 49, '2022-04-17', 'babysitter-day', '2022-02-22 10:20:34'),
(1984, 49, '2022-04-29', 'babysitter-night', '2022-02-22 10:20:34'),
(1985, 49, '2022-04-30', 'babysitter-day', '2022-02-22 10:20:34'),
(1986, 49, '2022-04-30', 'babysitter-night', '2022-02-22 10:20:34'),
(1987, 49, '2022-05-01', 'babysitter-day', '2022-02-22 10:20:34'),
(1988, 49, '2022-05-14', 'babysitter-day', '2022-02-22 10:20:34'),
(1989, 49, '2022-05-14', 'babysitter-night', '2022-02-22 10:20:34'),
(1990, 49, '2022-05-15', 'babysitter-day', '2022-02-22 10:20:34'),
(1991, 49, '2022-05-13', 'babysitter-night', '2022-02-22 10:20:34'),
(1992, 49, '2022-05-27', 'babysitter-night', '2022-02-22 10:20:34'),
(1993, 49, '2022-05-28', 'babysitter-day', '2022-02-22 10:20:34'),
(1994, 49, '2022-05-28', 'babysitter-night', '2022-02-22 10:20:34'),
(1995, 49, '2022-05-29', 'babysitter-day', '2022-02-22 10:20:34'),
(1996, 49, '2022-06-10', 'babysitter-night', '2022-02-22 10:20:34'),
(1997, 49, '2022-06-11', 'babysitter-day', '2022-02-22 10:20:34'),
(1998, 49, '2022-06-11', 'babysitter-night', '2022-02-22 10:20:34'),
(1999, 49, '2022-06-12', 'babysitter-day', '2022-02-22 10:20:34'),
(2000, 49, '2022-06-20', 'babysitter-day', '2022-02-22 10:20:34'),
(2001, 49, '2022-06-21', 'babysitter-day', '2022-02-22 10:20:34'),
(2002, 49, '2022-06-22', 'babysitter-day', '2022-02-22 10:20:34'),
(2003, 49, '2022-06-23', 'babysitter-day', '2022-02-22 10:20:34'),
(2004, 49, '2022-06-24', 'babysitter-day', '2022-02-22 10:20:34'),
(2005, 49, '2022-06-27', 'babysitter-day', '2022-02-22 10:20:34'),
(2006, 49, '2022-06-28', 'babysitter-day', '2022-02-22 10:20:34'),
(2007, 49, '2022-06-29', 'babysitter-day', '2022-02-22 10:20:34'),
(2008, 49, '2022-06-30', 'babysitter-day', '2022-02-22 10:20:34'),
(2009, 49, '2022-07-01', 'babysitter-day', '2022-02-22 10:20:34'),
(2010, 49, '2022-07-04', 'babysitter-day', '2022-02-22 10:20:34'),
(2011, 49, '2022-07-05', 'babysitter-day', '2022-02-22 10:20:34'),
(2012, 49, '2022-07-06', 'babysitter-day', '2022-02-22 10:20:34'),
(2013, 49, '2022-07-07', 'babysitter-day', '2022-02-22 10:20:34'),
(2014, 49, '2022-07-08', 'babysitter-day', '2022-02-22 10:20:34'),
(2015, 49, '2022-07-11', 'babysitter-day', '2022-02-22 10:20:34'),
(2016, 49, '2022-07-12', 'babysitter-day', '2022-02-22 10:20:34'),
(2017, 49, '2022-07-13', 'babysitter-day', '2022-02-22 10:20:34'),
(2018, 49, '2022-07-14', 'babysitter-day', '2022-02-22 10:20:34'),
(2019, 49, '2022-07-15', 'babysitter-day', '2022-02-22 10:20:34'),
(2020, 49, '2022-07-18', 'babysitter-day', '2022-02-22 10:20:34'),
(2021, 49, '2022-07-19', 'babysitter-day', '2022-02-22 10:20:34'),
(2022, 49, '2022-07-20', 'babysitter-day', '2022-02-22 10:20:34'),
(2023, 49, '2022-07-21', 'babysitter-day', '2022-02-22 10:20:34'),
(2024, 49, '2022-07-22', 'babysitter-day', '2022-02-22 10:20:34'),
(2025, 49, '2022-07-25', 'babysitter-day', '2022-02-22 10:20:34'),
(2026, 49, '2022-07-26', 'babysitter-day', '2022-02-22 10:20:34'),
(2027, 49, '2022-07-27', 'babysitter-day', '2022-02-22 10:20:34'),
(2028, 49, '2022-07-28', 'babysitter-day', '2022-02-22 10:20:34'),
(2029, 49, '2022-07-29', 'babysitter-day', '2022-02-22 10:20:34'),
(2030, 49, '2022-06-15', 'holiday_nanny', '2022-02-22 10:20:34'),
(2031, 49, '2022-06-16', 'holiday_nanny', '2022-02-22 10:20:34'),
(2032, 49, '2022-06-17', 'holiday_nanny', '2022-02-22 10:20:34'),
(2033, 49, '2022-06-18', 'holiday_nanny', '2022-02-22 10:20:34'),
(2034, 49, '2022-06-20', 'holiday_nanny', '2022-02-22 10:20:34'),
(2035, 49, '2022-06-21', 'holiday_nanny', '2022-02-22 10:20:34'),
(2036, 49, '2022-06-22', 'holiday_nanny', '2022-02-22 10:20:34'),
(2037, 49, '2022-06-23', 'holiday_nanny', '2022-02-22 10:20:34'),
(2038, 49, '2022-06-24', 'holiday_nanny', '2022-02-22 10:20:34'),
(2039, 49, '2022-06-25', 'holiday_nanny', '2022-02-22 10:20:34'),
(2040, 49, '2022-06-27', 'holiday_nanny', '2022-02-22 10:20:34'),
(2041, 49, '2022-06-28', 'holiday_nanny', '2022-02-22 10:20:34'),
(2042, 49, '2022-06-29', 'holiday_nanny', '2022-02-22 10:20:34'),
(2043, 49, '2022-06-30', 'holiday_nanny', '2022-02-22 10:20:34'),
(2044, 49, '2022-05-02', 'holiday_nanny', '2022-02-22 10:20:34'),
(2045, 49, '2022-05-03', 'holiday_nanny', '2022-02-22 10:20:34'),
(2046, 49, '2022-05-04', 'holiday_nanny', '2022-02-22 10:20:34'),
(2047, 49, '2022-05-05', 'holiday_nanny', '2022-02-22 10:20:34'),
(2048, 49, '2022-05-06', 'holiday_nanny', '2022-02-22 10:20:34'),
(2049, 49, '2022-05-07', 'holiday_nanny', '2022-02-22 10:20:34'),
(2050, 49, '2022-05-09', 'holiday_nanny', '2022-02-22 10:20:34'),
(2051, 49, '2022-05-10', 'holiday_nanny', '2022-02-22 10:20:34'),
(2052, 49, '2022-05-11', 'holiday_nanny', '2022-02-22 10:20:34'),
(2053, 49, '2022-05-12', 'holiday_nanny', '2022-02-22 10:20:34'),
(2054, 49, '2022-05-13', 'holiday_nanny', '2022-02-22 10:20:34'),
(2055, 49, '2022-05-14', 'holiday_nanny', '2022-02-22 10:20:34'),
(2056, 49, '2022-05-21', 'holiday_nanny', '2022-02-22 10:20:34'),
(2057, 49, '2022-05-20', 'holiday_nanny', '2022-02-22 10:20:34'),
(2058, 49, '2022-05-19', 'holiday_nanny', '2022-02-22 10:20:34'),
(2059, 49, '2022-05-18', 'holiday_nanny', '2022-02-22 10:20:34'),
(2060, 49, '2022-05-17', 'holiday_nanny', '2022-02-22 10:20:34'),
(2061, 49, '2022-05-16', 'holiday_nanny', '2022-02-22 10:20:34'),
(2062, 49, '2022-05-23', 'holiday_nanny', '2022-02-22 10:20:34'),
(2063, 49, '2022-05-24', 'holiday_nanny', '2022-02-22 10:20:34'),
(2064, 49, '2022-05-25', 'holiday_nanny', '2022-02-22 10:20:34'),
(2065, 49, '2022-05-26', 'holiday_nanny', '2022-02-22 10:20:34'),
(2066, 49, '2022-05-27', 'holiday_nanny', '2022-02-22 10:20:34'),
(2067, 49, '2022-05-28', 'holiday_nanny', '2022-02-22 10:20:34'),
(2068, 49, '2022-05-30', 'holiday_nanny', '2022-02-22 10:20:34'),
(2069, 49, '2022-05-31', 'holiday_nanny', '2022-02-22 10:20:34'),
(2070, 49, '2022-06-06', 'holiday_nanny', '2022-02-22 10:20:34'),
(2071, 49, '2022-06-13', 'holiday_nanny', '2022-02-22 10:20:34'),
(2072, 49, '2022-06-07', 'holiday_nanny', '2022-02-22 10:20:34'),
(2073, 49, '2022-06-14', 'holiday_nanny', '2022-02-22 10:20:34'),
(2074, 49, '2022-06-08', 'holiday_nanny', '2022-02-22 10:20:34'),
(2075, 49, '2022-06-01', 'holiday_nanny', '2022-02-22 10:20:34'),
(2076, 49, '2022-06-02', 'holiday_nanny', '2022-02-22 10:20:34'),
(2077, 49, '2022-06-09', 'holiday_nanny', '2022-02-22 10:20:34'),
(2078, 49, '2022-06-03', 'holiday_nanny', '2022-02-22 10:20:34'),
(2079, 49, '2022-06-10', 'holiday_nanny', '2022-02-22 10:20:34'),
(2080, 49, '2022-06-04', 'holiday_nanny', '2022-02-22 10:20:34'),
(2081, 49, '2022-06-11', 'holiday_nanny', '2022-02-22 10:20:34'),
(2082, 49, '2022-07-01', 'holiday_nanny', '2022-02-22 10:20:34'),
(2083, 49, '2022-07-02', 'holiday_nanny', '2022-02-22 10:20:34'),
(2084, 49, '2022-07-04', 'holiday_nanny', '2022-02-22 10:20:34'),
(2085, 49, '2022-07-05', 'holiday_nanny', '2022-02-22 10:20:34'),
(2086, 49, '2022-07-06', 'holiday_nanny', '2022-02-22 10:20:34'),
(2087, 49, '2022-07-07', 'holiday_nanny', '2022-02-22 10:20:34'),
(2088, 49, '2022-07-08', 'holiday_nanny', '2022-02-22 10:20:34'),
(2089, 49, '2022-07-09', 'holiday_nanny', '2022-02-22 10:20:34'),
(2090, 49, '2022-07-16', 'holiday_nanny', '2022-02-22 10:20:34'),
(2091, 49, '2022-07-15', 'holiday_nanny', '2022-02-22 10:20:34'),
(2092, 49, '2022-07-14', 'holiday_nanny', '2022-02-22 10:20:34'),
(2093, 49, '2022-07-13', 'holiday_nanny', '2022-02-22 10:20:34'),
(2094, 49, '2022-07-11', 'holiday_nanny', '2022-02-22 10:20:34'),
(2095, 49, '2022-07-12', 'holiday_nanny', '2022-02-22 10:20:34'),
(2096, 49, '2022-07-18', 'holiday_nanny', '2022-02-22 10:20:34'),
(2097, 49, '2022-07-19', 'holiday_nanny', '2022-02-22 10:20:34'),
(2098, 49, '2022-07-20', 'holiday_nanny', '2022-02-22 10:20:34'),
(2099, 49, '2022-07-21', 'holiday_nanny', '2022-02-22 10:20:34'),
(2100, 49, '2022-07-22', 'holiday_nanny', '2022-02-22 10:20:34'),
(2101, 49, '2022-07-23', 'holiday_nanny', '2022-02-22 10:20:34'),
(2102, 49, '2022-07-30', 'holiday_nanny', '2022-02-22 10:20:34'),
(2103, 49, '2022-07-29', 'holiday_nanny', '2022-02-22 10:20:34'),
(2104, 49, '2022-07-28', 'holiday_nanny', '2022-02-22 10:20:34'),
(2105, 49, '2022-07-27', 'holiday_nanny', '2022-02-22 10:20:34'),
(2106, 49, '2022-07-26', 'holiday_nanny', '2022-02-22 10:20:34'),
(2107, 49, '2022-07-25', 'holiday_nanny', '2022-02-22 10:20:34'),
(2108, 49, '2022-03-04', 'babysitter-night', '2022-02-22 11:04:05'),
(2109, 49, '2022-03-05', 'babysitter-day', '2022-02-22 11:04:05'),
(2110, 49, '2022-03-05', 'babysitter-night', '2022-02-22 11:04:05'),
(2111, 49, '2022-03-06', 'babysitter-day', '2022-02-22 11:04:05'),
(2112, 49, '2022-03-18', 'babysitter-night', '2022-02-22 11:04:05'),
(2113, 49, '2022-03-19', 'babysitter-day', '2022-02-22 11:04:05'),
(2114, 49, '2022-03-19', 'babysitter-night', '2022-02-22 11:04:05'),
(2115, 49, '2022-03-20', 'babysitter-day', '2022-02-22 11:04:05'),
(2116, 49, '2022-04-01', 'babysitter-night', '2022-02-22 11:04:05'),
(2117, 49, '2022-04-02', 'babysitter-day', '2022-02-22 11:04:05'),
(2118, 49, '2022-04-02', 'babysitter-night', '2022-02-22 11:04:05'),
(2119, 49, '2022-04-03', 'babysitter-day', '2022-02-22 11:04:05'),
(2120, 49, '2022-04-15', 'babysitter-night', '2022-02-22 11:04:05'),
(2121, 49, '2022-04-16', 'babysitter-day', '2022-02-22 11:04:05'),
(2122, 49, '2022-04-16', 'babysitter-night', '2022-02-22 11:04:05'),
(2123, 49, '2022-04-17', 'babysitter-day', '2022-02-22 11:04:05'),
(2124, 49, '2022-04-29', 'babysitter-night', '2022-02-22 11:04:05'),
(2125, 49, '2022-04-30', 'babysitter-day', '2022-02-22 11:04:05'),
(2126, 49, '2022-04-30', 'babysitter-night', '2022-02-22 11:04:05'),
(2127, 49, '2022-05-01', 'babysitter-day', '2022-02-22 11:04:05'),
(2128, 49, '2022-05-13', 'babysitter-night', '2022-02-22 11:04:05'),
(2129, 49, '2022-05-14', 'babysitter-night', '2022-02-22 11:04:05'),
(2130, 49, '2022-05-14', 'babysitter-day', '2022-02-22 11:04:05'),
(2131, 49, '2022-05-15', 'babysitter-day', '2022-02-22 11:04:05'),
(2132, 49, '2022-05-27', 'babysitter-night', '2022-02-22 11:04:05'),
(2133, 49, '2022-05-28', 'babysitter-night', '2022-02-22 11:04:05'),
(2134, 49, '2022-05-28', 'babysitter-day', '2022-02-22 11:04:05'),
(2135, 49, '2022-05-29', 'babysitter-day', '2022-02-22 11:04:05'),
(2136, 49, '2022-06-10', 'babysitter-night', '2022-02-22 11:04:05'),
(2137, 49, '2022-06-11', 'babysitter-day', '2022-02-22 11:04:05'),
(2138, 49, '2022-06-11', 'babysitter-night', '2022-02-22 11:04:05'),
(2139, 49, '2022-06-12', 'babysitter-day', '2022-02-22 11:04:05'),
(2140, 49, '2022-06-20', 'babysitter-day', '2022-02-22 11:04:05'),
(2141, 49, '2022-06-21', 'babysitter-day', '2022-02-22 11:04:05'),
(2142, 49, '2022-06-22', 'babysitter-day', '2022-02-22 11:04:05'),
(2143, 49, '2022-06-23', 'babysitter-day', '2022-02-22 11:04:05'),
(2144, 49, '2022-06-24', 'babysitter-day', '2022-02-22 11:04:05'),
(2145, 49, '2022-06-27', 'babysitter-day', '2022-02-22 11:04:05'),
(2146, 49, '2022-06-28', 'babysitter-day', '2022-02-22 11:04:05'),
(2147, 49, '2022-06-29', 'babysitter-day', '2022-02-22 11:04:05'),
(2148, 49, '2022-06-30', 'babysitter-day', '2022-02-22 11:04:05'),
(2149, 49, '2022-07-01', 'babysitter-day', '2022-02-22 11:04:05'),
(2150, 49, '2022-07-04', 'babysitter-day', '2022-02-22 11:04:05'),
(2151, 49, '2022-07-05', 'babysitter-day', '2022-02-22 11:04:05'),
(2152, 49, '2022-07-06', 'babysitter-day', '2022-02-22 11:04:05'),
(2153, 49, '2022-07-07', 'babysitter-day', '2022-02-22 11:04:05'),
(2154, 49, '2022-07-08', 'babysitter-day', '2022-02-22 11:04:05'),
(2155, 49, '2022-07-11', 'babysitter-day', '2022-02-22 11:04:05'),
(2156, 49, '2022-07-12', 'babysitter-day', '2022-02-22 11:04:05'),
(2157, 49, '2022-07-13', 'babysitter-day', '2022-02-22 11:04:05'),
(2158, 49, '2022-07-14', 'babysitter-day', '2022-02-22 11:04:05'),
(2159, 49, '2022-07-15', 'babysitter-day', '2022-02-22 11:04:05'),
(2160, 49, '2022-07-18', 'babysitter-day', '2022-02-22 11:04:05'),
(2161, 49, '2022-07-19', 'babysitter-day', '2022-02-22 11:04:05'),
(2162, 49, '2022-07-20', 'babysitter-day', '2022-02-22 11:04:05'),
(2163, 49, '2022-07-21', 'babysitter-day', '2022-02-22 11:04:05'),
(2164, 49, '2022-07-22', 'babysitter-day', '2022-02-22 11:04:05'),
(2165, 49, '2022-07-25', 'babysitter-day', '2022-02-22 11:04:05'),
(2166, 49, '2022-07-26', 'babysitter-day', '2022-02-22 11:04:05'),
(2167, 49, '2022-07-27', 'babysitter-day', '2022-02-22 11:04:05'),
(2168, 49, '2022-07-28', 'babysitter-day', '2022-02-22 11:04:05'),
(2169, 49, '2022-07-29', 'babysitter-day', '2022-02-22 11:04:05'),
(2170, 49, '2022-05-02', 'holiday_nanny', '2022-02-22 11:04:05'),
(2171, 49, '2022-05-03', 'holiday_nanny', '2022-02-22 11:04:05'),
(2172, 49, '2022-05-04', 'holiday_nanny', '2022-02-22 11:04:05'),
(2173, 49, '2022-05-05', 'holiday_nanny', '2022-02-22 11:04:05'),
(2174, 49, '2022-05-06', 'holiday_nanny', '2022-02-22 11:04:05'),
(2175, 49, '2022-05-07', 'holiday_nanny', '2022-02-22 11:04:05'),
(2176, 49, '2022-05-09', 'holiday_nanny', '2022-02-22 11:04:05'),
(2177, 49, '2022-05-10', 'holiday_nanny', '2022-02-22 11:04:05'),
(2178, 49, '2022-05-11', 'holiday_nanny', '2022-02-22 11:04:05'),
(2179, 49, '2022-05-12', 'holiday_nanny', '2022-02-22 11:04:05'),
(2180, 49, '2022-05-13', 'holiday_nanny', '2022-02-22 11:04:05'),
(2181, 49, '2022-05-14', 'holiday_nanny', '2022-02-22 11:04:05'),
(2182, 49, '2022-05-16', 'holiday_nanny', '2022-02-22 11:04:05'),
(2183, 49, '2022-05-17', 'holiday_nanny', '2022-02-22 11:04:05'),
(2184, 49, '2022-05-18', 'holiday_nanny', '2022-02-22 11:04:05'),
(2185, 49, '2022-05-19', 'holiday_nanny', '2022-02-22 11:04:05'),
(2186, 49, '2022-05-20', 'holiday_nanny', '2022-02-22 11:04:05'),
(2187, 49, '2022-05-21', 'holiday_nanny', '2022-02-22 11:04:05'),
(2188, 49, '2022-05-23', 'holiday_nanny', '2022-02-22 11:04:05'),
(2189, 49, '2022-05-24', 'holiday_nanny', '2022-02-22 11:04:05'),
(2190, 49, '2022-05-25', 'holiday_nanny', '2022-02-22 11:04:05'),
(2191, 49, '2022-05-26', 'holiday_nanny', '2022-02-22 11:04:05'),
(2192, 49, '2022-05-27', 'holiday_nanny', '2022-02-22 11:04:05'),
(2193, 49, '2022-05-28', 'holiday_nanny', '2022-02-22 11:04:05'),
(2194, 49, '2022-05-30', 'holiday_nanny', '2022-02-22 11:04:05'),
(2195, 49, '2022-05-31', 'holiday_nanny', '2022-02-22 11:04:05'),
(2196, 49, '2022-06-01', 'holiday_nanny', '2022-02-22 11:04:05'),
(2197, 49, '2022-06-02', 'holiday_nanny', '2022-02-22 11:04:05'),
(2198, 49, '2022-06-03', 'holiday_nanny', '2022-02-22 11:04:05'),
(2199, 49, '2022-06-04', 'holiday_nanny', '2022-02-22 11:04:05'),
(2200, 49, '2022-06-06', 'holiday_nanny', '2022-02-22 11:04:05'),
(2201, 49, '2022-06-07', 'holiday_nanny', '2022-02-22 11:04:05'),
(2202, 49, '2022-06-08', 'holiday_nanny', '2022-02-22 11:04:05'),
(2203, 49, '2022-06-09', 'holiday_nanny', '2022-02-22 11:04:05'),
(2204, 49, '2022-06-10', 'holiday_nanny', '2022-02-22 11:04:05'),
(2205, 49, '2022-06-11', 'holiday_nanny', '2022-02-22 11:04:05'),
(2206, 49, '2022-06-13', 'holiday_nanny', '2022-02-22 11:04:05'),
(2207, 49, '2022-06-14', 'holiday_nanny', '2022-02-22 11:04:05'),
(2208, 49, '2022-06-15', 'holiday_nanny', '2022-02-22 11:04:05'),
(2209, 49, '2022-06-16', 'holiday_nanny', '2022-02-22 11:04:05'),
(2210, 49, '2022-06-17', 'holiday_nanny', '2022-02-22 11:04:05'),
(2211, 49, '2022-06-18', 'holiday_nanny', '2022-02-22 11:04:05'),
(2212, 49, '2022-06-20', 'holiday_nanny', '2022-02-22 11:04:05'),
(2213, 49, '2022-06-21', 'holiday_nanny', '2022-02-22 11:04:05'),
(2214, 49, '2022-06-22', 'holiday_nanny', '2022-02-22 11:04:05'),
(2215, 49, '2022-06-23', 'holiday_nanny', '2022-02-22 11:04:05'),
(2216, 49, '2022-06-24', 'holiday_nanny', '2022-02-22 11:04:05'),
(2217, 49, '2022-06-25', 'holiday_nanny', '2022-02-22 11:04:05'),
(2218, 49, '2022-06-27', 'holiday_nanny', '2022-02-22 11:04:05'),
(2219, 49, '2022-06-28', 'holiday_nanny', '2022-02-22 11:04:05'),
(2220, 49, '2022-06-29', 'holiday_nanny', '2022-02-22 11:04:05'),
(2221, 49, '2022-06-30', 'holiday_nanny', '2022-02-22 11:04:05'),
(2222, 49, '2022-07-01', 'holiday_nanny', '2022-02-22 11:04:05'),
(2223, 49, '2022-07-02', 'holiday_nanny', '2022-02-22 11:04:05'),
(2224, 49, '2022-07-04', 'holiday_nanny', '2022-02-22 11:04:05'),
(2225, 49, '2022-07-05', 'holiday_nanny', '2022-02-22 11:04:05'),
(2226, 49, '2022-07-06', 'holiday_nanny', '2022-02-22 11:04:05'),
(2227, 49, '2022-07-07', 'holiday_nanny', '2022-02-22 11:04:05'),
(2228, 49, '2022-07-08', 'holiday_nanny', '2022-02-22 11:04:05'),
(2229, 49, '2022-07-09', 'holiday_nanny', '2022-02-22 11:04:05'),
(2230, 49, '2022-07-11', 'holiday_nanny', '2022-02-22 11:04:05'),
(2231, 49, '2022-07-12', 'holiday_nanny', '2022-02-22 11:04:05'),
(2232, 49, '2022-07-13', 'holiday_nanny', '2022-02-22 11:04:05'),
(2233, 49, '2022-07-14', 'holiday_nanny', '2022-02-22 11:04:05'),
(2234, 49, '2022-07-15', 'holiday_nanny', '2022-02-22 11:04:05'),
(2235, 49, '2022-07-16', 'holiday_nanny', '2022-02-22 11:04:05'),
(2236, 49, '2022-07-18', 'holiday_nanny', '2022-02-22 11:04:05'),
(2237, 49, '2022-07-19', 'holiday_nanny', '2022-02-22 11:04:05'),
(2238, 49, '2022-07-20', 'holiday_nanny', '2022-02-22 11:04:05'),
(2239, 49, '2022-07-21', 'holiday_nanny', '2022-02-22 11:04:05'),
(2240, 49, '2022-07-22', 'holiday_nanny', '2022-02-22 11:04:05'),
(2241, 49, '2022-07-23', 'holiday_nanny', '2022-02-22 11:04:05'),
(2242, 49, '2022-07-25', 'holiday_nanny', '2022-02-22 11:04:05'),
(2243, 49, '2022-07-26', 'holiday_nanny', '2022-02-22 11:04:05'),
(2244, 49, '2022-07-27', 'holiday_nanny', '2022-02-22 11:04:05'),
(2245, 49, '2022-07-28', 'holiday_nanny', '2022-02-22 11:04:05'),
(2246, 49, '2022-07-29', 'holiday_nanny', '2022-02-22 11:04:05'),
(2247, 49, '2022-07-30', 'holiday_nanny', '2022-02-22 11:04:05'),
(2248, 49, '2022-02-23', 'holiday_nanny', '2022-02-22 11:04:05'),
(2249, 49, '2022-02-24', 'holiday_nanny', '2022-02-22 11:04:05'),
(2250, 49, '2022-02-25', 'holiday_nanny', '2022-02-22 11:04:05'),
(2251, 49, '2022-02-26', 'holiday_nanny', '2022-02-22 11:04:05'),
(2252, 49, '2022-02-28', 'holiday_nanny', '2022-02-22 11:04:05'),
(2253, 49, '2022-03-01', 'holiday_nanny', '2022-02-22 11:04:05'),
(2254, 49, '2022-03-02', 'holiday_nanny', '2022-02-22 11:04:05'),
(2255, 49, '2022-03-03', 'holiday_nanny', '2022-02-22 11:04:05'),
(2256, 49, '2022-03-04', 'holiday_nanny', '2022-02-22 11:04:05'),
(2257, 49, '2022-03-05', 'holiday_nanny', '2022-02-22 11:04:05'),
(2258, 49, '2022-03-30', 'holiday_nanny', '2022-02-22 11:04:05'),
(2259, 49, '2022-03-07', 'holiday_nanny', '2022-02-22 11:04:05'),
(2260, 49, '2022-03-14', 'holiday_nanny', '2022-02-22 11:04:05'),
(2261, 49, '2022-03-21', 'holiday_nanny', '2022-02-22 11:04:05'),
(2262, 49, '2022-03-28', 'holiday_nanny', '2022-02-22 11:04:05'),
(2263, 49, '2022-03-08', 'holiday_nanny', '2022-02-22 11:04:05'),
(2264, 49, '2022-03-15', 'holiday_nanny', '2022-02-22 11:04:05'),
(2265, 49, '2022-03-22', 'holiday_nanny', '2022-02-22 11:04:05'),
(2266, 49, '2022-03-29', 'holiday_nanny', '2022-02-22 11:04:05'),
(2267, 49, '2022-03-09', 'holiday_nanny', '2022-02-22 11:04:05'),
(2268, 49, '2022-03-16', 'holiday_nanny', '2022-02-22 11:04:05'),
(2269, 49, '2022-03-23', 'holiday_nanny', '2022-02-22 11:04:05'),
(2270, 49, '2022-03-10', 'holiday_nanny', '2022-02-22 11:04:05'),
(2271, 49, '2022-03-17', 'holiday_nanny', '2022-02-22 11:04:05'),
(2272, 49, '2022-03-24', 'holiday_nanny', '2022-02-22 11:04:05'),
(2273, 49, '2022-03-31', 'holiday_nanny', '2022-02-22 11:04:05'),
(2274, 49, '2022-03-11', 'holiday_nanny', '2022-02-22 11:04:05'),
(2275, 49, '2022-03-18', 'holiday_nanny', '2022-02-22 11:04:05'),
(2276, 49, '2022-03-25', 'holiday_nanny', '2022-02-22 11:04:05'),
(2277, 49, '2022-03-12', 'holiday_nanny', '2022-02-22 11:04:05'),
(2278, 49, '2022-03-19', 'holiday_nanny', '2022-02-22 11:04:05'),
(2279, 49, '2022-03-26', 'holiday_nanny', '2022-02-22 11:04:05'),
(2280, 49, '2022-04-01', 'holiday_nanny', '2022-02-22 11:04:05'),
(2281, 49, '2022-04-02', 'holiday_nanny', '2022-02-22 11:04:05'),
(2282, 49, '2022-04-04', 'holiday_nanny', '2022-02-22 11:04:05'),
(2283, 49, '2022-04-11', 'holiday_nanny', '2022-02-22 11:04:05'),
(2284, 49, '2022-04-25', 'holiday_nanny', '2022-02-22 11:04:05'),
(2285, 49, '2022-04-12', 'holiday_nanny', '2022-02-22 11:04:05'),
(2286, 49, '2022-04-05', 'holiday_nanny', '2022-02-22 11:04:05'),
(2287, 49, '2022-04-06', 'holiday_nanny', '2022-02-22 11:04:05'),
(2288, 49, '2022-04-07', 'holiday_nanny', '2022-02-22 11:04:05'),
(2289, 49, '2022-04-08', 'holiday_nanny', '2022-02-22 11:04:05'),
(2290, 49, '2022-04-09', 'holiday_nanny', '2022-02-22 11:04:05'),
(2291, 49, '2022-04-19', 'holiday_nanny', '2022-02-22 11:04:05'),
(2292, 49, '2022-04-20', 'holiday_nanny', '2022-02-22 11:04:05'),
(2293, 49, '2022-04-21', 'holiday_nanny', '2022-02-22 11:04:05'),
(2294, 49, '2022-04-22', 'holiday_nanny', '2022-02-22 11:04:05'),
(2295, 49, '2022-04-23', 'holiday_nanny', '2022-02-22 11:04:05'),
(2296, 49, '2022-04-26', 'holiday_nanny', '2022-02-22 11:04:05'),
(2297, 49, '2022-04-27', 'holiday_nanny', '2022-02-22 11:04:05'),
(2298, 49, '2022-04-28', 'holiday_nanny', '2022-02-22 11:04:05'),
(2299, 49, '2022-04-29', 'holiday_nanny', '2022-02-22 11:04:05'),
(2300, 49, '2022-04-30', 'holiday_nanny', '2022-02-22 11:04:05'),
(2301, 42, '2022-06-06', 'holiday_nanny', NULL),
(2302, 42, '2022-06-07', 'holiday_nanny', NULL),
(2303, 42, '2022-06-08', 'holiday_nanny', NULL),
(2304, 42, '2022-06-09', 'holiday_nanny', NULL),
(2305, 42, '2022-06-10', 'holiday_nanny', NULL),
(2306, 42, '2022-06-13', 'holiday_nanny', NULL),
(2307, 42, '2022-06-14', 'holiday_nanny', NULL),
(2308, 42, '2022-06-15', 'holiday_nanny', NULL),
(2309, 42, '2022-06-16', 'holiday_nanny', NULL),
(2310, 42, '2022-06-17', 'holiday_nanny', NULL),
(2311, 42, '2022-06-20', 'holiday_nanny', NULL),
(2312, 42, '2022-06-21', 'holiday_nanny', NULL),
(2313, 42, '2022-06-22', 'holiday_nanny', NULL),
(2314, 42, '2022-06-23', 'holiday_nanny', NULL),
(2315, 42, '2022-06-24', 'holiday_nanny', NULL),
(2316, 42, '2022-06-27', 'holiday_nanny', NULL),
(2317, 42, '2022-06-28', 'holiday_nanny', NULL),
(2318, 42, '2022-06-29', 'holiday_nanny', NULL),
(2319, 42, '2022-06-30', 'holiday_nanny', NULL),
(2320, 42, '2022-07-01', 'holiday_nanny', NULL),
(2321, 57, '2022-02-25', 'holiday_nanny', '2022-02-22 10:35:07'),
(2322, 57, '2022-02-27', 'holiday_nanny', '2022-02-22 10:35:07'),
(2323, 57, '2022-02-28', 'holiday_nanny', '2022-02-22 10:35:07'),
(2324, 57, '2022-03-01', 'holiday_nanny', '2022-02-22 10:35:07'),
(2325, 57, '2022-03-02', 'holiday_nanny', '2022-02-22 10:35:07'),
(2326, 57, '2022-03-03', 'holiday_nanny', '2022-02-22 10:35:07'),
(2327, 57, '2022-03-05', 'holiday_nanny', '2022-02-22 10:35:07'),
(2328, 57, '2022-03-12', 'holiday_nanny', '2022-02-22 10:35:07'),
(2329, 57, '2022-03-11', 'holiday_nanny', '2022-02-22 10:35:07'),
(2330, 57, '2022-03-10', 'holiday_nanny', '2022-02-22 10:35:07'),
(2331, 57, '2022-03-09', 'holiday_nanny', '2022-02-22 10:35:07'),
(2332, 57, '2022-03-08', 'holiday_nanny', '2022-02-22 10:35:07'),
(2333, 57, '2022-03-07', 'holiday_nanny', '2022-02-22 10:35:07'),
(2334, 57, '2022-03-06', 'holiday_nanny', '2022-02-22 10:35:07'),
(2335, 57, '2022-03-13', 'holiday_nanny', '2022-02-22 10:35:07'),
(2336, 57, '2022-03-20', 'holiday_nanny', '2022-02-22 10:35:07'),
(2337, 57, '2022-03-27', 'holiday_nanny', '2022-02-22 10:35:07'),
(2338, 57, '2022-03-28', 'holiday_nanny', '2022-02-22 10:35:07'),
(2339, 57, '2022-03-14', 'holiday_nanny', '2022-02-22 10:35:07'),
(2340, 57, '2022-03-21', 'holiday_nanny', '2022-02-22 10:35:07'),
(2341, 57, '2022-03-15', 'holiday_nanny', '2022-02-22 10:35:07'),
(2342, 57, '2022-03-22', 'holiday_nanny', '2022-02-22 10:35:07'),
(2343, 57, '2022-03-29', 'holiday_nanny', '2022-02-22 10:35:07'),
(2344, 57, '2022-03-23', 'holiday_nanny', '2022-02-22 10:35:07'),
(2345, 57, '2022-03-30', 'holiday_nanny', '2022-02-22 10:35:07'),
(2346, 57, '2022-03-24', 'holiday_nanny', '2022-02-22 10:35:07'),
(2347, 57, '2022-03-31', 'holiday_nanny', '2022-02-22 10:35:07'),
(2348, 57, '2022-03-25', 'holiday_nanny', '2022-02-22 10:35:07'),
(2349, 57, '2022-04-01', 'holiday_nanny', '2022-02-22 10:35:07'),
(2350, 57, '2022-03-16', 'holiday_nanny', '2022-02-22 10:35:07'),
(2351, 57, '2022-03-18', 'holiday_nanny', '2022-02-22 10:35:07'),
(2352, 57, '2022-03-19', 'holiday_nanny', '2022-02-22 10:35:07'),
(2353, 57, '2022-03-17', 'holiday_nanny', '2022-02-22 10:35:07'),
(2354, 57, '2022-04-02', 'holiday_nanny', '2022-02-22 10:35:07'),
(2355, 57, '2022-04-08', 'holiday_nanny', '2022-02-22 10:35:07'),
(2356, 57, '2022-04-07', 'holiday_nanny', '2022-02-22 10:35:07'),
(2357, 57, '2022-04-14', 'holiday_nanny', '2022-02-22 10:35:07'),
(2358, 57, '2022-04-21', 'holiday_nanny', '2022-02-22 10:35:07'),
(2359, 57, '2022-04-28', 'holiday_nanny', '2022-02-22 10:35:07'),
(2360, 57, '2022-04-29', 'holiday_nanny', '2022-02-22 10:35:07'),
(2361, 57, '2022-04-15', 'holiday_nanny', '2022-02-22 10:35:07'),
(2362, 57, '2022-04-22', 'holiday_nanny', '2022-02-22 10:35:07'),
(2363, 57, '2022-04-16', 'holiday_nanny', '2022-02-22 10:35:07'),
(2364, 57, '2022-04-23', 'holiday_nanny', '2022-02-22 10:35:07'),
(2365, 57, '2022-04-30', 'holiday_nanny', '2022-02-22 10:35:07'),
(2366, 57, '2022-04-27', 'holiday_nanny', '2022-02-22 10:35:07'),
(2367, 57, '2022-04-20', 'holiday_nanny', '2022-02-22 10:35:07'),
(2368, 57, '2022-04-13', 'holiday_nanny', '2022-02-22 10:35:07'),
(2369, 57, '2022-04-06', 'holiday_nanny', '2022-02-22 10:35:07'),
(2370, 57, '2022-04-05', 'holiday_nanny', '2022-02-22 10:35:07'),
(2371, 57, '2022-04-12', 'holiday_nanny', '2022-02-22 10:35:07'),
(2372, 57, '2022-04-19', 'holiday_nanny', '2022-02-22 10:35:07'),
(2373, 57, '2022-04-26', 'holiday_nanny', '2022-02-22 10:35:07'),
(2374, 57, '2022-04-25', 'holiday_nanny', '2022-02-22 10:35:07'),
(2375, 57, '2022-04-18', 'holiday_nanny', '2022-02-22 10:35:07'),
(2376, 57, '2022-04-11', 'holiday_nanny', '2022-02-22 10:35:07'),
(2377, 57, '2022-04-04', 'holiday_nanny', '2022-02-22 10:35:07'),
(2378, 57, '2022-04-03', 'holiday_nanny', '2022-02-22 10:35:07'),
(2379, 57, '2022-04-10', 'holiday_nanny', '2022-02-22 10:35:07'),
(2380, 57, '2022-04-17', 'holiday_nanny', '2022-02-22 10:35:07'),
(2381, 57, '2022-04-24', 'holiday_nanny', '2022-02-22 10:35:07'),
(2382, 57, '2022-02-25', 'babysitter-day', '2022-02-22 11:18:51'),
(2383, 57, '2022-02-25', 'babysitter-night', '2022-02-22 11:18:51'),
(2384, 57, '2022-02-27', 'babysitter-day', '2022-02-22 11:18:51'),
(2385, 57, '2022-02-27', 'babysitter-night', '2022-02-22 11:18:51'),
(2386, 57, '2022-03-01', 'babysitter-day', '2022-02-22 11:18:51'),
(2387, 57, '2022-03-01', 'babysitter-night', '2022-02-22 11:18:51'),
(2388, 57, '2022-02-28', 'babysitter-day', '2022-02-22 11:18:51'),
(2389, 57, '2022-02-28', 'babysitter-night', '2022-02-22 11:18:51'),
(2390, 57, '2022-03-02', 'babysitter-day', '2022-02-22 11:18:51'),
(2391, 57, '2022-03-02', 'babysitter-night', '2022-02-22 11:18:51'),
(2392, 57, '2022-03-03', 'babysitter-day', '2022-02-22 11:18:51'),
(2393, 57, '2022-03-03', 'babysitter-night', '2022-02-22 11:18:51'),
(2394, 57, '2022-03-04', 'babysitter-night', '2022-02-22 11:18:51'),
(2395, 57, '2022-03-05', 'babysitter-day', '2022-02-22 11:18:51'),
(2396, 57, '2022-03-05', 'babysitter-night', '2022-02-22 11:18:51'),
(2397, 57, '2022-03-12', 'babysitter-day', '2022-02-22 11:18:51'),
(2398, 57, '2022-03-12', 'babysitter-night', '2022-02-22 11:18:51'),
(2399, 57, '2022-03-11', 'babysitter-day', '2022-02-22 11:18:51'),
(2400, 57, '2022-03-11', 'babysitter-night', '2022-02-22 11:18:51'),
(2401, 57, '2022-03-10', 'babysitter-day', '2022-02-22 11:18:51'),
(2402, 57, '2022-03-10', 'babysitter-night', '2022-02-22 11:18:51'),
(2403, 57, '2022-03-09', 'babysitter-day', '2022-02-22 11:18:51'),
(2404, 57, '2022-03-09', 'babysitter-night', '2022-02-22 11:18:51'),
(2405, 57, '2022-03-08', 'babysitter-day', '2022-02-22 11:18:51'),
(2406, 57, '2022-03-08', 'babysitter-night', '2022-02-22 11:18:51'),
(2407, 57, '2022-03-06', 'babysitter-day', '2022-02-22 11:18:51'),
(2408, 57, '2022-03-06', 'babysitter-night', '2022-02-22 11:18:51'),
(2409, 57, '2022-03-14', 'babysitter-day', '2022-02-22 11:18:51'),
(2410, 57, '2022-03-14', 'babysitter-night', '2022-02-22 11:18:51'),
(2411, 57, '2022-03-07', 'babysitter-day', '2022-02-22 11:18:51'),
(2412, 57, '2022-03-07', 'babysitter-night', '2022-02-22 11:18:51'),
(2413, 57, '2022-03-13', 'babysitter-day', '2022-02-22 11:18:51'),
(2414, 57, '2022-03-13', 'babysitter-night', '2022-02-22 11:18:51'),
(2415, 57, '2022-03-15', 'babysitter-day', '2022-02-22 11:18:51'),
(2416, 57, '2022-03-15', 'babysitter-night', '2022-02-22 11:18:51'),
(2417, 57, '2022-03-16', 'babysitter-day', '2022-02-22 11:18:51'),
(2418, 57, '2022-03-16', 'babysitter-night', '2022-02-22 11:18:51'),
(2419, 57, '2022-03-17', 'babysitter-day', '2022-02-22 11:18:51'),
(2420, 57, '2022-03-17', 'babysitter-night', '2022-02-22 11:18:51'),
(2421, 57, '2022-03-18', 'babysitter-day', '2022-02-22 11:18:51'),
(2422, 57, '2022-03-18', 'babysitter-night', '2022-02-22 11:18:51'),
(2423, 57, '2022-03-19', 'babysitter-day', '2022-02-22 11:18:51'),
(2424, 57, '2022-03-19', 'babysitter-night', '2022-02-22 11:18:51'),
(2425, 57, '2022-03-26', 'babysitter-day', '2022-02-22 11:18:51'),
(2426, 57, '2022-03-26', 'babysitter-night', '2022-02-22 11:18:51'),
(2427, 57, '2022-03-25', 'babysitter-day', '2022-02-22 11:18:51'),
(2428, 57, '2022-03-25', 'babysitter-night', '2022-02-22 11:18:51'),
(2429, 57, '2022-03-24', 'babysitter-day', '2022-02-22 11:18:51'),
(2430, 57, '2022-03-24', 'babysitter-night', '2022-02-22 11:18:51'),
(2431, 57, '2022-03-21', 'babysitter-day', '2022-02-22 11:18:51'),
(2432, 57, '2022-03-21', 'babysitter-night', '2022-02-22 11:18:51'),
(2433, 57, '2022-03-20', 'babysitter-day', '2022-02-22 11:18:51'),
(2434, 57, '2022-03-20', 'babysitter-night', '2022-02-22 11:18:51'),
(2435, 57, '2022-03-23', 'babysitter-day', '2022-02-22 11:18:51'),
(2436, 57, '2022-03-23', 'babysitter-night', '2022-02-22 11:18:51'),
(2437, 57, '2022-03-22', 'babysitter-day', '2022-02-22 11:18:51'),
(2438, 57, '2022-03-22', 'babysitter-night', '2022-02-22 11:18:51'),
(2439, 57, '2022-03-29', 'babysitter-day', '2022-02-22 11:18:51'),
(2440, 57, '2022-03-29', 'babysitter-night', '2022-02-22 11:18:51'),
(2441, 57, '2022-03-28', 'babysitter-day', '2022-02-22 11:18:51'),
(2442, 57, '2022-03-28', 'babysitter-night', '2022-02-22 11:18:51'),
(2443, 57, '2022-03-27', 'babysitter-day', '2022-02-22 11:18:51'),
(2444, 57, '2022-03-27', 'babysitter-night', '2022-02-22 11:18:51'),
(2445, 57, '2022-03-31', 'babysitter-day', '2022-02-22 11:18:51'),
(2446, 57, '2022-03-31', 'babysitter-night', '2022-02-22 11:18:51'),
(2447, 57, '2022-03-30', 'babysitter-day', '2022-02-22 11:18:51'),
(2448, 57, '2022-03-30', 'babysitter-night', '2022-02-22 11:18:51'),
(2449, 57, '2022-02-25', 'holiday_nanny', '2022-02-22 11:18:51'),
(2450, 57, '2022-02-27', 'holiday_nanny', '2022-02-22 11:18:51'),
(2451, 57, '2022-02-28', 'holiday_nanny', '2022-02-22 11:18:51'),
(2452, 57, '2022-03-01', 'holiday_nanny', '2022-02-22 11:18:51'),
(2453, 57, '2022-03-02', 'holiday_nanny', '2022-02-22 11:18:51'),
(2454, 57, '2022-03-03', 'holiday_nanny', '2022-02-22 11:18:51'),
(2455, 57, '2022-03-05', 'holiday_nanny', '2022-02-22 11:18:51'),
(2456, 57, '2022-03-06', 'holiday_nanny', '2022-02-22 11:18:51'),
(2457, 57, '2022-03-07', 'holiday_nanny', '2022-02-22 11:18:51'),
(2458, 57, '2022-03-08', 'holiday_nanny', '2022-02-22 11:18:51'),
(2459, 57, '2022-03-09', 'holiday_nanny', '2022-02-22 11:18:51'),
(2460, 57, '2022-03-10', 'holiday_nanny', '2022-02-22 11:18:51'),
(2461, 57, '2022-03-11', 'holiday_nanny', '2022-02-22 11:18:51'),
(2462, 57, '2022-03-12', 'holiday_nanny', '2022-02-22 11:18:51'),
(2463, 57, '2022-03-13', 'holiday_nanny', '2022-02-22 11:18:51'),
(2464, 57, '2022-03-14', 'holiday_nanny', '2022-02-22 11:18:51'),
(2465, 57, '2022-03-15', 'holiday_nanny', '2022-02-22 11:18:51'),
(2466, 57, '2022-03-16', 'holiday_nanny', '2022-02-22 11:18:51'),
(2467, 57, '2022-03-17', 'holiday_nanny', '2022-02-22 11:18:51'),
(2468, 57, '2022-03-18', 'holiday_nanny', '2022-02-22 11:18:51'),
(2469, 57, '2022-03-19', 'holiday_nanny', '2022-02-22 11:18:51'),
(2470, 57, '2022-03-20', 'holiday_nanny', '2022-02-22 11:18:51'),
(2471, 57, '2022-03-21', 'holiday_nanny', '2022-02-22 11:18:51'),
(2472, 57, '2022-03-22', 'holiday_nanny', '2022-02-22 11:18:51'),
(2473, 57, '2022-03-23', 'holiday_nanny', '2022-02-22 11:18:51'),
(2474, 57, '2022-03-24', 'holiday_nanny', '2022-02-22 11:18:51'),
(2475, 57, '2022-03-25', 'holiday_nanny', '2022-02-22 11:18:51'),
(2476, 57, '2022-03-27', 'holiday_nanny', '2022-02-22 11:18:51'),
(2477, 57, '2022-03-28', 'holiday_nanny', '2022-02-22 11:18:51'),
(2478, 57, '2022-03-29', 'holiday_nanny', '2022-02-22 11:18:51'),
(2479, 57, '2022-03-30', 'holiday_nanny', '2022-02-22 11:18:51'),
(2480, 57, '2022-03-31', 'holiday_nanny', '2022-02-22 11:18:51'),
(2481, 57, '2022-04-01', 'holiday_nanny', '2022-02-22 11:18:51'),
(2482, 57, '2022-04-02', 'holiday_nanny', '2022-02-22 11:18:51'),
(2483, 57, '2022-04-03', 'holiday_nanny', '2022-02-22 11:18:51'),
(2484, 57, '2022-04-04', 'holiday_nanny', '2022-02-22 11:18:51'),
(2485, 57, '2022-04-05', 'holiday_nanny', '2022-02-22 11:18:51'),
(2486, 57, '2022-04-06', 'holiday_nanny', '2022-02-22 11:18:51'),
(2487, 57, '2022-04-07', 'holiday_nanny', '2022-02-22 11:18:51'),
(2488, 57, '2022-04-08', 'holiday_nanny', '2022-02-22 11:18:51'),
(2489, 57, '2022-04-10', 'holiday_nanny', '2022-02-22 11:18:51'),
(2490, 57, '2022-04-11', 'holiday_nanny', '2022-02-22 11:18:51'),
(2491, 57, '2022-04-12', 'holiday_nanny', '2022-02-22 11:18:51'),
(2492, 57, '2022-04-13', 'holiday_nanny', '2022-02-22 11:18:51'),
(2493, 57, '2022-04-14', 'holiday_nanny', '2022-02-22 11:18:51'),
(2494, 57, '2022-04-15', 'holiday_nanny', '2022-02-22 11:18:51'),
(2495, 57, '2022-04-16', 'holiday_nanny', '2022-02-22 11:18:51'),
(2496, 57, '2022-04-17', 'holiday_nanny', '2022-02-22 11:18:51'),
(2497, 57, '2022-04-18', 'holiday_nanny', '2022-02-22 11:18:51'),
(2498, 57, '2022-04-19', 'holiday_nanny', '2022-02-22 11:18:51'),
(2499, 57, '2022-04-20', 'holiday_nanny', '2022-02-22 11:18:51'),
(2500, 57, '2022-04-21', 'holiday_nanny', '2022-02-22 11:18:51'),
(2501, 57, '2022-04-22', 'holiday_nanny', '2022-02-22 11:18:51'),
(2502, 57, '2022-04-23', 'holiday_nanny', '2022-02-22 11:18:51'),
(2503, 57, '2022-04-24', 'holiday_nanny', '2022-02-22 11:18:51'),
(2504, 57, '2022-04-25', 'holiday_nanny', '2022-02-22 11:18:51'),
(2505, 57, '2022-04-26', 'holiday_nanny', '2022-02-22 11:18:51'),
(2506, 57, '2022-04-27', 'holiday_nanny', '2022-02-22 11:18:51'),
(2507, 57, '2022-04-28', 'holiday_nanny', '2022-02-22 11:18:51'),
(2508, 57, '2022-04-29', 'holiday_nanny', '2022-02-22 11:18:51'),
(2509, 57, '2022-04-30', 'holiday_nanny', '2022-02-22 11:18:51'),
(2510, 49, '2022-03-05', 'babysitter-day', '2022-02-22 11:10:41'),
(2511, 49, '2022-03-06', 'babysitter-day', '2022-02-22 11:10:41'),
(2512, 49, '2022-03-19', 'babysitter-day', '2022-02-22 11:10:41'),
(2513, 49, '2022-03-20', 'babysitter-day', '2022-02-22 11:10:41'),
(2514, 49, '2022-04-02', 'babysitter-day', '2022-02-22 11:10:41'),
(2515, 49, '2022-04-03', 'babysitter-day', '2022-02-22 11:10:41'),
(2516, 49, '2022-04-16', 'babysitter-day', '2022-02-22 11:10:41'),
(2517, 49, '2022-04-17', 'babysitter-day', '2022-02-22 11:10:41'),
(2518, 49, '2022-04-30', 'babysitter-day', '2022-02-22 11:10:41'),
(2519, 49, '2022-05-01', 'babysitter-day', '2022-02-22 11:10:41'),
(2520, 49, '2022-05-14', 'babysitter-day', '2022-02-22 11:10:41'),
(2521, 49, '2022-05-15', 'babysitter-day', '2022-02-22 11:10:41'),
(2522, 49, '2022-05-28', 'babysitter-day', '2022-02-22 11:10:41'),
(2523, 49, '2022-05-29', 'babysitter-day', '2022-02-22 11:10:41'),
(2524, 49, '2022-06-11', 'babysitter-day', '2022-02-22 11:10:41'),
(2525, 49, '2022-06-12', 'babysitter-day', '2022-02-22 11:10:41'),
(2526, 49, '2022-06-20', 'babysitter-day', '2022-02-22 11:10:41'),
(2527, 49, '2022-06-21', 'babysitter-day', '2022-02-22 11:10:41'),
(2528, 49, '2022-06-22', 'babysitter-day', '2022-02-22 11:10:41'),
(2529, 49, '2022-06-23', 'babysitter-day', '2022-02-22 11:10:41'),
(2530, 49, '2022-06-24', 'babysitter-day', '2022-02-22 11:10:41'),
(2531, 49, '2022-06-27', 'babysitter-day', '2022-02-22 11:10:41'),
(2532, 49, '2022-06-28', 'babysitter-day', '2022-02-22 11:10:41'),
(2533, 49, '2022-06-29', 'babysitter-day', '2022-02-22 11:10:41'),
(2534, 49, '2022-06-30', 'babysitter-day', '2022-02-22 11:10:41'),
(2535, 49, '2022-07-01', 'babysitter-day', '2022-02-22 11:10:41'),
(2536, 49, '2022-07-04', 'babysitter-day', '2022-02-22 11:10:41'),
(2537, 49, '2022-07-05', 'babysitter-day', '2022-02-22 11:10:41'),
(2538, 49, '2022-07-06', 'babysitter-day', '2022-02-22 11:10:41'),
(2539, 49, '2022-07-07', 'babysitter-day', '2022-02-22 11:10:41'),
(2540, 49, '2022-07-08', 'babysitter-day', '2022-02-22 11:10:41'),
(2541, 49, '2022-07-11', 'babysitter-day', '2022-02-22 11:10:41'),
(2542, 49, '2022-07-12', 'babysitter-day', '2022-02-22 11:10:41'),
(2543, 49, '2022-07-13', 'babysitter-day', '2022-02-22 11:10:41'),
(2544, 49, '2022-07-14', 'babysitter-day', '2022-02-22 11:10:41'),
(2545, 49, '2022-07-15', 'babysitter-day', '2022-02-22 11:10:41'),
(2546, 49, '2022-07-18', 'babysitter-day', '2022-02-22 11:10:41'),
(2547, 49, '2022-07-19', 'babysitter-day', '2022-02-22 11:10:41'),
(2548, 49, '2022-07-20', 'babysitter-day', '2022-02-22 11:10:41'),
(2549, 49, '2022-07-21', 'babysitter-day', '2022-02-22 11:10:41'),
(2550, 49, '2022-07-22', 'babysitter-day', '2022-02-22 11:10:41'),
(2551, 49, '2022-07-25', 'babysitter-day', '2022-02-22 11:10:41'),
(2552, 49, '2022-07-26', 'babysitter-day', '2022-02-22 11:10:41'),
(2553, 49, '2022-07-27', 'babysitter-day', '2022-02-22 11:10:41'),
(2554, 49, '2022-07-28', 'babysitter-day', '2022-02-22 11:10:41'),
(2555, 49, '2022-07-29', 'babysitter-day', '2022-02-22 11:10:41'),
(2556, 49, '2022-03-04', 'babysitter-night', '2022-02-22 11:10:41'),
(2557, 49, '2022-03-05', 'babysitter-night', '2022-02-22 11:10:41'),
(2558, 49, '2022-03-18', 'babysitter-night', '2022-02-22 11:10:41'),
(2559, 49, '2022-03-19', 'babysitter-night', '2022-02-22 11:10:41'),
(2560, 49, '2022-04-01', 'babysitter-night', '2022-02-22 11:10:41'),
(2561, 49, '2022-04-02', 'babysitter-night', '2022-02-22 11:10:41'),
(2562, 49, '2022-04-15', 'babysitter-night', '2022-02-22 11:10:41'),
(2563, 49, '2022-04-16', 'babysitter-night', '2022-02-22 11:10:41'),
(2564, 49, '2022-04-29', 'babysitter-night', '2022-02-22 11:10:41');
INSERT INTO `babysitter_availabilities` (`id`, `babysitter_id`, `date`, `type`, `deleted_at`) VALUES
(2565, 49, '2022-04-30', 'babysitter-night', '2022-02-22 11:10:41'),
(2566, 49, '2022-05-13', 'babysitter-night', '2022-02-22 11:10:41'),
(2567, 49, '2022-05-14', 'babysitter-night', '2022-02-22 11:10:41'),
(2568, 49, '2022-05-27', 'babysitter-night', '2022-02-22 11:10:41'),
(2569, 49, '2022-05-28', 'babysitter-night', '2022-02-22 11:10:41'),
(2570, 49, '2022-06-10', 'babysitter-night', '2022-02-22 11:10:41'),
(2571, 49, '2022-06-11', 'babysitter-night', '2022-02-22 11:10:41'),
(2572, 49, '2022-05-02', 'holiday_nanny', '2022-02-22 11:10:41'),
(2573, 49, '2022-05-03', 'holiday_nanny', '2022-02-22 11:10:41'),
(2574, 49, '2022-05-04', 'holiday_nanny', '2022-02-22 11:10:41'),
(2575, 49, '2022-05-05', 'holiday_nanny', '2022-02-22 11:10:41'),
(2576, 49, '2022-05-06', 'holiday_nanny', '2022-02-22 11:10:41'),
(2577, 49, '2022-05-07', 'holiday_nanny', '2022-02-22 11:10:41'),
(2578, 49, '2022-05-09', 'holiday_nanny', '2022-02-22 11:10:41'),
(2579, 49, '2022-05-10', 'holiday_nanny', '2022-02-22 11:10:41'),
(2580, 49, '2022-05-11', 'holiday_nanny', '2022-02-22 11:10:41'),
(2581, 49, '2022-05-12', 'holiday_nanny', '2022-02-22 11:10:41'),
(2582, 49, '2022-05-13', 'holiday_nanny', '2022-02-22 11:10:41'),
(2583, 49, '2022-05-14', 'holiday_nanny', '2022-02-22 11:10:41'),
(2584, 49, '2022-05-16', 'holiday_nanny', '2022-02-22 11:10:41'),
(2585, 49, '2022-05-17', 'holiday_nanny', '2022-02-22 11:10:41'),
(2586, 49, '2022-05-18', 'holiday_nanny', '2022-02-22 11:10:41'),
(2587, 49, '2022-05-19', 'holiday_nanny', '2022-02-22 11:10:41'),
(2588, 49, '2022-05-20', 'holiday_nanny', '2022-02-22 11:10:41'),
(2589, 49, '2022-05-21', 'holiday_nanny', '2022-02-22 11:10:41'),
(2590, 49, '2022-05-23', 'holiday_nanny', '2022-02-22 11:10:41'),
(2591, 49, '2022-05-24', 'holiday_nanny', '2022-02-22 11:10:41'),
(2592, 49, '2022-05-25', 'holiday_nanny', '2022-02-22 11:10:41'),
(2593, 49, '2022-05-26', 'holiday_nanny', '2022-02-22 11:10:41'),
(2594, 49, '2022-05-27', 'holiday_nanny', '2022-02-22 11:10:41'),
(2595, 49, '2022-05-28', 'holiday_nanny', '2022-02-22 11:10:41'),
(2596, 49, '2022-05-30', 'holiday_nanny', '2022-02-22 11:10:41'),
(2597, 49, '2022-05-31', 'holiday_nanny', '2022-02-22 11:10:41'),
(2598, 49, '2022-06-01', 'holiday_nanny', '2022-02-22 11:10:41'),
(2599, 49, '2022-06-02', 'holiday_nanny', '2022-02-22 11:10:41'),
(2600, 49, '2022-06-03', 'holiday_nanny', '2022-02-22 11:10:41'),
(2601, 49, '2022-06-04', 'holiday_nanny', '2022-02-22 11:10:41'),
(2602, 49, '2022-06-06', 'holiday_nanny', '2022-02-22 11:10:41'),
(2603, 49, '2022-06-07', 'holiday_nanny', '2022-02-22 11:10:41'),
(2604, 49, '2022-06-08', 'holiday_nanny', '2022-02-22 11:10:41'),
(2605, 49, '2022-06-09', 'holiday_nanny', '2022-02-22 11:10:41'),
(2606, 49, '2022-06-10', 'holiday_nanny', '2022-02-22 11:10:41'),
(2607, 49, '2022-06-11', 'holiday_nanny', '2022-02-22 11:10:41'),
(2608, 49, '2022-06-13', 'holiday_nanny', '2022-02-22 11:10:41'),
(2609, 49, '2022-06-14', 'holiday_nanny', '2022-02-22 11:10:41'),
(2610, 49, '2022-06-15', 'holiday_nanny', '2022-02-22 11:10:41'),
(2611, 49, '2022-06-16', 'holiday_nanny', '2022-02-22 11:10:41'),
(2612, 49, '2022-06-17', 'holiday_nanny', '2022-02-22 11:10:41'),
(2613, 49, '2022-06-18', 'holiday_nanny', '2022-02-22 11:10:41'),
(2614, 49, '2022-06-20', 'holiday_nanny', '2022-02-22 11:10:41'),
(2615, 49, '2022-06-21', 'holiday_nanny', '2022-02-22 11:10:41'),
(2616, 49, '2022-06-22', 'holiday_nanny', '2022-02-22 11:10:41'),
(2617, 49, '2022-06-23', 'holiday_nanny', '2022-02-22 11:10:41'),
(2618, 49, '2022-06-24', 'holiday_nanny', '2022-02-22 11:10:41'),
(2619, 49, '2022-06-25', 'holiday_nanny', '2022-02-22 11:10:41'),
(2620, 49, '2022-06-27', 'holiday_nanny', '2022-02-22 11:10:41'),
(2621, 49, '2022-06-28', 'holiday_nanny', '2022-02-22 11:10:41'),
(2622, 49, '2022-06-29', 'holiday_nanny', '2022-02-22 11:10:41'),
(2623, 49, '2022-06-30', 'holiday_nanny', '2022-02-22 11:10:41'),
(2624, 49, '2022-07-01', 'holiday_nanny', '2022-02-22 11:10:41'),
(2625, 49, '2022-07-02', 'holiday_nanny', '2022-02-22 11:10:41'),
(2626, 49, '2022-07-04', 'holiday_nanny', '2022-02-22 11:10:41'),
(2627, 49, '2022-07-05', 'holiday_nanny', '2022-02-22 11:10:41'),
(2628, 49, '2022-07-06', 'holiday_nanny', '2022-02-22 11:10:41'),
(2629, 49, '2022-07-07', 'holiday_nanny', '2022-02-22 11:10:41'),
(2630, 49, '2022-07-08', 'holiday_nanny', '2022-02-22 11:10:41'),
(2631, 49, '2022-07-09', 'holiday_nanny', '2022-02-22 11:10:41'),
(2632, 49, '2022-07-11', 'holiday_nanny', '2022-02-22 11:10:41'),
(2633, 49, '2022-07-12', 'holiday_nanny', '2022-02-22 11:10:41'),
(2634, 49, '2022-07-13', 'holiday_nanny', '2022-02-22 11:10:41'),
(2635, 49, '2022-07-14', 'holiday_nanny', '2022-02-22 11:10:41'),
(2636, 49, '2022-07-15', 'holiday_nanny', '2022-02-22 11:10:41'),
(2637, 49, '2022-07-16', 'holiday_nanny', '2022-02-22 11:10:41'),
(2638, 49, '2022-07-18', 'holiday_nanny', '2022-02-22 11:10:41'),
(2639, 49, '2022-07-19', 'holiday_nanny', '2022-02-22 11:10:41'),
(2640, 49, '2022-07-20', 'holiday_nanny', '2022-02-22 11:10:41'),
(2641, 49, '2022-07-21', 'holiday_nanny', '2022-02-22 11:10:41'),
(2642, 49, '2022-07-22', 'holiday_nanny', '2022-02-22 11:10:41'),
(2643, 49, '2022-07-23', 'holiday_nanny', '2022-02-22 11:10:41'),
(2644, 49, '2022-07-25', 'holiday_nanny', '2022-02-22 11:10:41'),
(2645, 49, '2022-07-26', 'holiday_nanny', '2022-02-22 11:10:41'),
(2646, 49, '2022-07-27', 'holiday_nanny', '2022-02-22 11:10:41'),
(2647, 49, '2022-07-28', 'holiday_nanny', '2022-02-22 11:10:41'),
(2648, 49, '2022-07-29', 'holiday_nanny', '2022-02-22 11:10:41'),
(2649, 49, '2022-07-30', 'holiday_nanny', '2022-02-22 11:10:41'),
(2650, 49, '2022-02-23', 'holiday_nanny', '2022-02-22 11:10:41'),
(2651, 49, '2022-02-24', 'holiday_nanny', '2022-02-22 11:10:41'),
(2652, 49, '2022-02-25', 'holiday_nanny', '2022-02-22 11:10:41'),
(2653, 49, '2022-02-26', 'holiday_nanny', '2022-02-22 11:10:41'),
(2654, 49, '2022-02-28', 'holiday_nanny', '2022-02-22 11:10:41'),
(2655, 49, '2022-03-01', 'holiday_nanny', '2022-02-22 11:10:41'),
(2656, 49, '2022-03-02', 'holiday_nanny', '2022-02-22 11:10:41'),
(2657, 49, '2022-03-03', 'holiday_nanny', '2022-02-22 11:10:41'),
(2658, 49, '2022-03-04', 'holiday_nanny', '2022-02-22 11:10:41'),
(2659, 49, '2022-03-05', 'holiday_nanny', '2022-02-22 11:10:41'),
(2660, 49, '2022-03-30', 'holiday_nanny', '2022-02-22 11:10:41'),
(2661, 49, '2022-03-07', 'holiday_nanny', '2022-02-22 11:10:41'),
(2662, 49, '2022-03-14', 'holiday_nanny', '2022-02-22 11:10:41'),
(2663, 49, '2022-03-21', 'holiday_nanny', '2022-02-22 11:10:41'),
(2664, 49, '2022-03-28', 'holiday_nanny', '2022-02-22 11:10:41'),
(2665, 49, '2022-03-08', 'holiday_nanny', '2022-02-22 11:10:41'),
(2666, 49, '2022-03-15', 'holiday_nanny', '2022-02-22 11:10:41'),
(2667, 49, '2022-03-22', 'holiday_nanny', '2022-02-22 11:10:41'),
(2668, 49, '2022-03-29', 'holiday_nanny', '2022-02-22 11:10:41'),
(2669, 49, '2022-03-09', 'holiday_nanny', '2022-02-22 11:10:41'),
(2670, 49, '2022-03-16', 'holiday_nanny', '2022-02-22 11:10:41'),
(2671, 49, '2022-03-23', 'holiday_nanny', '2022-02-22 11:10:41'),
(2672, 49, '2022-03-10', 'holiday_nanny', '2022-02-22 11:10:41'),
(2673, 49, '2022-03-17', 'holiday_nanny', '2022-02-22 11:10:41'),
(2674, 49, '2022-03-24', 'holiday_nanny', '2022-02-22 11:10:41'),
(2675, 49, '2022-03-31', 'holiday_nanny', '2022-02-22 11:10:41'),
(2676, 49, '2022-03-11', 'holiday_nanny', '2022-02-22 11:10:41'),
(2677, 49, '2022-03-18', 'holiday_nanny', '2022-02-22 11:10:41'),
(2678, 49, '2022-03-25', 'holiday_nanny', '2022-02-22 11:10:41'),
(2679, 49, '2022-03-12', 'holiday_nanny', '2022-02-22 11:10:41'),
(2680, 49, '2022-03-19', 'holiday_nanny', '2022-02-22 11:10:41'),
(2681, 49, '2022-03-26', 'holiday_nanny', '2022-02-22 11:10:41'),
(2682, 49, '2022-04-01', 'holiday_nanny', '2022-02-22 11:10:41'),
(2683, 49, '2022-04-02', 'holiday_nanny', '2022-02-22 11:10:41'),
(2684, 49, '2022-04-04', 'holiday_nanny', '2022-02-22 11:10:41'),
(2685, 49, '2022-04-11', 'holiday_nanny', '2022-02-22 11:10:41'),
(2686, 49, '2022-04-25', 'holiday_nanny', '2022-02-22 11:10:41'),
(2687, 49, '2022-04-12', 'holiday_nanny', '2022-02-22 11:10:41'),
(2688, 49, '2022-04-05', 'holiday_nanny', '2022-02-22 11:10:41'),
(2689, 49, '2022-04-06', 'holiday_nanny', '2022-02-22 11:10:41'),
(2690, 49, '2022-04-07', 'holiday_nanny', '2022-02-22 11:10:41'),
(2691, 49, '2022-04-08', 'holiday_nanny', '2022-02-22 11:10:41'),
(2692, 49, '2022-04-09', 'holiday_nanny', '2022-02-22 11:10:41'),
(2693, 49, '2022-04-19', 'holiday_nanny', '2022-02-22 11:10:41'),
(2694, 49, '2022-04-20', 'holiday_nanny', '2022-02-22 11:10:41'),
(2695, 49, '2022-04-21', 'holiday_nanny', '2022-02-22 11:10:41'),
(2696, 49, '2022-04-22', 'holiday_nanny', '2022-02-22 11:10:41'),
(2697, 49, '2022-04-23', 'holiday_nanny', '2022-02-22 11:10:41'),
(2698, 49, '2022-04-26', 'holiday_nanny', '2022-02-22 11:10:41'),
(2699, 49, '2022-04-27', 'holiday_nanny', '2022-02-22 11:10:41'),
(2700, 49, '2022-04-28', 'holiday_nanny', '2022-02-22 11:10:41'),
(2701, 49, '2022-04-29', 'holiday_nanny', '2022-02-22 11:10:41'),
(2702, 49, '2022-04-30', 'holiday_nanny', '2022-02-22 11:10:41'),
(2703, 49, '2022-03-05', 'babysitter-day', NULL),
(2704, 49, '2022-03-06', 'babysitter-day', NULL),
(2705, 49, '2022-03-19', 'babysitter-day', NULL),
(2706, 49, '2022-03-20', 'babysitter-day', NULL),
(2707, 49, '2022-04-02', 'babysitter-day', NULL),
(2708, 49, '2022-04-03', 'babysitter-day', NULL),
(2709, 49, '2022-04-16', 'babysitter-day', NULL),
(2710, 49, '2022-04-17', 'babysitter-day', NULL),
(2711, 49, '2022-04-30', 'babysitter-day', NULL),
(2712, 49, '2022-05-01', 'babysitter-day', NULL),
(2713, 49, '2022-05-14', 'babysitter-day', NULL),
(2714, 49, '2022-05-15', 'babysitter-day', NULL),
(2715, 49, '2022-05-28', 'babysitter-day', NULL),
(2716, 49, '2022-05-29', 'babysitter-day', NULL),
(2717, 49, '2022-06-11', 'babysitter-day', NULL),
(2718, 49, '2022-06-12', 'babysitter-day', NULL),
(2719, 49, '2022-06-20', 'babysitter-day', NULL),
(2720, 49, '2022-06-21', 'babysitter-day', NULL),
(2721, 49, '2022-06-22', 'babysitter-day', NULL),
(2722, 49, '2022-06-23', 'babysitter-day', NULL),
(2723, 49, '2022-06-24', 'babysitter-day', NULL),
(2724, 49, '2022-06-27', 'babysitter-day', NULL),
(2725, 49, '2022-06-28', 'babysitter-day', NULL),
(2726, 49, '2022-06-29', 'babysitter-day', NULL),
(2727, 49, '2022-06-30', 'babysitter-day', NULL),
(2728, 49, '2022-07-01', 'babysitter-day', NULL),
(2729, 49, '2022-07-04', 'babysitter-day', NULL),
(2730, 49, '2022-07-05', 'babysitter-day', NULL),
(2731, 49, '2022-07-06', 'babysitter-day', NULL),
(2732, 49, '2022-07-07', 'babysitter-day', NULL),
(2733, 49, '2022-07-08', 'babysitter-day', NULL),
(2734, 49, '2022-07-11', 'babysitter-day', NULL),
(2735, 49, '2022-07-12', 'babysitter-day', NULL),
(2736, 49, '2022-07-13', 'babysitter-day', NULL),
(2737, 49, '2022-07-14', 'babysitter-day', NULL),
(2738, 49, '2022-07-15', 'babysitter-day', NULL),
(2739, 49, '2022-07-18', 'babysitter-day', NULL),
(2740, 49, '2022-07-19', 'babysitter-day', NULL),
(2741, 49, '2022-07-20', 'babysitter-day', NULL),
(2742, 49, '2022-07-21', 'babysitter-day', NULL),
(2743, 49, '2022-07-22', 'babysitter-day', NULL),
(2744, 49, '2022-07-25', 'babysitter-day', NULL),
(2745, 49, '2022-07-26', 'babysitter-day', NULL),
(2746, 49, '2022-07-27', 'babysitter-day', NULL),
(2747, 49, '2022-07-28', 'babysitter-day', NULL),
(2748, 49, '2022-07-29', 'babysitter-day', NULL),
(2749, 49, '2022-03-04', 'babysitter-night', NULL),
(2750, 49, '2022-03-05', 'babysitter-night', NULL),
(2751, 49, '2022-03-18', 'babysitter-night', NULL),
(2752, 49, '2022-03-19', 'babysitter-night', NULL),
(2753, 49, '2022-04-01', 'babysitter-night', NULL),
(2754, 49, '2022-04-02', 'babysitter-night', NULL),
(2755, 49, '2022-04-15', 'babysitter-night', NULL),
(2756, 49, '2022-04-16', 'babysitter-night', NULL),
(2757, 49, '2022-04-29', 'babysitter-night', NULL),
(2758, 49, '2022-04-30', 'babysitter-night', NULL),
(2759, 49, '2022-05-13', 'babysitter-night', NULL),
(2760, 49, '2022-05-14', 'babysitter-night', NULL),
(2761, 49, '2022-05-27', 'babysitter-night', NULL),
(2762, 49, '2022-05-28', 'babysitter-night', NULL),
(2763, 49, '2022-06-10', 'babysitter-night', NULL),
(2764, 49, '2022-06-11', 'babysitter-night', NULL),
(2765, 49, '2022-05-02', 'holiday_nanny', NULL),
(2766, 49, '2022-05-03', 'holiday_nanny', NULL),
(2767, 49, '2022-05-04', 'holiday_nanny', NULL),
(2768, 49, '2022-05-05', 'holiday_nanny', NULL),
(2769, 49, '2022-05-06', 'holiday_nanny', NULL),
(2770, 49, '2022-05-07', 'holiday_nanny', NULL),
(2771, 49, '2022-05-09', 'holiday_nanny', NULL),
(2772, 49, '2022-05-10', 'holiday_nanny', NULL),
(2773, 49, '2022-05-11', 'holiday_nanny', NULL),
(2774, 49, '2022-05-12', 'holiday_nanny', NULL),
(2775, 49, '2022-05-13', 'holiday_nanny', NULL),
(2776, 49, '2022-05-14', 'holiday_nanny', NULL),
(2777, 49, '2022-05-16', 'holiday_nanny', NULL),
(2778, 49, '2022-05-17', 'holiday_nanny', NULL),
(2779, 49, '2022-05-18', 'holiday_nanny', NULL),
(2780, 49, '2022-05-19', 'holiday_nanny', NULL),
(2781, 49, '2022-05-20', 'holiday_nanny', NULL),
(2782, 49, '2022-05-21', 'holiday_nanny', NULL),
(2783, 49, '2022-05-23', 'holiday_nanny', NULL),
(2784, 49, '2022-05-24', 'holiday_nanny', NULL),
(2785, 49, '2022-05-25', 'holiday_nanny', NULL),
(2786, 49, '2022-05-26', 'holiday_nanny', NULL),
(2787, 49, '2022-05-27', 'holiday_nanny', NULL),
(2788, 49, '2022-05-28', 'holiday_nanny', NULL),
(2789, 49, '2022-05-30', 'holiday_nanny', NULL),
(2790, 49, '2022-05-31', 'holiday_nanny', NULL),
(2791, 49, '2022-06-01', 'holiday_nanny', NULL),
(2792, 49, '2022-06-02', 'holiday_nanny', NULL),
(2793, 49, '2022-06-03', 'holiday_nanny', NULL),
(2794, 49, '2022-06-04', 'holiday_nanny', NULL),
(2795, 49, '2022-06-06', 'holiday_nanny', NULL),
(2796, 49, '2022-06-07', 'holiday_nanny', NULL),
(2797, 49, '2022-06-08', 'holiday_nanny', NULL),
(2798, 49, '2022-06-09', 'holiday_nanny', NULL),
(2799, 49, '2022-06-10', 'holiday_nanny', NULL),
(2800, 49, '2022-06-11', 'holiday_nanny', NULL),
(2801, 49, '2022-06-13', 'holiday_nanny', NULL),
(2802, 49, '2022-06-14', 'holiday_nanny', NULL),
(2803, 49, '2022-06-15', 'holiday_nanny', NULL),
(2804, 49, '2022-06-16', 'holiday_nanny', NULL),
(2805, 49, '2022-06-17', 'holiday_nanny', NULL),
(2806, 49, '2022-06-18', 'holiday_nanny', NULL),
(2807, 49, '2022-06-20', 'holiday_nanny', NULL),
(2808, 49, '2022-06-21', 'holiday_nanny', NULL),
(2809, 49, '2022-06-22', 'holiday_nanny', NULL),
(2810, 49, '2022-06-23', 'holiday_nanny', NULL),
(2811, 49, '2022-06-24', 'holiday_nanny', NULL),
(2812, 49, '2022-06-25', 'holiday_nanny', NULL),
(2813, 49, '2022-06-27', 'holiday_nanny', NULL),
(2814, 49, '2022-06-28', 'holiday_nanny', NULL),
(2815, 49, '2022-06-29', 'holiday_nanny', NULL),
(2816, 49, '2022-06-30', 'holiday_nanny', NULL),
(2817, 49, '2022-07-01', 'holiday_nanny', NULL),
(2818, 49, '2022-07-02', 'holiday_nanny', NULL),
(2819, 49, '2022-07-04', 'holiday_nanny', NULL),
(2820, 49, '2022-07-05', 'holiday_nanny', NULL),
(2821, 49, '2022-07-06', 'holiday_nanny', NULL),
(2822, 49, '2022-07-07', 'holiday_nanny', NULL),
(2823, 49, '2022-07-08', 'holiday_nanny', NULL),
(2824, 49, '2022-07-09', 'holiday_nanny', NULL),
(2825, 49, '2022-07-11', 'holiday_nanny', NULL),
(2826, 49, '2022-07-12', 'holiday_nanny', NULL),
(2827, 49, '2022-07-13', 'holiday_nanny', NULL),
(2828, 49, '2022-07-14', 'holiday_nanny', NULL),
(2829, 49, '2022-07-15', 'holiday_nanny', NULL),
(2830, 49, '2022-07-16', 'holiday_nanny', NULL),
(2831, 49, '2022-07-18', 'holiday_nanny', NULL),
(2832, 49, '2022-07-19', 'holiday_nanny', NULL),
(2833, 49, '2022-07-20', 'holiday_nanny', NULL),
(2834, 49, '2022-07-21', 'holiday_nanny', NULL),
(2835, 49, '2022-07-22', 'holiday_nanny', NULL),
(2836, 49, '2022-07-23', 'holiday_nanny', NULL),
(2837, 49, '2022-07-25', 'holiday_nanny', NULL),
(2838, 49, '2022-07-26', 'holiday_nanny', NULL),
(2839, 49, '2022-07-27', 'holiday_nanny', NULL),
(2840, 49, '2022-07-28', 'holiday_nanny', NULL),
(2841, 49, '2022-07-29', 'holiday_nanny', NULL),
(2842, 49, '2022-07-30', 'holiday_nanny', NULL),
(2843, 49, '2022-02-23', 'holiday_nanny', NULL),
(2844, 49, '2022-02-24', 'holiday_nanny', NULL),
(2845, 49, '2022-02-25', 'holiday_nanny', NULL),
(2846, 49, '2022-02-26', 'holiday_nanny', NULL),
(2847, 49, '2022-02-28', 'holiday_nanny', NULL),
(2848, 49, '2022-03-01', 'holiday_nanny', NULL),
(2849, 49, '2022-03-02', 'holiday_nanny', NULL),
(2850, 49, '2022-03-03', 'holiday_nanny', NULL),
(2851, 49, '2022-03-04', 'holiday_nanny', NULL),
(2852, 49, '2022-03-05', 'holiday_nanny', NULL),
(2853, 49, '2022-03-30', 'holiday_nanny', NULL),
(2854, 49, '2022-03-07', 'holiday_nanny', NULL),
(2855, 49, '2022-03-14', 'holiday_nanny', NULL),
(2856, 49, '2022-03-21', 'holiday_nanny', NULL),
(2857, 49, '2022-03-28', 'holiday_nanny', NULL),
(2858, 49, '2022-03-08', 'holiday_nanny', NULL),
(2859, 49, '2022-03-15', 'holiday_nanny', NULL),
(2860, 49, '2022-03-22', 'holiday_nanny', NULL),
(2861, 49, '2022-03-29', 'holiday_nanny', NULL),
(2862, 49, '2022-03-09', 'holiday_nanny', NULL),
(2863, 49, '2022-03-16', 'holiday_nanny', NULL),
(2864, 49, '2022-03-23', 'holiday_nanny', NULL),
(2865, 49, '2022-03-10', 'holiday_nanny', NULL),
(2866, 49, '2022-03-17', 'holiday_nanny', NULL),
(2867, 49, '2022-03-24', 'holiday_nanny', NULL),
(2868, 49, '2022-03-31', 'holiday_nanny', NULL),
(2869, 49, '2022-03-11', 'holiday_nanny', NULL),
(2870, 49, '2022-03-18', 'holiday_nanny', NULL),
(2871, 49, '2022-03-25', 'holiday_nanny', NULL),
(2872, 49, '2022-03-12', 'holiday_nanny', NULL),
(2873, 49, '2022-03-19', 'holiday_nanny', NULL),
(2874, 49, '2022-03-26', 'holiday_nanny', NULL),
(2875, 49, '2022-04-01', 'holiday_nanny', NULL),
(2876, 49, '2022-04-02', 'holiday_nanny', NULL),
(2877, 49, '2022-04-04', 'holiday_nanny', NULL),
(2878, 49, '2022-04-11', 'holiday_nanny', NULL),
(2879, 49, '2022-04-25', 'holiday_nanny', NULL),
(2880, 49, '2022-04-12', 'holiday_nanny', NULL),
(2881, 49, '2022-04-05', 'holiday_nanny', NULL),
(2882, 49, '2022-04-06', 'holiday_nanny', NULL),
(2883, 49, '2022-04-07', 'holiday_nanny', NULL),
(2884, 49, '2022-04-08', 'holiday_nanny', NULL),
(2885, 49, '2022-04-09', 'holiday_nanny', NULL),
(2886, 49, '2022-04-19', 'holiday_nanny', NULL),
(2887, 49, '2022-04-20', 'holiday_nanny', NULL),
(2888, 49, '2022-04-21', 'holiday_nanny', NULL),
(2889, 49, '2022-04-22', 'holiday_nanny', NULL),
(2890, 49, '2022-04-23', 'holiday_nanny', NULL),
(2891, 49, '2022-04-26', 'holiday_nanny', NULL),
(2892, 49, '2022-04-27', 'holiday_nanny', NULL),
(2893, 49, '2022-04-28', 'holiday_nanny', NULL),
(2894, 49, '2022-04-29', 'holiday_nanny', NULL),
(2895, 49, '2022-04-30', 'holiday_nanny', NULL),
(2896, 57, '2022-02-25', 'babysitter-day', NULL),
(2897, 57, '2022-02-27', 'babysitter-day', NULL),
(2898, 57, '2022-03-01', 'babysitter-day', NULL),
(2899, 57, '2022-02-28', 'babysitter-day', NULL),
(2900, 57, '2022-03-02', 'babysitter-day', NULL),
(2901, 57, '2022-03-03', 'babysitter-day', NULL),
(2902, 57, '2022-03-05', 'babysitter-day', NULL),
(2903, 57, '2022-03-12', 'babysitter-day', NULL),
(2904, 57, '2022-03-11', 'babysitter-day', NULL),
(2905, 57, '2022-03-10', 'babysitter-day', NULL),
(2906, 57, '2022-03-09', 'babysitter-day', NULL),
(2907, 57, '2022-03-08', 'babysitter-day', NULL),
(2908, 57, '2022-03-06', 'babysitter-day', NULL),
(2909, 57, '2022-03-14', 'babysitter-day', NULL),
(2910, 57, '2022-03-07', 'babysitter-day', NULL),
(2911, 57, '2022-03-13', 'babysitter-day', NULL),
(2912, 57, '2022-03-15', 'babysitter-day', NULL),
(2913, 57, '2022-03-16', 'babysitter-day', NULL),
(2914, 57, '2022-03-17', 'babysitter-day', NULL),
(2915, 57, '2022-03-18', 'babysitter-day', NULL),
(2916, 57, '2022-03-19', 'babysitter-day', NULL),
(2917, 57, '2022-03-26', 'babysitter-day', NULL),
(2918, 57, '2022-03-25', 'babysitter-day', NULL),
(2919, 57, '2022-03-24', 'babysitter-day', NULL),
(2920, 57, '2022-03-21', 'babysitter-day', NULL),
(2921, 57, '2022-03-20', 'babysitter-day', NULL),
(2922, 57, '2022-03-23', 'babysitter-day', NULL),
(2923, 57, '2022-03-22', 'babysitter-day', NULL),
(2924, 57, '2022-03-29', 'babysitter-day', NULL),
(2925, 57, '2022-03-28', 'babysitter-day', NULL),
(2926, 57, '2022-03-27', 'babysitter-day', NULL),
(2927, 57, '2022-03-31', 'babysitter-day', NULL),
(2928, 57, '2022-03-30', 'babysitter-day', NULL),
(2929, 57, '2022-02-25', 'babysitter-night', NULL),
(2930, 57, '2022-02-27', 'babysitter-night', NULL),
(2931, 57, '2022-03-01', 'babysitter-night', NULL),
(2932, 57, '2022-02-28', 'babysitter-night', NULL),
(2933, 57, '2022-03-02', 'babysitter-night', NULL),
(2934, 57, '2022-03-03', 'babysitter-night', NULL),
(2935, 57, '2022-03-04', 'babysitter-night', NULL),
(2936, 57, '2022-03-05', 'babysitter-night', NULL),
(2937, 57, '2022-03-12', 'babysitter-night', NULL),
(2938, 57, '2022-03-11', 'babysitter-night', NULL),
(2939, 57, '2022-03-10', 'babysitter-night', NULL),
(2940, 57, '2022-03-09', 'babysitter-night', NULL),
(2941, 57, '2022-03-08', 'babysitter-night', NULL),
(2942, 57, '2022-03-06', 'babysitter-night', NULL),
(2943, 57, '2022-03-14', 'babysitter-night', NULL),
(2944, 57, '2022-03-07', 'babysitter-night', NULL),
(2945, 57, '2022-03-13', 'babysitter-night', NULL),
(2946, 57, '2022-03-15', 'babysitter-night', NULL),
(2947, 57, '2022-03-16', 'babysitter-night', NULL),
(2948, 57, '2022-03-17', 'babysitter-night', NULL),
(2949, 57, '2022-03-18', 'babysitter-night', NULL),
(2950, 57, '2022-03-19', 'babysitter-night', NULL),
(2951, 57, '2022-03-26', 'babysitter-night', NULL),
(2952, 57, '2022-03-25', 'babysitter-night', NULL),
(2953, 57, '2022-03-24', 'babysitter-night', NULL),
(2954, 57, '2022-03-21', 'babysitter-night', NULL),
(2955, 57, '2022-03-20', 'babysitter-night', NULL),
(2956, 57, '2022-03-23', 'babysitter-night', NULL),
(2957, 57, '2022-03-22', 'babysitter-night', NULL),
(2958, 57, '2022-03-29', 'babysitter-night', NULL),
(2959, 57, '2022-03-28', 'babysitter-night', NULL),
(2960, 57, '2022-03-27', 'babysitter-night', NULL),
(2961, 57, '2022-03-31', 'babysitter-night', NULL),
(2962, 57, '2022-03-30', 'babysitter-night', NULL),
(2963, 57, '2022-02-25', 'holiday_nanny', NULL),
(2964, 57, '2022-02-27', 'holiday_nanny', NULL),
(2965, 57, '2022-02-28', 'holiday_nanny', NULL),
(2966, 57, '2022-03-01', 'holiday_nanny', NULL),
(2967, 57, '2022-03-02', 'holiday_nanny', NULL),
(2968, 57, '2022-03-03', 'holiday_nanny', NULL),
(2969, 57, '2022-03-05', 'holiday_nanny', NULL),
(2970, 57, '2022-03-06', 'holiday_nanny', NULL),
(2971, 57, '2022-03-07', 'holiday_nanny', NULL),
(2972, 57, '2022-03-08', 'holiday_nanny', NULL),
(2973, 57, '2022-03-09', 'holiday_nanny', NULL),
(2974, 57, '2022-03-10', 'holiday_nanny', NULL),
(2975, 57, '2022-03-11', 'holiday_nanny', NULL),
(2976, 57, '2022-03-12', 'holiday_nanny', NULL),
(2977, 57, '2022-03-13', 'holiday_nanny', NULL),
(2978, 57, '2022-03-14', 'holiday_nanny', NULL),
(2979, 57, '2022-03-15', 'holiday_nanny', NULL),
(2980, 57, '2022-03-16', 'holiday_nanny', NULL),
(2981, 57, '2022-03-17', 'holiday_nanny', NULL),
(2982, 57, '2022-03-18', 'holiday_nanny', NULL),
(2983, 57, '2022-03-19', 'holiday_nanny', NULL),
(2984, 57, '2022-03-20', 'holiday_nanny', NULL),
(2985, 57, '2022-03-21', 'holiday_nanny', NULL),
(2986, 57, '2022-03-22', 'holiday_nanny', NULL),
(2987, 57, '2022-03-23', 'holiday_nanny', NULL),
(2988, 57, '2022-03-24', 'holiday_nanny', NULL),
(2989, 57, '2022-03-25', 'holiday_nanny', NULL),
(2990, 57, '2022-03-27', 'holiday_nanny', NULL),
(2991, 57, '2022-03-28', 'holiday_nanny', NULL),
(2992, 57, '2022-03-29', 'holiday_nanny', NULL),
(2993, 57, '2022-03-30', 'holiday_nanny', NULL),
(2994, 57, '2022-03-31', 'holiday_nanny', NULL),
(2995, 57, '2022-04-01', 'holiday_nanny', NULL),
(2996, 57, '2022-04-02', 'holiday_nanny', NULL),
(2997, 57, '2022-04-03', 'holiday_nanny', NULL),
(2998, 57, '2022-04-04', 'holiday_nanny', NULL),
(2999, 57, '2022-04-05', 'holiday_nanny', NULL),
(3000, 57, '2022-04-06', 'holiday_nanny', NULL),
(3001, 57, '2022-04-07', 'holiday_nanny', NULL),
(3002, 57, '2022-04-08', 'holiday_nanny', NULL),
(3003, 57, '2022-04-10', 'holiday_nanny', NULL),
(3004, 57, '2022-04-11', 'holiday_nanny', NULL),
(3005, 57, '2022-04-12', 'holiday_nanny', NULL),
(3006, 57, '2022-04-13', 'holiday_nanny', NULL),
(3007, 57, '2022-04-14', 'holiday_nanny', NULL),
(3008, 57, '2022-04-15', 'holiday_nanny', NULL),
(3009, 57, '2022-04-16', 'holiday_nanny', NULL),
(3010, 57, '2022-04-17', 'holiday_nanny', NULL),
(3011, 57, '2022-04-18', 'holiday_nanny', NULL),
(3012, 57, '2022-04-19', 'holiday_nanny', NULL),
(3013, 57, '2022-04-20', 'holiday_nanny', NULL),
(3014, 57, '2022-04-21', 'holiday_nanny', NULL),
(3015, 57, '2022-04-22', 'holiday_nanny', NULL),
(3016, 57, '2022-04-23', 'holiday_nanny', NULL),
(3017, 57, '2022-04-24', 'holiday_nanny', NULL),
(3018, 57, '2022-04-25', 'holiday_nanny', NULL),
(3019, 57, '2022-04-26', 'holiday_nanny', NULL),
(3020, 57, '2022-04-27', 'holiday_nanny', NULL),
(3021, 57, '2022-04-28', 'holiday_nanny', NULL),
(3022, 57, '2022-04-29', 'holiday_nanny', NULL),
(3023, 57, '2022-04-30', 'holiday_nanny', NULL),
(3024, 37, '2022-02-01', 'babysitter-day', NULL),
(3025, 37, '2022-02-02', 'babysitter-day', NULL),
(3026, 37, '2022-02-03', 'babysitter-day', NULL),
(3027, 37, '2022-02-04', 'babysitter-day', NULL),
(3028, 37, '2022-02-05', 'babysitter-day', NULL),
(3029, 37, '2022-02-07', 'babysitter-day', NULL),
(3030, 37, '2022-02-08', 'babysitter-day', NULL),
(3031, 37, '2022-02-06', 'babysitter-day', NULL),
(3032, 37, '2022-02-09', 'babysitter-day', NULL),
(3033, 37, '2022-02-10', 'babysitter-day', NULL),
(3034, 37, '2022-02-11', 'babysitter-day', NULL),
(3035, 37, '2022-02-12', 'babysitter-day', NULL),
(3036, 37, '2022-02-01', 'babysitter-night', NULL),
(3037, 37, '2022-02-02', 'babysitter-night', NULL),
(3038, 37, '2022-02-03', 'babysitter-night', NULL),
(3039, 37, '2022-02-04', 'babysitter-night', NULL),
(3040, 37, '2022-02-05', 'babysitter-night', NULL),
(3041, 37, '2022-02-07', 'babysitter-night', NULL),
(3042, 37, '2022-02-08', 'babysitter-night', NULL),
(3043, 37, '2022-02-06', 'babysitter-night', NULL),
(3044, 37, '2022-02-09', 'babysitter-night', NULL),
(3045, 37, '2022-02-10', 'babysitter-night', NULL),
(3046, 37, '2022-02-11', 'babysitter-night', NULL),
(3047, 37, '2022-02-12', 'babysitter-night', NULL),
(3048, 37, '2022-02-01', 'holiday_nanny', NULL),
(3049, 37, '2022-02-08', 'holiday_nanny', NULL),
(3050, 37, '2022-02-07', 'holiday_nanny', NULL),
(3051, 37, '2022-02-06', 'holiday_nanny', NULL),
(3052, 37, '2022-02-09', 'holiday_nanny', NULL),
(3053, 37, '2022-02-02', 'holiday_nanny', NULL),
(3054, 37, '2022-02-03', 'holiday_nanny', NULL),
(3055, 37, '2022-02-10', 'holiday_nanny', NULL),
(3056, 37, '2022-02-11', 'holiday_nanny', NULL),
(3057, 37, '2022-02-04', 'holiday_nanny', NULL),
(3058, 37, '2022-02-05', 'holiday_nanny', NULL),
(3059, 37, '2022-02-12', 'holiday_nanny', NULL),
(3060, 53, '2022-02-23', 'babysitter-day', '2022-02-22 13:43:11'),
(3061, 53, '2022-02-23', 'babysitter-night', '2022-02-22 13:43:11'),
(3062, 53, '2022-02-24', 'babysitter-day', '2022-02-22 13:43:11'),
(3063, 53, '2022-02-27', 'babysitter-day', '2022-02-22 13:43:11'),
(3064, 53, '2022-02-27', 'babysitter-night', '2022-02-22 13:43:11'),
(3065, 53, '2022-02-28', 'babysitter-day', '2022-02-22 13:43:11'),
(3066, 53, '2022-02-28', 'babysitter-night', '2022-02-22 13:43:11'),
(3067, 53, '2022-02-23', 'holiday_nanny', '2022-02-22 13:43:11'),
(3068, 53, '2022-02-24', 'holiday_nanny', '2022-02-22 13:43:11'),
(3069, 53, '2022-02-27', 'holiday_nanny', '2022-02-22 13:43:11'),
(3070, 53, '2022-02-28', 'holiday_nanny', '2022-02-22 13:43:11'),
(3071, 53, '2022-03-01', 'holiday_nanny', '2022-02-22 13:43:11'),
(3072, 53, '2022-03-02', 'holiday_nanny', '2022-02-22 13:43:11'),
(3073, 53, '2022-03-03', 'holiday_nanny', '2022-02-22 13:43:11'),
(3074, 53, '2022-03-04', 'holiday_nanny', '2022-02-22 13:43:11'),
(3075, 53, '2022-02-23', 'babysitter-day', '2022-02-22 13:43:51'),
(3076, 53, '2022-02-23', 'babysitter-night', '2022-02-22 13:43:51'),
(3077, 53, '2022-02-24', 'babysitter-day', '2022-02-22 13:43:51'),
(3078, 53, '2022-02-27', 'babysitter-day', '2022-02-22 13:43:51'),
(3079, 53, '2022-02-27', 'babysitter-night', '2022-02-22 13:43:51'),
(3080, 53, '2022-02-28', 'babysitter-day', '2022-02-22 13:43:51'),
(3081, 53, '2022-02-28', 'babysitter-night', '2022-02-22 13:43:51'),
(3082, 53, '2022-02-23', 'holiday_nanny', '2022-02-22 13:43:51'),
(3083, 53, '2022-02-24', 'holiday_nanny', '2022-02-22 13:43:51'),
(3084, 53, '2022-02-27', 'holiday_nanny', '2022-02-22 13:43:51'),
(3085, 53, '2022-02-28', 'holiday_nanny', '2022-02-22 13:43:51'),
(3086, 53, '2022-03-01', 'holiday_nanny', '2022-02-22 13:43:51'),
(3087, 53, '2022-03-02', 'holiday_nanny', '2022-02-22 13:43:51'),
(3088, 53, '2022-03-03', 'holiday_nanny', '2022-02-22 13:43:51'),
(3089, 53, '2022-03-04', 'holiday_nanny', '2022-02-22 13:43:51'),
(3090, 53, '2022-02-23', 'babysitter-day', '2022-02-23 10:08:30'),
(3091, 53, '2022-02-23', 'babysitter-night', '2022-02-23 10:08:30'),
(3092, 53, '2022-02-24', 'babysitter-day', '2022-02-23 10:08:30'),
(3093, 53, '2022-02-27', 'babysitter-day', '2022-02-23 10:08:30'),
(3094, 53, '2022-02-27', 'babysitter-night', '2022-02-23 10:08:30'),
(3095, 53, '2022-02-28', 'babysitter-day', '2022-02-23 10:08:30'),
(3096, 53, '2022-02-28', 'babysitter-night', '2022-02-23 10:08:30'),
(3097, 53, '2022-03-01', 'babysitter-day', '2022-02-23 10:08:30'),
(3098, 53, '2022-03-01', 'babysitter-night', '2022-02-23 10:08:30'),
(3099, 53, '2022-03-02', 'babysitter-day', '2022-02-23 10:08:30'),
(3100, 53, '2022-03-02', 'babysitter-night', '2022-02-23 10:08:30'),
(3101, 53, '2022-03-03', 'babysitter-day', '2022-02-23 10:08:30'),
(3102, 53, '2022-03-03', 'babysitter-night', '2022-02-23 10:08:30'),
(3103, 53, '2022-03-04', 'babysitter-day', '2022-02-23 10:08:30'),
(3104, 53, '2022-03-06', 'babysitter-day', '2022-02-23 10:08:30'),
(3105, 53, '2022-03-06', 'babysitter-night', '2022-02-23 10:08:30'),
(3106, 53, '2022-03-07', 'babysitter-day', '2022-02-23 10:08:30'),
(3107, 53, '2022-03-07', 'babysitter-night', '2022-02-23 10:08:30'),
(3108, 53, '2022-03-08', 'babysitter-day', '2022-02-23 10:08:30'),
(3109, 53, '2022-03-08', 'babysitter-night', '2022-02-23 10:08:30'),
(3110, 53, '2022-03-09', 'babysitter-day', '2022-02-23 10:08:30'),
(3111, 53, '2022-03-09', 'babysitter-night', '2022-02-23 10:08:30'),
(3112, 53, '2022-03-10', 'babysitter-day', '2022-02-23 10:08:30'),
(3113, 53, '2022-03-10', 'babysitter-night', '2022-02-23 10:08:30'),
(3114, 53, '2022-03-11', 'babysitter-day', '2022-02-23 10:08:30'),
(3115, 53, '2022-02-23', 'holiday_nanny', '2022-02-23 10:08:30'),
(3116, 53, '2022-02-24', 'holiday_nanny', '2022-02-23 10:08:30'),
(3117, 53, '2022-02-27', 'holiday_nanny', '2022-02-23 10:08:30'),
(3118, 53, '2022-02-28', 'holiday_nanny', '2022-02-23 10:08:30'),
(3119, 53, '2022-03-01', 'holiday_nanny', '2022-02-23 10:08:30'),
(3120, 53, '2022-03-02', 'holiday_nanny', '2022-02-23 10:08:30'),
(3121, 53, '2022-03-03', 'holiday_nanny', '2022-02-23 10:08:30'),
(3122, 53, '2022-03-04', 'holiday_nanny', '2022-02-23 10:08:30'),
(3123, 53, '2022-03-06', 'holiday_nanny', '2022-02-23 10:08:30'),
(3124, 53, '2022-03-07', 'holiday_nanny', '2022-02-23 10:08:30'),
(3125, 53, '2022-03-08', 'holiday_nanny', '2022-02-23 10:08:30'),
(3126, 53, '2022-03-09', 'holiday_nanny', '2022-02-23 10:08:30'),
(3127, 53, '2022-03-10', 'holiday_nanny', '2022-02-23 10:08:30'),
(3128, 53, '2022-03-11', 'holiday_nanny', '2022-02-23 10:08:30'),
(3129, 53, '2022-02-23', 'babysitter-day', NULL),
(3130, 53, '2022-02-24', 'babysitter-day', NULL),
(3131, 53, '2022-02-27', 'babysitter-day', NULL),
(3132, 53, '2022-02-28', 'babysitter-day', NULL),
(3133, 53, '2022-03-01', 'babysitter-day', NULL),
(3134, 53, '2022-03-02', 'babysitter-day', NULL),
(3135, 53, '2022-03-03', 'babysitter-day', NULL),
(3136, 53, '2022-03-04', 'babysitter-day', NULL),
(3137, 53, '2022-03-06', 'babysitter-day', NULL),
(3138, 53, '2022-03-07', 'babysitter-day', NULL),
(3139, 53, '2022-03-08', 'babysitter-day', NULL),
(3140, 53, '2022-03-09', 'babysitter-day', NULL),
(3141, 53, '2022-03-10', 'babysitter-day', NULL),
(3142, 53, '2022-03-11', 'babysitter-day', NULL),
(3143, 53, '2022-02-23', 'babysitter-night', NULL),
(3144, 53, '2022-02-27', 'babysitter-night', NULL),
(3145, 53, '2022-02-28', 'babysitter-night', NULL),
(3146, 53, '2022-03-01', 'babysitter-night', NULL),
(3147, 53, '2022-03-02', 'babysitter-night', NULL),
(3148, 53, '2022-03-03', 'babysitter-night', NULL),
(3149, 53, '2022-03-06', 'babysitter-night', NULL),
(3150, 53, '2022-03-07', 'babysitter-night', NULL),
(3151, 53, '2022-03-08', 'babysitter-night', NULL),
(3152, 53, '2022-03-09', 'babysitter-night', NULL),
(3153, 53, '2022-03-10', 'babysitter-night', NULL),
(3154, 53, '2022-02-23', 'holiday_nanny', NULL),
(3155, 53, '2022-02-24', 'holiday_nanny', NULL),
(3156, 53, '2022-02-27', 'holiday_nanny', NULL),
(3157, 53, '2022-02-28', 'holiday_nanny', NULL),
(3158, 53, '2022-03-01', 'holiday_nanny', NULL),
(3159, 53, '2022-03-02', 'holiday_nanny', NULL),
(3160, 53, '2022-03-03', 'holiday_nanny', NULL),
(3161, 53, '2022-03-04', 'holiday_nanny', NULL),
(3162, 53, '2022-03-06', 'holiday_nanny', NULL),
(3163, 53, '2022-03-07', 'holiday_nanny', NULL),
(3164, 53, '2022-03-08', 'holiday_nanny', NULL),
(3165, 53, '2022-03-09', 'holiday_nanny', NULL),
(3166, 53, '2022-03-10', 'holiday_nanny', NULL),
(3167, 53, '2022-03-11', 'holiday_nanny', NULL);

-- --------------------------------------------------------

--
-- Table structure for table `babysitter_bank_details`
--

CREATE TABLE `babysitter_bank_details` (
  `id` bigint(20) UNSIGNED NOT NULL,
  `babysitter_id` bigint(20) NOT NULL,
  `currency` varchar(191) COLLATE utf8_unicode_ci NOT NULL,
  `name` varchar(191) COLLATE utf8_unicode_ci NOT NULL,
  `transferwise_type` varchar(191) COLLATE utf8_unicode_ci NOT NULL,
  `sort_code` varchar(191) COLLATE utf8_unicode_ci DEFAULT NULL,
  `account_number` varchar(191) COLLATE utf8_unicode_ci DEFAULT NULL,
  `iban` varchar(191) COLLATE utf8_unicode_ci DEFAULT NULL,
  `address1` varchar(191) COLLATE utf8_unicode_ci DEFAULT NULL,
  `address2` varchar(191) COLLATE utf8_unicode_ci DEFAULT NULL,
  `town` varchar(191) COLLATE utf8_unicode_ci DEFAULT NULL,
  `postcode` varchar(191) COLLATE utf8_unicode_ci DEFAULT NULL,
  `state` varchar(191) COLLATE utf8_unicode_ci DEFAULT NULL,
  `country` varchar(191) COLLATE utf8_unicode_ci DEFAULT NULL,
  `created_at` timestamp NULL DEFAULT NULL,
  `updated_at` timestamp NULL DEFAULT NULL,
  `deleted_at` timestamp NULL DEFAULT NULL,
  `transferwise_account_id` bigint(20) DEFAULT NULL,
  `account_type` varchar(191) COLLATE utf8_unicode_ci DEFAULT NULL
) ENGINE=InnoDB DEFAULT CHARSET=utf8 COLLATE=utf8_unicode_ci;

--
-- Dumping data for table `babysitter_bank_details`
--

INSERT INTO `babysitter_bank_details` (`id`, `babysitter_id`, `currency`, `name`, `transferwise_type`, `sort_code`, `account_number`, `iban`, `address1`, `address2`, `town`, `postcode`, `state`, `country`, `created_at`, `updated_at`, `deleted_at`, `transferwise_account_id`, `account_type`) VALUES
(1, 2, 'eur', 'Bartosz Siatkowski', 'iban', NULL, NULL, 'GB94BARC10201530093459', NULL, NULL, NULL, NULL, NULL, NULL, '2020-08-27 16:22:18', '2020-08-27 16:22:18', NULL, NULL, NULL),
(2, 9, '', '', '', '', '', '', '', '', '', '', '', '', '2020-10-06 19:18:41', '2021-05-02 17:15:36', '2021-05-02 17:15:36', NULL, ''),
(3, 10, '', '', '', '', '', '', '', '', '', '', '', '', '2020-10-06 19:19:08', '2020-10-06 19:19:08', NULL, NULL, ''),
(4, 6, '', '', '', '', '', '', '', '', '', '', '', '', '2020-10-06 19:19:38', '2020-10-06 19:19:38', NULL, NULL, ''),
(5, 22, '', '', '', '', '', '', '', '', '', '', '', '', '2021-01-05 18:55:42', '2021-01-05 18:56:51', '2021-01-05 18:56:51', NULL, ''),
(6, 22, '', '', '', '', '', '', '', '', '', '', '', '', '2021-01-05 18:56:51', '2021-01-05 18:56:51', NULL, NULL, ''),
(7, 23, '', '', '', '', '', '', '', '', '', '', '', '', '2021-01-28 11:30:33', '2021-01-29 11:38:37', '2021-01-29 11:38:37', NULL, ''),
(8, 23, '', '', '', '', '', '', '', '', '', '', '', '', '2021-01-29 11:38:37', '2021-01-29 12:02:07', '2021-01-29 12:02:07', NULL, ''),
(9, 23, '', '', '', '', '', '', '', '', '', '', '', '', '2021-01-29 12:02:07', '2021-01-29 12:25:28', '2021-01-29 12:25:28', NULL, ''),
(10, 23, '', '', '', '', '', '', '', '', '', '', '', '', '2021-01-29 12:25:28', '2021-01-29 12:36:26', '2021-01-29 12:36:26', NULL, ''),
(11, 23, '', '', '', '', '', '', '', '', '', '', '', '', '2021-01-29 12:36:26', '2021-01-29 12:36:26', NULL, NULL, ''),
(12, 9, '', '', '', '', '', '', '', '', '', '', '', '', '2021-05-02 17:15:36', '2021-12-30 14:52:48', '2021-12-30 14:52:48', NULL, ''),
(13, 33, 'eur', 'Emmy Yoshida', 'iban', '', '', 'BE63967206459008', '', '', '', '', '', '', '2021-11-20 14:36:05', '2021-11-20 14:36:30', '2021-11-20 14:36:30', NULL, ''),
(14, 33, 'eur', 'Emmy Yoshida', 'iban', '', '', 'BE63967206459008', '', '', '', '', '', '', '2021-11-20 14:36:30', '2021-11-20 14:37:19', '2021-11-20 14:37:19', NULL, ''),
(15, 33, 'eur', 'Emmy Yoshida', 'iban', '', '', 'BE63967206459008', '', '', '', '', '', '', '2021-11-20 14:37:19', '2021-11-20 14:37:42', '2021-11-20 14:37:42', NULL, ''),
(16, 33, 'eur', 'Emmy Yoshida', 'iban', '', '', 'BE63967206459008', '', '', '', '', '', '', '2021-11-20 14:37:42', '2021-11-20 14:37:52', '2021-11-20 14:37:52', NULL, ''),
(17, 33, 'eur', 'Emmy Yoshida', 'iban', '', '', 'BE63967206459008', '', '', '', '', '', '', '2021-11-20 14:37:52', '2021-11-20 14:43:36', '2021-11-20 14:43:36', NULL, ''),
(18, 33, 'eur', 'Emmy Yoshida', 'iban', '', '', 'BE63967206459008', '', '', '', '', '', '', '2021-11-20 14:43:36', '2022-01-20 17:24:11', '2022-01-20 17:24:11', NULL, ''),
(19, 9, '', '', '', '', '', '', '', '', '', '', '', '', '2021-12-30 14:52:48', '2021-12-30 15:01:50', '2021-12-30 15:01:50', NULL, ''),
(20, 9, '', '', '', '', '', '', '', '', '', '', '', '', '2021-12-30 15:01:50', '2022-01-29 21:14:31', '2022-01-29 21:14:31', NULL, ''),
(21, 33, 'eur', 'Emmy Yoshida', 'iban', '', '', 'BE63967206459008', '', '', '', '', '', '', '2022-01-20 17:24:11', '2022-01-29 21:16:12', '2022-01-29 21:16:12', NULL, ''),
(22, 36, '', '', '', '', '', '', '', '', '', '', '', '', '2022-01-26 21:07:22', '2022-01-26 21:08:05', '2022-01-26 21:08:05', NULL, ''),
(23, 36, '', '', '', '', '', '', '', '', '', '', '', '', '2022-01-26 21:08:05', '2022-01-29 21:10:25', '2022-01-29 21:10:25', NULL, ''),
(24, 37, '', '', '', '', '', '', '', '', '', '', '', '', '2022-01-26 21:49:58', '2022-01-26 21:53:50', '2022-01-26 21:53:50', NULL, ''),
(25, 37, 'eur', 'Ellie Giorgio', 'iban', NULL, NULL, 'IT24N0103002831000000393802', NULL, NULL, NULL, NULL, NULL, NULL, '2022-01-26 21:53:50', '2022-01-29 21:12:00', '2022-01-29 21:12:00', NULL, NULL),
(26, 36, '', '', '', '', '', '', '', '', '', '', '', '', '2022-01-29 21:10:25', '2022-01-29 21:11:08', '2022-01-29 21:11:08', NULL, ''),
(27, 36, '', '', '', '', '', '', '', '', '', '', '', '', '2022-01-29 21:11:08', '2022-01-29 21:11:08', NULL, NULL, ''),
(28, 37, 'eur', 'Ellie Giorgio', 'iban', '', '', 'IT24N0103002831000000393802', '', '', '', '', '', '', '2022-01-29 21:12:00', '2022-01-29 21:12:38', '2022-01-29 21:12:38', NULL, ''),
(29, 37, 'eur', 'Ellie Giorgio', 'iban', '', '', 'IT24N0103002831000000393802', '', '', '', '', '', '', '2022-01-29 21:12:38', '2022-02-22 08:51:40', '2022-02-22 08:51:40', NULL, ''),
(30, 9, '', '', '', '', '', '', '', '', '', '', '', '', '2022-01-29 21:14:31', '2022-01-29 21:15:28', '2022-01-29 21:15:28', NULL, ''),
(31, 9, '', '', '', '', '', '', '', '', '', '', '', '', '2022-01-29 21:15:28', '2022-01-29 21:15:28', NULL, NULL, ''),
(32, 33, 'eur', 'Emmy Yoshida', 'iban', '', '', 'BE63967206459008', '', '', '', '', '', '', '2022-01-29 21:16:12', '2022-01-29 21:16:12', NULL, NULL, ''),
(33, 38, '', '', '', '', '', '', '', '', '', '', '', '', '2022-02-06 22:05:02', '2022-02-06 22:05:10', '2022-02-06 22:05:10', NULL, ''),
(34, 38, '', '', '', '', '', '', '', '', '', '', '', '', '2022-02-06 22:05:10', '2022-02-06 22:05:10', NULL, NULL, ''),
(35, 35, '', '', '', '', '', '', '', '', '', '', '', '', '2022-02-06 22:05:44', '2022-02-06 22:05:44', NULL, NULL, ''),
(36, 42, '', '', '', '', '', '', '', '', '', '', '', '', '2022-02-21 11:02:11', '2022-02-22 10:15:12', '2022-02-22 10:15:12', NULL, ''),
(37, 55, '', '', '', '', '', '', '', '', '', '', '', '', '2022-02-22 08:17:35', '2022-02-22 08:18:24', '2022-02-22 08:18:24', NULL, ''),
(38, 54, '', '', '', '', '', '', '', '', '', '', '', '', '2022-02-22 08:18:07', '2022-02-22 08:20:05', '2022-02-22 08:20:05', NULL, ''),
(39, 55, '', '', '', '', '', '', '', '', '', '', '', '', '2022-02-22 08:18:24', '2022-02-22 08:19:18', '2022-02-22 08:19:18', NULL, ''),
(40, 55, '', '', '', '', '', '', '', '', '', '', '', '', '2022-02-22 08:19:18', '2022-02-22 08:20:29', '2022-02-22 08:20:29', NULL, ''),
(41, 54, '', '', '', '', '', '', '', '', '', '', '', '', '2022-02-22 08:20:05', '2022-02-22 08:20:45', '2022-02-22 08:20:45', NULL, ''),
(42, 55, '', '', '', '', '', '', '', '', '', '', '', '', '2022-02-22 08:20:29', '2022-02-22 08:23:53', '2022-02-22 08:23:53', NULL, ''),
(43, 54, '', '', '', '', '', '', '', '', '', '', '', '', '2022-02-22 08:20:45', '2022-02-22 08:24:08', '2022-02-22 08:24:08', NULL, ''),
(44, 55, '', '', '', '', '', '', '', '', '', '', '', '', '2022-02-22 08:23:53', '2022-02-22 08:47:35', '2022-02-22 08:47:35', NULL, ''),
(45, 54, '', '', '', '', '', '', '', '', '', '', '', '', '2022-02-22 08:24:08', '2022-02-22 11:30:06', '2022-02-22 11:30:06', NULL, ''),
(46, 53, '', '', '', '', '', '', '', '', '', '', '', '', '2022-02-22 08:38:28', '2022-02-22 13:26:24', '2022-02-22 13:26:24', NULL, ''),
(47, 52, '', '', '', '', '', '', '', '', '', '', '', '', '2022-02-22 08:47:09', '2022-02-22 14:17:29', '2022-02-22 14:17:29', NULL, ''),
(48, 55, '', '', '', '', '', '', '', '', '', '', '', '', '2022-02-22 08:47:35', '2022-02-22 08:48:26', '2022-02-22 08:48:26', NULL, ''),
(49, 55, '', '', '', '', '', '', '', '', '', '', '', '', '2022-02-22 08:48:26', '2022-02-22 11:22:20', '2022-02-22 11:22:20', NULL, ''),
(50, 51, '', '', '', '', '', '', '', '', '', '', '', '', '2022-02-22 08:48:48', '2022-02-22 08:49:06', '2022-02-22 08:49:06', NULL, ''),
(51, 51, '', '', '', '', '', '', '', '', '', '', '', '', '2022-02-22 08:49:06', '2022-02-22 08:49:06', NULL, NULL, ''),
(52, 50, '', '', '', '', '', '', '', '', '', '', '', '', '2022-02-22 08:49:32', '2022-02-22 11:36:00', '2022-02-22 11:36:00', NULL, ''),
(53, 49, '', '', '', '', '', '', '', '', '', '', '', '', '2022-02-22 08:50:07', '2022-02-22 10:18:59', '2022-02-22 10:18:59', NULL, ''),
(54, 37, 'eur', 'Ellie Giorgio', 'iban', '', '', 'IT24N0103002831000000393802', '', '', '', '', '', '', '2022-02-22 08:51:41', '2022-02-22 11:43:32', '2022-02-22 11:43:32', NULL, ''),
(55, 42, 'eur', 'Laura Belenguer Piedehierrro', 'iban', '', '', 'IT13E0200832974001628670198', '', '', '', '', '', '', '2022-02-22 10:15:12', '2022-02-22 10:26:06', '2022-02-22 10:26:06', NULL, ''),
(56, 49, 'eur', 'Selene Sanesi', 'iban', NULL, NULL, 'IT02K0200832974001487789774', NULL, NULL, NULL, NULL, NULL, NULL, '2022-02-22 10:18:59', '2022-02-22 11:04:05', '2022-02-22 11:04:05', NULL, NULL),
(57, 42, 'eur', 'Laura Belenguer Piedehierrro', 'iban', '', '', 'IT13E0200832974001628670198', '', '', '', '', '', '', '2022-02-22 10:26:06', '2022-02-22 10:26:06', NULL, NULL, ''),
(58, 56, '', '', '', '', '', '', '', '', '', '', '', '', '2022-02-22 10:26:43', '2022-02-22 11:24:18', '2022-02-22 11:24:18', NULL, ''),
(59, 57, '', '', '', '', '', '', '', '', '', '', '', '', '2022-02-22 10:27:44', '2022-02-22 10:28:28', '2022-02-22 10:28:28', NULL, ''),
(60, 57, '', '', '', '', '', '', '', '', '', '', '', '', '2022-02-22 10:28:28', '2022-02-22 10:40:54', '2022-02-22 10:40:54', NULL, ''),
(61, 57, 'eur', 'noushig soghomonian', 'iban', NULL, NULL, 'IT16C0306902887100000006444', NULL, NULL, NULL, NULL, NULL, NULL, '2022-02-22 10:40:54', '2022-02-22 11:18:51', '2022-02-22 11:18:51', NULL, NULL),
(62, 49, 'eur', 'Selene Sanesi', 'iban', '', '', 'IT02K0200832974001487789774', '', '', '', '', '', '', '2022-02-22 11:04:05', '2022-02-22 11:10:41', '2022-02-22 11:10:41', NULL, ''),
(63, 49, 'eur', 'Selene Sanesi', 'iban', '', '', 'IT02K0200832974001487789774', '', '', '', '', '', '', '2022-02-22 11:10:41', '2022-02-22 11:10:41', NULL, NULL, ''),
(64, 57, 'eur', 'noushig soghomonian', 'iban', '', '', 'IT16C0306902887100000006444', '', '', '', '', '', '', '2022-02-22 11:18:51', '2022-02-22 11:18:51', NULL, NULL, ''),
(65, 55, '', '', '', '', '', '', '', '', '', '', '', '', '2022-02-22 11:22:20', '2022-02-22 12:18:26', '2022-02-22 12:18:26', NULL, ''),
(66, 56, '', '', '', '', '', '', '', '', '', '', '', '', '2022-02-22 11:24:18', '2022-02-22 11:24:18', NULL, NULL, ''),
(67, 54, '', '', '', '', '', '', '', '', '', '', '', '', '2022-02-22 11:30:06', '2022-02-22 11:30:06', NULL, NULL, ''),
(68, 50, '', '', '', '', '', '', '', '', '', '', '', '', '2022-02-22 11:36:00', '2022-02-22 11:36:00', NULL, NULL, ''),
(69, 37, 'eur', 'Ellie Giorgio', 'iban', '', '', 'IT24N0103002831000000393802', '', '', '', '', '', '', '2022-02-22 11:43:32', '2022-02-22 11:43:32', NULL, NULL, ''),
(70, 55, 'eur', 'Alessia Davitti', 'iban', NULL, NULL, 'IT23G3608105138246209846219', NULL, NULL, NULL, NULL, NULL, NULL, '2022-02-22 12:18:26', '2022-02-22 15:51:23', '2022-02-22 15:51:23', NULL, NULL),
(71, 53, 'eur', 'Intesa San Paolo', 'iban', NULL, NULL, 'IT58F0616067684510302235096', NULL, NULL, NULL, NULL, NULL, NULL, '2022-02-22 13:26:24', '2022-02-22 13:27:43', '2022-02-22 13:27:43', NULL, NULL),
(72, 53, 'eur', 'Intesa San Paolo', 'iban', NULL, NULL, 'IT58F0616067684510302235096', NULL, NULL, NULL, NULL, NULL, NULL, '2022-02-22 13:27:43', '2022-02-23 10:08:30', '2022-02-23 10:08:30', NULL, NULL),
(73, 52, '', '', '', '', '', '', '', '', '', '', '', '', '2022-02-22 14:17:29', '2022-02-22 14:17:29', NULL, NULL, ''),
(74, 62, '', '', '', '', '', '', '', '', '', '', '', '', '2022-02-22 14:50:00', '2022-02-22 14:50:17', '2022-02-22 14:50:17', NULL, ''),
(75, 62, '', '', '', '', '', '', '', '', '', '', '', '', '2022-02-22 14:50:17', '2022-02-22 14:53:13', '2022-02-22 14:53:13', NULL, ''),
(76, 62, '', '', '', '', '', '', '', '', '', '', '', '', '2022-02-22 14:53:13', '2022-02-22 14:53:13', NULL, NULL, ''),
(77, 55, 'eur', 'Alessia Davitti', 'iban', '', '', 'IT23G3608105138246209846219', '', '', '', '', '', '', '2022-02-22 15:51:23', '2022-02-22 17:16:22', '2022-02-22 17:16:22', NULL, ''),
(78, 55, 'eur', 'Alessia Davitti', 'iban', '', '', 'IT23G3608105138246209846219', '', '', '', '', '', '', '2022-02-22 17:16:22', '2022-02-22 17:16:22', NULL, NULL, ''),
(79, 63, '', '', '', '', '', '', '', '', '', '', '', '', '2022-02-23 08:45:38', '2022-02-23 09:16:32', '2022-02-23 09:16:32', NULL, ''),
(80, 63, '', '', '', '', '', '', '', '', '', '', '', '', '2022-02-23 09:16:32', '2022-02-23 09:20:51', '2022-02-23 09:20:51', NULL, ''),
(81, 63, '', '', '', '', '', '', '', '', '', '', '', '', '2022-02-23 09:20:51', '2022-02-23 09:57:41', '2022-02-23 09:57:41', NULL, ''),
(82, 63, '', '', '', '', '', '', '', '', '', '', '', '', '2022-02-23 09:57:41', '2022-02-23 09:57:41', NULL, NULL, ''),
(83, 53, 'eur', 'Intesa San Paolo', 'iban', '', '', 'IT58F0616067684510302235096', '', '', '', '', '', '', '2022-02-23 10:08:30', '2022-02-23 10:08:30', NULL, NULL, '');

-- --------------------------------------------------------

--
-- Table structure for table `babysitter_booked_availabilities`
--

CREATE TABLE `babysitter_booked_availabilities` (
  `id` bigint(20) UNSIGNED NOT NULL,
  `babysitter_id` int(10) UNSIGNED NOT NULL,
  `date` date NOT NULL,
  `type` varchar(255) COLLATE utf8_unicode_ci NOT NULL,
  `deleted_at` timestamp NULL DEFAULT NULL
) ENGINE=InnoDB DEFAULT CHARSET=utf8 COLLATE=utf8_unicode_ci;

-- --------------------------------------------------------

--
-- Table structure for table `babysitter_experience_age_groups`
--

CREATE TABLE `babysitter_experience_age_groups` (
  `id` bigint(20) UNSIGNED NOT NULL,
  `babysitter_id` int(10) UNSIGNED NOT NULL,
  `age_group` varchar(255) COLLATE utf8_unicode_ci NOT NULL
) ENGINE=InnoDB DEFAULT CHARSET=utf8 COLLATE=utf8_unicode_ci;

--
-- Dumping data for table `babysitter_experience_age_groups`
--

INSERT INTO `babysitter_experience_age_groups` (`id`, `babysitter_id`, `age_group`) VALUES
(23, 2, '0'),
(3, 9, '0'),
(17, 23, '0'),
(16, 23, '1'),
(18, 23, '12'),
(14, 23, '4'),
(15, 23, '8'),
(35, 33, '0'),
(36, 33, '1'),
(39, 33, '12'),
(37, 33, '4'),
(38, 33, '8'),
(40, 36, '0'),
(41, 36, '1'),
(44, 36, '12'),
(42, 36, '4'),
(43, 36, '8'),
(47, 37, '4'),
(48, 37, '8'),
(50, 38, '1'),
(51, 40, '1'),
(52, 40, '4'),
(53, 40, '8'),
(94, 42, '0'),
(95, 42, '1'),
(98, 42, '12'),
(96, 42, '4'),
(97, 42, '8'),
(108, 49, '1'),
(111, 49, '12'),
(109, 49, '4'),
(110, 49, '8'),
(76, 50, '12'),
(74, 50, '4'),
(75, 50, '8'),
(154, 52, '0'),
(155, 52, '1'),
(158, 52, '12'),
(156, 52, '4'),
(157, 52, '8'),
(142, 55, '1'),
(143, 55, '4'),
(144, 55, '8'),
(138, 56, '0'),
(139, 56, '1'),
(140, 56, '4'),
(141, 56, '8'),
(117, 57, '0'),
(118, 57, '1'),
(121, 57, '12'),
(119, 57, '4'),
(120, 57, '8'),
(151, 62, '1'),
(152, 62, '4'),
(153, 62, '8'),
(159, 63, '0'),
(160, 63, '1'),
(163, 63, '12'),
(161, 63, '4'),
(162, 63, '8'),
(164, 64, '0'),
(165, 64, '1'),
(168, 64, '12'),
(166, 64, '4'),
(167, 64, '8');

-- --------------------------------------------------------

--
-- Table structure for table `babysitter_join_reasons`
--

CREATE TABLE `babysitter_join_reasons` (
  `id` bigint(20) UNSIGNED NOT NULL,
  `babysitter_id` int(10) UNSIGNED NOT NULL,
  `reason` varchar(255) COLLATE utf8_unicode_ci NOT NULL
) ENGINE=InnoDB DEFAULT CHARSET=utf8 COLLATE=utf8_unicode_ci;

--
-- Dumping data for table `babysitter_join_reasons`
--

INSERT INTO `babysitter_join_reasons` (`id`, `babysitter_id`, `reason`) VALUES
(6, 2, 'full_time_work_extra_work'),
(5, 2, 'living_abroad_looking_job'),
(3, 9, 'living_abroad_looking_job'),
(9, 23, 'find_nanny_job'),
(8, 23, 'full_time_work_extra_work'),
(7, 23, 'living_abroad_looking_job'),
(10, 23, 'travel_often_nanny_when_travel'),
(19, 33, 'find_nanny_job'),
(18, 33, 'living_abroad_looking_job'),
(20, 33, 'studying_training_experience'),
(21, 36, 'find_nanny_job'),
(22, 36, 'live_popular_destination'),
(23, 37, 'full_time_work_extra_work'),
(24, 37, 'live_popular_destination'),
(25, 38, 'find_nanny_job'),
(26, 40, 'find_nanny_job'),
(27, 42, 'full_time_work_extra_work'),
(32, 49, 'find_nanny_job'),
(33, 49, 'live_popular_destination'),
(29, 50, 'live_popular_destination'),
(28, 50, 'living_abroad_looking_job'),
(39, 52, 'live_popular_destination'),
(38, 52, 'living_abroad_looking_job'),
(40, 52, 'studying_training_experience'),
(44, 53, 'find_nanny_job'),
(45, 53, 'live_popular_destination'),
(30, 55, 'live_popular_destination'),
(31, 55, 'studying_training_experience'),
(41, 56, 'full_time_work_extra_work'),
(37, 57, 'live_popular_destination'),
(36, 57, 'living_abroad_looking_job'),
(47, 62, 'live_popular_destination'),
(49, 63, 'find_nanny_job'),
(50, 63, 'live_popular_destination'),
(48, 63, 'living_abroad_looking_job'),
(52, 64, 'find_nanny_job'),
(53, 64, 'live_popular_destination'),
(51, 64, 'living_abroad_looking_job');

-- --------------------------------------------------------

--
-- Table structure for table `babysitter_languages`
--

CREATE TABLE `babysitter_languages` (
  `id` bigint(20) UNSIGNED NOT NULL,
  `babysitter_id` int(10) UNSIGNED NOT NULL,
  `language_name` varchar(500) COLLATE utf8_unicode_ci NOT NULL,
  `language_level` varchar(255) COLLATE utf8_unicode_ci NOT NULL,
  `deleted_at` timestamp NULL DEFAULT NULL
) ENGINE=InnoDB DEFAULT CHARSET=utf8 COLLATE=utf8_unicode_ci;

--
-- Dumping data for table `babysitter_languages`
--

INSERT INTO `babysitter_languages` (`id`, `babysitter_id`, `language_name`, `language_level`, `deleted_at`) VALUES
(1, 2, 'pl', '1', '2020-06-22 14:25:11'),
(2, 2, 'en', '0', '2020-01-08 14:08:52'),
(3, 2, 'en', '0', '2020-06-22 14:25:11'),
(6, 9, 'pl', '2', NULL),
(8, 2, 'pl', '1', '2021-02-08 17:09:01'),
(9, 2, 'en', '0', '2021-02-08 17:09:01'),
(10, 23, 'bn', '1', NULL),
(11, 23, 'en', '2', NULL),
(12, 2, 'pl', '1', '2021-02-08 17:09:09'),
(13, 2, 'en', '0', '2021-02-08 17:09:09'),
(14, 2, 'pl', '1', '2021-02-08 17:09:44'),
(15, 2, 'en', '0', '2021-02-08 17:09:44'),
(16, 2, 'pl', '1', '2021-02-08 17:10:26'),
(17, 2, 'en', '0', '2021-02-08 17:10:26'),
(18, 2, 'pl', '1', NULL),
(19, 2, 'en', '0', NULL),
(27, 33, 'it', '2', NULL),
(28, 33, 'en', '2', NULL),
(29, 33, 'fr', '1', NULL),
(30, 36, 'it', '2', NULL),
(31, 36, 'en', '2', NULL),
(32, 36, 'es', '1', NULL),
(33, 37, 'be', '1', '2022-01-26 21:52:16'),
(34, 37, 'be', '1', NULL),
(35, 38, 'en', '2', '2022-02-06 22:30:28'),
(36, 38, 'de', '0', '2022-02-06 22:30:28'),
(37, 38, 'fa', '2', '2022-02-06 22:30:28'),
(38, 38, 'en', '2', NULL),
(39, 38, 'de', '0', NULL),
(40, 38, 'fa', '2', NULL),
(41, 40, 'it', '2', NULL),
(42, 40, 'en', '2', NULL),
(43, 40, 'ru', '1', NULL),
(44, 40, 'es', '1', NULL),
(45, 42, 'en', '2', '2022-02-21 10:56:38'),
(46, 42, 'es', '2', '2022-02-21 10:56:38'),
(47, 42, 'ca', '2', '2022-02-21 10:56:38'),
(48, 42, 'it', '1', '2022-02-21 10:56:38'),
(49, 42, 'en', '2', '2022-02-21 10:57:15'),
(50, 42, 'es', '2', '2022-02-21 10:57:15'),
(51, 42, 'ca', '2', '2022-02-21 10:57:15'),
(52, 42, 'it', '1', '2022-02-21 10:57:15'),
(53, 42, 'en', '2', '2022-02-21 10:57:34'),
(54, 42, 'es', '2', '2022-02-21 10:57:34'),
(55, 42, 'ca', '2', '2022-02-21 10:57:34'),
(56, 42, 'it', '1', '2022-02-21 10:57:34'),
(57, 42, 'en', '2', '2022-02-22 08:45:11'),
(58, 42, 'es', '2', '2022-02-22 08:45:11'),
(59, 42, 'ca', '2', '2022-02-22 08:45:11'),
(60, 42, 'it', '1', '2022-02-22 08:45:11'),
(61, 50, 'en', '2', NULL),
(62, 50, 'fr', '0', NULL),
(63, 55, 'en', '2', '2022-02-22 08:44:47'),
(64, 55, 'es', '2', '2022-02-22 08:44:47'),
(65, 55, 'en', '2', '2022-02-22 08:44:58'),
(66, 55, 'es', '2', '2022-02-22 08:44:58'),
(67, 55, 'en', '2', '2022-02-22 08:45:19'),
(68, 55, 'es', '2', '2022-02-22 08:45:19'),
(69, 42, 'en', '2', '2022-02-22 09:21:44'),
(70, 42, 'es', '2', '2022-02-22 09:21:44'),
(71, 42, 'ca', '2', '2022-02-22 09:21:44'),
(72, 42, 'it', '1', '2022-02-22 09:21:44'),
(73, 55, 'en', '2', '2022-02-22 12:16:19'),
(74, 55, 'es', '2', '2022-02-22 12:16:19'),
(75, 42, 'en', '2', NULL),
(76, 42, 'es', '2', NULL),
(77, 42, 'ca', '2', NULL),
(78, 42, 'it', '1', NULL),
(79, 49, 'en', '2', '2022-02-22 10:23:25'),
(80, 49, 'es', '0', '2022-02-22 10:23:25'),
(81, 49, 'it', '2', '2022-02-22 10:23:25'),
(82, 57, 'it', '1', '2022-02-22 10:24:20'),
(83, 57, 'hy', '2', '2022-02-22 10:24:20'),
(84, 57, 'ar', '2', '2022-02-22 10:24:20'),
(85, 49, 'en', '2', NULL),
(86, 49, 'es', '0', NULL),
(87, 49, 'it', '2', NULL),
(88, 57, 'it', '1', '2022-02-22 10:39:37'),
(89, 57, 'hy', '2', '2022-02-22 10:39:37'),
(90, 57, 'ar', '2', '2022-02-22 10:39:37'),
(91, 57, 'it', '1', NULL),
(92, 57, 'hy', '2', NULL),
(93, 57, 'ar', '2', NULL),
(94, 56, 'nl', '2', '2022-02-22 10:57:08'),
(95, 56, 'en', '1', '2022-02-22 10:57:08'),
(96, 56, 'it', '2', '2022-02-22 10:57:08'),
(97, 56, 'nl', '2', '2022-02-22 12:25:22'),
(98, 56, 'en', '1', '2022-02-22 12:25:22'),
(99, 56, 'it', '2', '2022-02-22 12:25:22'),
(100, 52, 'fr', '2', '2022-02-22 16:42:07'),
(101, 52, 'en', '2', '2022-02-22 16:42:07'),
(102, 52, 'it', '1', '2022-02-22 16:42:07'),
(103, 52, 'nl', '0', '2022-02-22 16:42:07'),
(104, 55, 'en', '2', '2022-02-22 12:43:04'),
(105, 55, 'es', '2', '2022-02-22 12:43:04'),
(106, 56, 'nl', '2', NULL),
(107, 56, 'en', '1', NULL),
(108, 56, 'it', '2', NULL),
(109, 55, 'en', '2', NULL),
(110, 55, 'es', '2', NULL),
(111, 55, 'it', '2', NULL),
(112, 62, 'en', '2', '2022-02-22 15:10:18'),
(113, 62, 'es', '2', '2022-02-22 15:10:18'),
(114, 62, 'en', '2', '2022-02-22 15:11:00'),
(115, 62, 'es', '2', '2022-02-22 15:11:00'),
(116, 62, 'en', '2', NULL),
(117, 62, 'es', '2', NULL),
(118, 52, 'fr', '2', NULL),
(119, 52, 'en', '2', NULL),
(120, 52, 'it', '1', NULL),
(121, 52, 'nl', '0', NULL),
(122, 63, 'en', '2', NULL),
(123, 63, 'es', '1', NULL),
(124, 63, 'it', '0', NULL),
(125, 63, 'ga', '2', NULL),
(126, 64, 'en', '2', NULL),
(127, 64, 'fr', '0', NULL),
(128, 64, 'ar', '0', NULL),
(129, 64, 'fa', '2', NULL),
(130, 64, 'ja', '0', NULL);

-- --------------------------------------------------------

--
-- Table structure for table `babysitter_payouts`
--

CREATE TABLE `babysitter_payouts` (
  `id` bigint(20) UNSIGNED NOT NULL,
  `deleted_at` timestamp NULL DEFAULT NULL,
  `created_at` timestamp NULL DEFAULT NULL,
  `updated_at` timestamp NULL DEFAULT NULL,
  `published` tinyint(1) NOT NULL DEFAULT '0',
  `invoice_id` bigint(20) DEFAULT NULL,
  `amount` bigint(20) DEFAULT NULL,
  `bank_details_id` bigint(20) NOT NULL,
  `transferwise_payment_id` bigint(20) DEFAULT NULL
) ENGINE=InnoDB DEFAULT CHARSET=utf8 COLLATE=utf8_unicode_ci;

-- --------------------------------------------------------

--
-- Table structure for table `babysitter_reviews`
--

CREATE TABLE `babysitter_reviews` (
  `id` int(10) UNSIGNED NOT NULL,
  `deleted_at` timestamp NULL DEFAULT NULL,
  `created_at` timestamp NULL DEFAULT NULL,
  `updated_at` timestamp NULL DEFAULT NULL,
  `published` tinyint(1) NOT NULL DEFAULT '0',
  `title` varchar(200) COLLATE utf8_unicode_ci DEFAULT NULL,
  `description` text COLLATE utf8_unicode_ci,
  `babysitter_id` int(10) UNSIGNED DEFAULT NULL,
  `booking_id` int(10) UNSIGNED DEFAULT NULL,
  `score` smallint(5) UNSIGNED DEFAULT NULL
) ENGINE=InnoDB DEFAULT CHARSET=utf8 COLLATE=utf8_unicode_ci;

--
-- Dumping data for table `babysitter_reviews`
--

INSERT INTO `babysitter_reviews` (`id`, `deleted_at`, `created_at`, `updated_at`, `published`, `title`, `description`, `babysitter_id`, `booking_id`, `score`) VALUES
(1, NULL, '2019-12-02 21:00:31', '2019-12-02 21:00:45', 1, 'Test title', 'Test content. Good review', 2, NULL, 5),
(2, NULL, '2022-01-26 21:06:36', '2022-01-26 21:06:36', 0, 'Great service for families!', NULL, NULL, NULL, NULL),
(3, NULL, '2022-02-21 11:52:27', '2022-02-21 12:01:34', 1, 'Amazing babysitter!', 'Annis was a great sitter, highly recommend!', NULL, NULL, 5);

-- --------------------------------------------------------

--
-- Table structure for table `babysitter_skills`
--

CREATE TABLE `babysitter_skills` (
  `id` bigint(20) UNSIGNED NOT NULL,
  `babysitter_id` int(10) UNSIGNED NOT NULL,
  `skill_code` varchar(191) COLLATE utf8_unicode_ci NOT NULL,
  `deleted_at` timestamp NULL DEFAULT NULL
) ENGINE=InnoDB DEFAULT CHARSET=utf8 COLLATE=utf8_unicode_ci;

--
-- Dumping data for table `babysitter_skills`
--

INSERT INTO `babysitter_skills` (`id`, `babysitter_id`, `skill_code`, `deleted_at`) VALUES
(1, 2, 'own_car', NULL),
(6, 33, 'holiday_nanny', NULL),
(7, 33, 'weekend_babysitter', NULL),
(8, 33, 'flexible_hours', NULL),
(9, 33, 'language_or_special_tutoring', NULL),
(10, 33, 'own_car', NULL),
(11, 9, 'own_car', NULL),
(12, 9, 'weekend_babysitter', NULL),
(13, 9, 'flexible_hours', NULL),
(14, 9, 'holiday_nanny', NULL),
(15, 9, 'event_babysitter', NULL),
(16, 9, 'flight_travel_babysitting', NULL),
(17, 9, 'language_or_special_tutoring', NULL),
(18, 37, 'own_car', '2022-01-26 21:53:31'),
(19, 37, 'holiday_nanny', '2022-01-26 21:53:31'),
(20, 37, 'event_babysitter', '2022-01-26 21:53:31'),
(21, 37, 'language_or_special_tutoring', '2022-01-26 21:53:31'),
(22, 37, 'weekend_babysitter', '2022-01-26 21:53:31'),
(23, 37, 'own_car', '2022-01-26 22:10:52'),
(24, 37, 'holiday_nanny', '2022-01-26 22:10:52'),
(25, 37, 'event_babysitter', '2022-01-26 22:10:52'),
(26, 37, 'language_or_special_tutoring', '2022-01-26 22:10:52'),
(27, 37, 'weekend_babysitter', '2022-01-26 22:10:52'),
(28, 37, 'own_car', NULL),
(29, 37, 'holiday_nanny', NULL),
(30, 37, 'event_babysitter', NULL),
(31, 37, 'language_or_special_tutoring', NULL),
(32, 37, 'weekend_babysitter', NULL),
(33, 42, 'holiday_nanny', '2022-02-22 09:48:35'),
(34, 42, 'event_babysitter', '2022-02-22 09:48:35'),
(35, 42, 'language_or_special_tutoring', '2022-02-22 09:48:35'),
(36, 42, 'flight_travel_babysitting', '2022-02-22 09:48:35'),
(37, 42, 'holiday_nanny', NULL),
(38, 42, 'event_babysitter', NULL),
(39, 42, 'language_or_special_tutoring', NULL),
(40, 42, 'flight_travel_babysitting', NULL),
(41, 49, 'holiday_nanny', NULL),
(42, 49, 'event_babysitter', NULL),
(43, 49, 'language_or_special_tutoring', NULL),
(44, 49, 'weekend_babysitter', NULL),
(45, 57, 'holiday_nanny', '2022-02-22 10:37:14'),
(46, 57, 'event_babysitter', '2022-02-22 10:37:14'),
(47, 57, 'language_or_special_tutoring', '2022-02-22 10:37:14'),
(48, 57, 'weekend_babysitter', '2022-02-22 10:37:14'),
(49, 57, 'flexible_hours', '2022-02-22 10:37:14'),
(50, 57, 'flight_travel_babysitting', '2022-02-22 10:37:14'),
(51, 57, 'holiday_nanny', NULL),
(52, 57, 'event_babysitter', NULL),
(53, 57, 'language_or_special_tutoring', NULL),
(54, 57, 'weekend_babysitter', NULL),
(55, 57, 'flexible_hours', NULL),
(56, 57, 'flight_travel_babysitting', NULL),
(57, 55, 'own_car', NULL),
(58, 55, 'event_babysitter', NULL),
(59, 55, 'language_or_special_tutoring', NULL),
(60, 52, 'weekend_babysitter', '2022-02-22 16:20:35'),
(61, 52, 'holiday_nanny', '2022-02-22 16:33:52'),
(62, 52, 'language_or_special_tutoring', '2022-02-22 16:33:52'),
(63, 52, 'weekend_babysitter', '2022-02-22 16:33:52'),
(64, 52, 'flexible_hours', '2022-02-22 16:33:52'),
(65, 52, 'holiday_nanny', NULL),
(66, 52, 'language_or_special_tutoring', NULL),
(67, 52, 'weekend_babysitter', NULL),
(68, 52, 'flexible_hours', NULL);

-- --------------------------------------------------------

--
-- Table structure for table `babysitter_slugs`
--

CREATE TABLE `babysitter_slugs` (
  `id` int(10) UNSIGNED NOT NULL,
  `deleted_at` timestamp NULL DEFAULT NULL,
  `created_at` timestamp NULL DEFAULT NULL,
  `updated_at` timestamp NULL DEFAULT NULL,
  `slug` varchar(191) COLLATE utf8_unicode_ci NOT NULL,
  `locale` varchar(7) COLLATE utf8_unicode_ci NOT NULL,
  `active` tinyint(1) NOT NULL,
  `babysitter_id` int(10) UNSIGNED NOT NULL
) ENGINE=InnoDB DEFAULT CHARSET=utf8 COLLATE=utf8_unicode_ci;

-- --------------------------------------------------------

--
-- Table structure for table `blocks`
--

CREATE TABLE `blocks` (
  `id` int(10) UNSIGNED NOT NULL,
  `blockable_id` int(10) UNSIGNED DEFAULT NULL,
  `blockable_type` varchar(191) COLLATE utf8_unicode_ci DEFAULT NULL,
  `position` int(10) UNSIGNED NOT NULL,
  `content` text COLLATE utf8_unicode_ci NOT NULL,
  `type` varchar(191) COLLATE utf8_unicode_ci NOT NULL,
  `child_key` varchar(191) COLLATE utf8_unicode_ci DEFAULT NULL,
  `parent_id` int(10) UNSIGNED DEFAULT NULL
) ENGINE=InnoDB DEFAULT CHARSET=utf8 COLLATE=utf8_unicode_ci;

--
-- Dumping data for table `blocks`
--

INSERT INTO `blocks` (`id`, `blockable_id`, `blockable_type`, `position`, `content`, `type`, `child_key`, `parent_id`) VALUES
(981, 20, 'pages', 1, '{\"content\":\"<p>Travel has never been so child friendly!<\\/p>\"}', 'tripsitta_slogan', NULL, NULL),
(982, 20, 'pages', 2, '{\"html\":\"<p><strong>Tripsitta - Privacy Policy<\\/strong><\\/p><p><br><\\/p><p>At Tripsitta.com, your privacy is a priority. We appreciate that you put your trust in us when you provide us with your information.&nbsp;<strong>We strive to be as clear as possible about how we process your data<\\/strong>. Our Privacy Policy has been written in simple language so you can fully understand our privacy practices!<\\/p><p>&nbsp;<\\/p><p><strong>PRIVACY POLICY<\\/strong><\\/p><p>&nbsp;<\\/p><p>This Policy describes our privacy practices clearly, keeping legal and technical jargon to a minimum.<\\/p><p>&nbsp;<\\/p><p>This Privacy Policy applies from the 12th February 2019.&nbsp;&nbsp;&nbsp;<\\/p><p>&nbsp;<\\/p><p><strong>1.&nbsp;&nbsp;&nbsp;&nbsp;&nbsp;WHO WE ARE<\\/strong><\\/p><p>&nbsp;<\\/p><p>The data controller responsible for your information under this Privacy Policy is:<\\/p><p>&nbsp;<\\/p><p>Privacy Officer, 6 Penand Road, Bexhill On Sea, East Sussex, TN40 2JG, England.<br><\\/p><p>&nbsp;<\\/p><p><strong>2.&nbsp;&nbsp;&nbsp;&nbsp;&nbsp;WHERE THIS PRIVACY POLICY APPLIES<\\/strong><\\/p><p>&nbsp;<\\/p><p>This Privacy Policy applies to the Tripsitta.com&nbsp;website. For simplicity, we may refer to the website Tripsitta.com as \\u201cservices\\u201d in this Privacy Policy.<\\/p><p>&nbsp;<\\/p><p><strong>3.&nbsp;&nbsp;&nbsp;&nbsp;&nbsp;INFORMATION WE COLLECT<\\/strong><\\/p><p>&nbsp;<\\/p><p>In order to operate Tripsitta.com we need to gather information from you, such as basic profile details \\u2013 your name, address, contact number and other data. We also collect information generated as you use our services, for example access logs, as well as information from third parties, like when you access our services through a social media account. We go into more detail about this below.<\\/p><p>&nbsp;<\\/p><p><strong>Information you give us<\\/strong><\\/p><p>&nbsp;<\\/p><p>You choose to give us certain information when using our services. This includes:<\\/p><p>&nbsp;<\\/p><p>When you create an account, you provide us with your login credentials, as well as some basic details necessary for the service to work, such as your date of birth and location. If you are a babysitter you will need to provide us with information about your experience in childcare, your availability and other information which will allow families to search and find your profile.<\\/p><p>&nbsp;<\\/p><p>When you complete your profile, you can share with us additional information, such as details on your personality, interests and other details about you, as well as photos. To add certain content, you may allow us to access your camera, photo album or files on your computer.<\\/p><p>When you subscribe to a paid service or make a purchase directly from us you provide us or our payment service provider with information, such as your debit or credit card number or other financial information.<\\/p><p>When you participate in surveys you give us your insights into our products and services, responses to our questions and testimonials.<\\/p><p>When you choose to participate in our promotions, events or contests, we collect the information that you use to register or enter.<\\/p><p>If you contact our team, we may collect the information you give us for training purposes and to ensure a high quality of service.<\\/p><p>We also process your messages with other users as well as the content you publish, job postings and applications as part of the operation of the services.<\\/p><p>&nbsp;<\\/p><p><strong>Information we receive from others<\\/strong><\\/p><p>&nbsp;<\\/p><p>In addition to the information you provide to us directly, we receive information about you from others, including:<\\/p><p>&nbsp;<\\/p><p>\\u00b7&nbsp;&nbsp;&nbsp;&nbsp;&nbsp;&nbsp;&nbsp;&nbsp;&nbsp;<strong>Other Users<\\/strong><\\/p><p>&nbsp;<\\/p><p>Other users may provide information about you as they use our services. For instance, we may collect information about you from other users if they write a review about you or contact us about you.<\\/p><p>&nbsp;<\\/p><p>\\u00b7&nbsp;&nbsp;&nbsp;&nbsp;&nbsp;&nbsp;&nbsp;&nbsp;&nbsp;<strong>Social Media<\\/strong><\\/p><p>&nbsp;<\\/p><p>You may be able to use your social media login (such as Facebook Login) to log into your Tripsitta account.&nbsp;This saves allows you to share some information from your social media account with us.<\\/p><p>&nbsp;<\\/p><p>\\u00b7&nbsp;&nbsp;&nbsp;&nbsp;&nbsp;&nbsp;&nbsp;&nbsp;&nbsp;<strong>Other Partners<\\/strong><\\/p><p>&nbsp;<\\/p><p>We may receive info about you from our partners, for instance when Tripsitta accounts can be created through a partner\\u2019s websites (in which case they pass along registration information to us) or where Tripsitta ads are published on a partner\\u2019s websites and platforms (in which case they may pass along details on a campaign\\u2019s success).<br><\\/p><p>&nbsp;<\\/p><p><strong>Information collected when you use our services<\\/strong><\\/p><p>&nbsp;<\\/p><p>When you use our services, we collect information about which features you\\u2019ve used, how you\\u2019ve used them and the devices you use to access our services.&nbsp;See below for more details:<\\/p><p>&nbsp;<\\/p><p>\\u00b7&nbsp;&nbsp;&nbsp;&nbsp;&nbsp;&nbsp;&nbsp;&nbsp;&nbsp;<strong>Usage Information<\\/strong><\\/p><p>&nbsp;<\\/p><p>We collect information about your activity on our services, for instance how you use them (e.g., date and time you logged in, features you\\u2019ve been using, searches, clicks and pages which have been shown to you and how you interact with other users (e.g., users you connect and interact with, the number of messages you send and receive).<\\/p><p>&nbsp;<\\/p><p>\\u00b7&nbsp;&nbsp;&nbsp;&nbsp;&nbsp;&nbsp;&nbsp;&nbsp;&nbsp;<strong>Device information<\\/strong><\\/p><p>&nbsp;<\\/p><p>We collect information from and about the device(s) you use to access our services, including:<\\/p><p>&nbsp;<\\/p><p>\\u00b7&nbsp;&nbsp;&nbsp;&nbsp;&nbsp;&nbsp;&nbsp;&nbsp;&nbsp;hardware and software information such as IP address, device ID and type, device-specific and apps settings and characteristics, app crashes, advertising IDs (such as Google\\u2019s AAID and Apple\\u2019s IDFA, both of which are randomly generated numbers that you can reset by going into your device\\u2019 settings), browser type, version and language, operating system, time zones, identifiers associated with cookies or other technologies that may uniquely identify your device or browser (e.g., IMEI\\/UDID and MAC address);<\\/p><p>&nbsp;<\\/p><p>information on your wireless and mobile network connection, like your service provider and signal strength;<\\/p><p>information on device sensors such as accelerometers, gyroscopes and compasses.<\\/p><p>&nbsp;<\\/p><p><strong>Other information with your consent<\\/strong><\\/p><p>&nbsp;<\\/p><p>If you give us permission, we can collect your precise geolocation (latitude and longitude) through various means, depending on the service and device you\\u2019re using, including GPS, Bluetooth or Wi-Fi connections.&nbsp;The collection of your geolocation may occur in the background even when you aren\\u2019t using the services if the permission you gave us expressly permits such collection.&nbsp;If you decline permission for us to collect your geolocation, we will not collect it.<\\/p><p>&nbsp;<\\/p><p><strong>4.&nbsp;&nbsp;&nbsp;&nbsp;&nbsp;COOKIES AND OTHER SIMILAR DATA COLLECTION TECHNOLOGIES<\\/strong><\\/p><p>&nbsp;<\\/p><p>We use and may allow others to use cookies and similar technologies (e.g., web beacons, pixels) to recognize you and\\/or your device(s). You may read our&nbsp;<u>Cookie Policy&nbsp;<\\/u>for more information on why we use them (such as authenticating you, remembering your preferences and settings, analyzing site traffic and trends, delivering and measuring the effectiveness of advertising campaigns, allowing you to use social features) and how you can better control their use, through your browser settings and other tools.<\\/p><p>&nbsp;<\\/p><p><strong>5.&nbsp;&nbsp;&nbsp;&nbsp;&nbsp;HOW WE USE INFORMATION<\\/strong><\\/p><p>&nbsp;<\\/p><p>The main reason we use your information is to deliver and improve our services.&nbsp;Additionally, we use your info to help keep you safe and to provide you with advertising that may be of interest to you.&nbsp;Read on for a more detailed explanation of the various reasons we use your information, together with practical examples.<\\/p><p>&nbsp;<\\/p><p><strong>To administer your account and provide our services to you<\\/strong><\\/p><p>&nbsp;<\\/p><p>\\u00b7&nbsp;&nbsp;&nbsp;&nbsp;&nbsp;&nbsp;&nbsp;&nbsp;&nbsp;Create and manage your account<\\/p><p>&nbsp;<\\/p><p>Provide you with customer support and respond to your requests<\\/p><p>Complete your transactions<\\/p><p>Communicate with you about our services, including order management and billing<\\/p><p>&nbsp;<\\/p><p><strong>To help you connect with other users<\\/strong><\\/p><p>&nbsp;<\\/p><p>\\u00b7&nbsp;&nbsp;&nbsp;&nbsp;&nbsp;&nbsp;&nbsp;&nbsp;&nbsp;Analyze your profile and that of other users to help users to find babysitters or jobs that have been posted on our site.<\\/p><p>&nbsp;<\\/p><p><strong>To ensure a consistent experience across your devices<\\/strong><\\/p><p>&nbsp;<\\/p><p>\\u00b7&nbsp;&nbsp;&nbsp;&nbsp;&nbsp;&nbsp;&nbsp;&nbsp;&nbsp;Link the various devices you use so that you can enjoy a consistent experience of our services on all of them. We do this by linking devices and browser data, such as when you log into your account on different devices or by using partial or full IP address, browser version and similar data about your devices to help identify and link them.<\\/p><p>&nbsp;<\\/p><p><strong>To serve you relevant offers and ads<\\/strong><\\/p><p>&nbsp;<\\/p><p>\\u00b7&nbsp;&nbsp;&nbsp;&nbsp;&nbsp;&nbsp;&nbsp;&nbsp;&nbsp;Develop, display and track content and advertising tailored to your interests on our services and other sites<\\/p><p>&nbsp;<\\/p><p>\\u00b7&nbsp;&nbsp;&nbsp;&nbsp;&nbsp;&nbsp;&nbsp;&nbsp;&nbsp;Communicate with you by email, phone, social media or mobile device about products or services that we think may interest you<\\/p><p>&nbsp;<\\/p><p><strong>To improve our services and develop new ones<\\/strong><\\/p><p>&nbsp;<\\/p><p>i)&nbsp;&nbsp;&nbsp;&nbsp;&nbsp;&nbsp;&nbsp;&nbsp;Conduct research and analysis of users\\u2019 behavior to improve our services and content (for instance, we may decide to change the look and feel or even substantially modify a given feature based on users\\u2019 behavior)<\\/p><p>&nbsp;<\\/p><p>ii)&nbsp;&nbsp;&nbsp;&nbsp;&nbsp;&nbsp;&nbsp;Develop new features and services (for example, we may decide to build a new interests-based feature further to requests received from users).<\\/p><p>&nbsp;<\\/p><p><strong>To prevent, detect and fight fraud or other illegal or unauthorized activities<\\/strong><\\/p><p>&nbsp;<\\/p><p>Address ongoing or alleged misbehavior on and off-platform<\\/p><p>Perform data analysis to better understand and design countermeasures against these activities<\\/p><p>Retain data related to fraudulent activities to prevent against recurrences<\\/p><p>&nbsp;<\\/p><p><strong>To ensure legal compliance<\\/strong><\\/p><p>&nbsp;<\\/p><p>Comply with legal requirements<\\/p><p>Assist law enforcement<\\/p><p>Enforce or exercise our rights, for example our Terms<\\/p><p>&nbsp;<\\/p><p><strong>To process your information as described above, we rely on the following legal bases:<\\/strong><\\/p><p>&nbsp;<\\/p><p><strong>Provide our service to you:<\\/strong>&nbsp;Most of the time, the reason we process your information is to perform the contract that you have with us. For instance, as you go about using our service, we use your information to maintain your account and your profile, to make it viewable to other users and help connect families and babysitters registered on our service.<\\/p><p><strong>Legitimate interests:<\\/strong>&nbsp;We may use your information where we have legitimate interests to do so. For instance, we analyze users\\u2019 behavior on our services to continuously improve our offerings, we suggest offers we think might interest you, and we process information for administrative, fraud detection and other legal purposes.<\\/p><p><strong>Consent<\\/strong>: From time to time, we may ask for your consent to use your information for certain specific reasons. You may withdraw your consent at any time by contacting us at the address provided at the end of this Privacy Policy.<\\/p><p>&nbsp;<\\/p><p><strong>6.&nbsp;&nbsp;&nbsp;&nbsp;&nbsp;HOW WE SHARE INFORMATION<\\/strong><\\/p><p>&nbsp;<\\/p><p>Since our goal is to help users to search for babysitters or to find work, the main sharing of users\\u2019 information is, of course, with other users. We also share some users\\u2019 information with service providers and partners who assist us in operating the services and, in some cases, legal authorities. Read on for more details about how your information is shared with others.<\\/p><p>&nbsp;<\\/p><p><strong>With other users<\\/strong><\\/p><p>&nbsp;<\\/p><p>You share information with other users when you voluntarily disclose information on the service (including your public profile). Please be careful with your information and make sure that you are comfortable to share anything you post with other users and the public since neither you nor we can control what others do with your information once you share it.<\\/p><p>&nbsp;<\\/p><p>If you choose to limit the audience for all or part of your profile or for certain content or information about you, then it will be visible according to your settings.<\\/p><p>&nbsp;<\\/p><p><strong>With our service providers and partners<\\/strong><\\/p><p>&nbsp;<\\/p><p>We use third parties to help us operate and improve our services.&nbsp;These third parties assist us with various tasks, including data hosting and maintenance, analytics, customer care, marketing, advertising, payment processing and security operations.<\\/p><p>&nbsp;<\\/p><p>We may also share information with partners who distribute and assist us in advertising our services. For instance, we may share limited anonymous information about you to advertising partners.<\\/p><p>&nbsp;<\\/p><p>We follow a strict vetting process prior to engaging any service provider or working with any partner.&nbsp;All of our service providers and partners must agree to strict confidentiality obligations.<\\/p><p>&nbsp;<\\/p><p><strong>With our Partners<\\/strong><\\/p><p>&nbsp;<\\/p><p>Tripsitta Ltd is affiliated with International Babysitters Ltd.<\\/p><p>&nbsp;<\\/p><p>We may share your information with International Babysitters Ltd to benefit you in two respects:<\\/p><p>&nbsp;<\\/p><p>for assistance provided including technical processing operations, data hosting and maintenance, customer care, marketing and targeted advertising, finance and accounting assistance, better understanding how our service is used and users\\u2019 behavior to improve our service, securing our data and systems and fighting against spam, abuse, fraud, infringement and other wrongdoings.<\\/p><p>To inform babysitters and childcare providers of suitable work opportunities.<\\/p><p>&nbsp;<\\/p><p>We may also share user information to remove users who violate our terms of service, or have been reported for misuse of our sevice and\\/or bad behavior.<\\/p><p>&nbsp;<\\/p><p><strong>For corporate transactions<\\/strong><\\/p><p>&nbsp;<\\/p><p>We may transfer your information if we are involved, whether in whole or in part, in a merger, sale, acquisition, divestiture, restructuring, reorganization, dissolution, bankruptcy or other change of ownership or control.<\\/p><p>&nbsp;<\\/p><p><strong>When required by law<\\/strong><\\/p><p>&nbsp;<\\/p><p>We may disclose your information if reasonably necessary: (i) to comply with a legal process, such as a court order, subpoena or search warrant, government \\/ law enforcement investigation or other legal requirements; (ii) to assist in the prevention or detection of crime (subject in each case to applicable law); or (iii) to protect the safety of any person.<\\/p><p>&nbsp;<\\/p><p><strong>To enforce legal rights<\\/strong><\\/p><p>&nbsp;<\\/p><p>We may also share information: (i) if disclosure would mitigate our liability in an actual or threatened lawsuit; (ii) as necessary to protect our legal rights and legal rights of our users, business partners or other interested parties; (iii) to enforce our agreements with you; and (iv) to investigate, prevent, or take other action regarding illegal activity, suspected fraud or other wrongdoing.<\\/p><p>&nbsp;<\\/p><p><strong>With your consent or at your request<\\/strong><\\/p><p>&nbsp;<\\/p><p>We may ask for your consent to share your information with third parties. In any such case, we will make it clear why we want to share the information.<\\/p><p>&nbsp;<\\/p><p>We may use and share non-personal information (meaning information that, by itself, does not identify who you are such as device information, general demographics, general behavioral data, geolocation in de-identified form), as well as personal information in hashed, non-human readable form, under any of the above circumstances.&nbsp;We may also share this information with other third parties (notably advertisers) to develop and deliver targeted advertising on our services and to analyze and report on advertising you see. We may combine this information with additional non-personal information or personal information in hashed, non-human readable form collected from other sources. More information on our use of cookies and similar technologies can be found in our&nbsp;<u>Cookie Policy link<\\/u><br><\\/p><p>&nbsp;<\\/p><p><strong>7.&nbsp;&nbsp;&nbsp;&nbsp;&nbsp;CROSS-BORDER DATA TRANSFERS<\\/strong><\\/p><p>&nbsp;<\\/p><p>Sharing of information laid out in Section 6 sometimes involves cross-border data transfers, for instance to the United States of America and other jurisdictions. As an example, where the service allows for users to be located in the European Economic Area (\\u201cEEA\\u201d), their personal information is transferred to countries outside of the EEA. We use standard contract clauses approved by the European Commission or other suitable safeguard to permit data transfers from the EEA to other countries.&nbsp;Standard contractual clauses are commitments between companies transferring personal data, binding them to protect the privacy and security of your data.<\\/p><p>&nbsp;<\\/p><p><strong>8.&nbsp;&nbsp;&nbsp;&nbsp;&nbsp;YOUR RIGHTS<\\/strong><\\/p><p>&nbsp;<\\/p><p>We want you to be in control of your information, so we have provided you with the following tools:<\\/p><p>&nbsp;<\\/p><p><strong><u>Access \\/ Update profile tools in the service<\\/u><\\/strong>. Account settings that help you to access, rectify or delete information that you provided to us and that\\u2019s associated with your account directly within the service. If you have any question on those tools and settings, please contact our customer care team for help by emailing&nbsp;<a href=\\\"mailto:help@tripsitta.com\\\" style=\\\"color: rgb(0, 113, 189);\\\">help@tripsitta.com<\\/a><\\/p><p><strong><u>Device permissions<\\/u>.<\\/strong>&nbsp;Mobile platforms have permission systems for specific types of device data and notifications, such as phone book and location services as well as push notifications. You can change your settings on your device to either consent or oppose the collection of the corresponding information or the display of the corresponding notifications. Of course, if you do that, certain services may lose full functionality.<\\/p><p><strong><u>Deletion<\\/u>.<\\/strong>&nbsp;You can delete your account by using the corresponding functionality directly on the service.<\\/p><p>&nbsp;<\\/p><p>We want you to be aware of your privacy rights. Here are a few key points to remember:<\\/p><p>&nbsp;<\\/p><p><strong><u>Reviewing your information<\\/u>.<\\/strong>&nbsp;Applicable privacy laws may give you the right to review the personal information we keep about you (depending on the jurisdiction, this may be called right of access, right of portability or variations of those terms). You can request a copy of your personal information by emailing&nbsp;<a href=\\\"mailto:help@tripsitta.com\\\" style=\\\"color: rgb(0, 113, 189);\\\">help@tripsitta.com<\\/a><\\/p><p><strong><u>Updating your information<\\/u>.<\\/strong>&nbsp;If you believe that the information we hold about you is inaccurate or that we are no longer entitled to use it and want to request its rectification, deletion or object to its processing, please email&nbsp;<a href=\\\"mailto:help@tripsitta.com\\\" style=\\\"color: rgb(0, 113, 189);\\\">help@tripsitta.com<\\/a><\\/p><p>&nbsp;<\\/p><p>For your protection and the protection of all of our users, we may ask you to provide proof of identity before we can answer the above requests.<\\/p><p>&nbsp;<\\/p><p>Keep in mind, we may reject requests for certain reasons, including if the request is unlawful or if it may infringe on trade secrets or intellectual property or the privacy of another user.&nbsp;If you wish to receive information relating to another user, such as a copy of any messages you received from him or her through our service, the other user will have to contact our Privacy Officer to provide their written consent before the information is released.<\\/p><p>&nbsp;<\\/p><p>Also, we may not be able to accommodate certain requests to object to the processing of personal information, notably where such requests would not allow us to provide our service to you anymore.&nbsp;For instance, we cannot provide our service if we do not have your date of birth.<\\/p><p>&nbsp;<\\/p><p>&nbsp;<\\/p><p><strong>9.&nbsp;&nbsp;&nbsp;&nbsp;&nbsp;HOW WE PROTECT YOUR INFORMATION<\\/strong><\\/p><p>&nbsp;<\\/p><p>We work hard to protect you from unauthorised access to or alteration, disclosure or destruction of your personal information.&nbsp;As with all companies, although we take steps to secure your information, we do not promise, and you should not expect, that your personal information will always remain secure.<\\/p><p>&nbsp;<\\/p><p>We regularly monitor our systems for possible vulnerabilities and attacks and regularly review our information collection, storage and processing practices to update our physical, technical and organizational security measures.<\\/p><p>&nbsp;<\\/p><p>We may suspend your use of all or part of the services without notice if we suspect or detect any breach of security.&nbsp;If you believe that your account or information is no longer secure, please notify us immediately by emailing&nbsp;<a href=\\\"mailto:help@tripsitta.com\\\" style=\\\"color: rgb(0, 113, 189);\\\">help@tripsitta.com<\\/a><br><\\/p><p>&nbsp;<\\/p><p><strong>10.&nbsp;&nbsp;HOW LONG WE RETAIN YOUR INFORMATION<\\/strong><\\/p><p>&nbsp;<\\/p><p>We keep your personal information only as long as we need it for legitimate business purposes (as laid out in Section 5) and as permitted by applicable law. To protect the safety and security of our users on and off our services, we implement a safety retention window of one year following account deletion. During this period, account information will be retained although the account will of course not be visible on the services anymore.<\\/p><p>&nbsp;<\\/p><p>In practice, we delete your information upon deletion of your account (following the safety retention window) or after two years of continuous inactivity, unless:<\\/p><p>&nbsp;<\\/p><p>we must keep it to comply with applicable law (for instance, some \\u201ctraffic data\\u201d is kept for one year to comply with statutory data retention obligations);<\\/p><p>we must keep it to evidence our compliance with applicable law (for instance, records of consents to our Terms, Privacy Policy and other similar consents are kept for five years);<\\/p><p>there is an outstanding issue, claim or dispute requiring us to keep the relevant information until it is resolved; or<\\/p><p>the information must be kept for our legitimate business interests, such as fraud prevention and enhancing users\\u2019 safety and security. For example, information may need to be kept to prevent a user who was banned for unsafe behavior or security incidents from opening a new account.<\\/p><p>&nbsp;<\\/p><p>Keep in mind that even though our systems are designed to carry out data deletion processes according to the above guidelines, we cannot promise that all data will be deleted within a specific timeframe due to technical constraints.<br><\\/p><p>&nbsp;<\\/p><p><strong>11.&nbsp;&nbsp;CHILDREN\\u2019S PRIVACY<\\/strong><\\/p><p>&nbsp;<\\/p><p>Our services are restricted to users who are 18 years of age or older.&nbsp;We do not permit users under the age of 18 on our platform and we do not knowingly collect personal information from anyone under the age of 18.&nbsp;If you suspect that a user is under the age of 18, please use the reporting mechanism available through the service.<br><\\/p><p>&nbsp;<\\/p><p><strong>12.&nbsp;&nbsp;PRIVACY POLICY CHANGES<\\/strong><\\/p><p>&nbsp;<\\/p><p>As our service develops and grows this policy may change with it also over time.&nbsp;We will notify you before any material changes take effect so that you have time to review the changes.<br><\\/p><p>&nbsp;<\\/p><p><strong>13.&nbsp;&nbsp;HOW TO CONTACT US<\\/strong><\\/p><p>&nbsp;<\\/p><p>If you have questions about this Privacy Policy, here\\u2019s how you can reach us:<\\/p><p>&nbsp;<\\/p><p>Email:&nbsp;<a href=\\\"mailto:help@tripsitta.com\\\" style=\\\"color: rgb(0, 113, 189);\\\">help@tripsitta.com<\\/a><\\/p><p>&nbsp;<\\/p><p>By post:<\\/p><p>&nbsp;<\\/p><p>Privacy Officer<\\/p><p>&nbsp;<\\/p><p>6 Penland Road, Bexhill On Sea, East Sussex, TN40 2JG, England.<\\/p>\"}', 'text', NULL, NULL),
(1132, 17, 'pages', 1, '{\"column_setup\":1,\"title_font_size\":1,\"title\":\"Making travel child friendly!\",\"title_line_colour\":null,\"title_font_colour\":null,\"content\":\"<p>At Tripsitta we believe that travel should be child friendly and a great experience for the whole family!<\\/p><p>Our goal is to help parents to find quality childcare wherever they are travelling with their children and we are building our team of Tripsitta nannies around the world to make that vision a reality.<\\/p><p>For the modern Tripsitta family, travel is an important part of their lives. Whether they are travelling for work or leisure, they need childcare to be accessible and of a high quality and to have the choice and convenience they would expect to have in their home town.<\\/p><p>We promise to deliver quality childcare and give parents the choice and control over their childcare whenever they book with Tripsitta.<\\/p><p><br><\\/p>\",\"button_text\":\"Explore our Tripsitta nannies and babysitters!\",\"button_style\":\"secondary\",\"browsers\":{\"pages\":[5]}}', 'large_2_column', NULL, NULL),
(1133, 17, 'pages', 2, '{\"content\":\"<p>Book your Tripsitta holiday nanny or babysitter for your next vacation!<\\/p>\"}', 'tripsitta_slogan', NULL, NULL),
(1229, 18, 'pages', 1, '{\"content\":\"<p>The world is a playground for you to explore!<\\/p>\"}', 'tripsitta_slogan', NULL, NULL),
(1230, 18, 'pages', 2, '{}', 'image', NULL, NULL),
(1231, 18, 'pages', 3, '{}', 'divider', NULL, NULL),
(1232, 18, 'pages', 4, '{\"title_font_size\":null,\"column_setup\":1,\"content\":\"<p>Tripsitta was founded by a parent, for all the jet-setting families around the world who love to travel with their children. Emmy Yoshida the founder of Tripsitta was holidaying with her son in Italy for 6 weeks ,when the idea for the revolutionary new childcare website - Tripsitta.com came to her. Emmy wanted to experience some of the sights of the beautiful city of Florence that she knew would be neither appreciated or enjoyed by her then 5 year old son. She enquired about arranging a babysitter at local hotels so she could marvel at the world famous art collection in the Uffizi gallery while her son rested but was unable to find a babysitting service at a reasonable price and with enough information about the babysitter to give her the confidence required to leave her son.<\\/p><p>Although Emmy never did get to have a child-free trip to the art gallery on that vacation, she and her son fell so completely in love with the city of Florence that they moved there shortly after their holiday. The babysitting agency International Babysitters was then formed, a unique childcare service providing babysitters and holiday nannies to families visiting Florence on vacation. However Emmy still felt her dream of giving all families easy access to affordable and trustworthy babysitters around the world had not been fully realised. She wanted to provide a service in popular tourist destinations around the world, particularly in Europe_ not only to help the many families in need of childcare assistance while travelling with their children, but also to help the many deserving, kind and intelligent babysitters with a passion for childcare seeking work in these tourist destinations.<\\/p><p>Tripsitta was finally developed almost three years after Emmy Yoshida first had the vision for the company in the summer of 2016.<\\/p><p>Tripsitta is dedicated to providing families who travel with their kids a platform to find babysitters, holiday nannies, language tutors and travel companions around the world. Tripsitta is also giving many talented childcare providers the chance to find their own work opportunities in European holiday destinations.<\\/p>\",\"title\":\"\\\"We understand the modern family. because we are a modern family.\\\"\",\"button_text\":\"Explore our holiday nannies and babysitters\",\"button_style\":\"dark\"}', 'large_2_column', NULL, NULL),
(1237, 10, 'pages', 1, '{\"bullet_1\":\"Choose if you would like to book a holiday nanny or a local babysitter.\",\"bullet_2\":\"Add the dates and the times you need childcare.\",\"bullet_4\":\"Once your nanny has confirmed the booking, make payment and discuss anything further you need to with your nanny prior to the booking.\",\"bullet_3\":\"Select your favourite Tripsitta nanny and create a booking request .\",\"small_title\":\"Whether you need a holiday nanny OR a local babysitter - we have got you covered!\",\"content\":\"<p><br><\\/p><p>A Tripsitta holiday nanny is a nanny who will travel with you and stay with your family during your vacation.<\\/p><p>A local babysitter lives where you will be travelling and you can book them for the dates you require.<\\/p><p>Whether you want a holiday nanny to accompany your family and provide full time childcare during your family vacation or a local babysitter for selected dates of your choice you can easily book your family childcare with Tripsitta!<\\/p><p>Just add the dates and times you require to find your favourite Tripsitta nanny. You can filter based on their language, experience and see each babysitters individual profile and reviews.<\\/p><p>Once you have made your booking request, your Tripsitta nanny will confirm and ask for any additional details.<\\/p><p>You can then chat to them before the booking and relax knowing your holiday childcare is covered!<\\/p><p><br><\\/p>\"}', 'how_tripsitta_works', NULL, NULL),
(1238, 10, 'pages', 2, '{\"content\":\"<p><a href=\\\"https:\\/\\/tripsitta.insperio.co.uk\\/login\\\">Book your holiday nanny or babysitter now!<\\/a><span class=\\\"ql-cursor\\\">\\ufeff<\\/span><\\/p>\"}', 'tripsitta_slogan', NULL, NULL),
(1320, 1, 'App\\Models\\Post', 1, '{\"column_setup\":1,\"title_font_size\":1,\"title_font_colour\":\"#ff244c\",\"title\":\"For The Modern Family, Travel Means So Much More Than A Means To Getting To A New Place.\",\"button_text\":\"Read About The Tripsitta Family Here\",\"button_style\":\"secondary\",\"content\":\"<p><span style=\\\"color: rgb(102, 102, 102);\\\">We are living in an era where <\\/span><strong style=\\\"color: rgb(102, 102, 102);\\\"><em>a flight to a different country often costs less than a two-hour train journey<\\/em><\\/strong><span style=\\\"color: rgb(102, 102, 102);\\\">, the average town-centre offers restaurants with at least 5 different types of cuisine and most people can expect a large proportion of their neighbours to be from a different cultural background to their own.<\\/span><\\/p><p><span style=\\\"color: rgb(102, 102, 102);\\\">The emphasis of language in education has increased ten-fold, as parents and teachers realise that <\\/span><strong style=\\\"color: rgb(102, 102, 102);\\\"><em>a different language can unlock a whole new world of opportunities.<\\/em><\\/strong><\\/p><p><span style=\\\"color: rgb(102, 102, 102);\\\">With all this exposure to new culture, it is no wonder that the average modern family no longer just views their vacation time as a chance to escape to a hot climate for a week. <\\/span><strong style=\\\"color: rgb(102, 102, 102);\\\"><em>For the modern family, every trip and holiday is becoming an enriching cultural experience, as much a part of their children\'s development as a nutritious diet<\\/em><\\/strong><em style=\\\"color: rgb(102, 102, 102);\\\"> <\\/em><span style=\\\"color: rgb(102, 102, 102);\\\">- and with good reason too. Travel is one of the few commodities you can buy that is intangible yet has an un-measurable amount of worth and the good news is, these days, you don\'t need to spend an obscene amount of money to travel. I<\\/span>t is now within the capabilities of the average person to visit even some of the most far-flung places of the world.<\\/p><p>For those adults who were fortunate enough to travel as a child, you can almost guarantee that amongst their top, most cherished memories will be a collection of snippets from their family holidays. Whether they are flashbacks to building sand-castles on the beach, exploring an ancient Greek ruin or having a donkey ride in Spain, <strong><em>there is something about being on a family holiday that is always memorable.<\\/em><\\/strong><\\/p>\"}', 'large_2_column', NULL, NULL),
(1321, 1, 'App\\Models\\Post', 2, '{\"html\":\"<p>A family holiday is a time when parents don\'t have the distraction of their normal daily responsibilities and children get to have the benefit of their undivided attention. For once the focus is purely on enjoyment. There is something very freeing about that, and <strong><em>kids benefit massively from seeing their usually preoccupied parents in a care-free state <\\/em><\\/strong>like them. All of this fun cultivates memories that last a lifetime and what could be more valuable for your children than that?<\\/p><p>A family holiday is also an important opportunity for mental expansion. A child is learning about the world around them every day. They learn how to behave by the examples they see, and they also develop expectations for their own lives by what they are exposed to. A child who doesn\\u2019t know about space travel will not grow up wanting to become an astronaut, and a child who has never heard an orchestra play won\\u2019t develop a desire to become a composer. The more we are able to show to our children as they grow-up, the more possibilities they will have. <strong style=\\\"color: rgb(102, 102, 102);\\\"><em>A child who has travelled has the privilege of knowing the options that are available for them in their future life and this is a wonderful advantage for anyone.<\\/em><\\/strong><\\/p><p>Through travel, the new generation can learn acceptance and respect for other people. <span style=\\\"color: rgb(102, 102, 102);\\\">A child who grows up with exposure to different cultures is more likely to value different races, religions and opinions. Travel has a profound way of opening a person\\u2019s mind - <\\/span><strong style=\\\"color: rgb(102, 102, 102);\\\"><em>it is important for every child to know that there is so much more to the world than their local town centre, backyard and playground<\\/em><\\/strong><span style=\\\"color: rgb(102, 102, 102);\\\">. <\\/span><\\/p><p>So; with travel being an opportunity to make lasting memories, to bond with your children and to increase their knowledge and education, <strong><em>it is no wonder that cultural travel is becoming a staple in the modern-day family\\u2019s diet.<\\/em><\\/strong><\\/p><p><br><\\/p>\"}', 'text', NULL, NULL),
(1323, 24, 'pages', 1, '{}', 'image', NULL, NULL),
(1349, 14, 'pages', 1, '{\"title\":\"Tripsitta families are culture loving explorers\",\"column_setup\":1,\"title_font_colour\":\"#1a1a1a\",\"content\":\"<p>Tripsitta families are international, culture-loving explorers. They value the positive impact that travel has on the development of their children and view family holidays as an educational tool for development.<\\/p><p>Travel is an important part of life for the Tripsitta family, and they enjoy family vacations and also travel for business, often taking their children with them.<\\/p><p>They need childcare to be easily accessible wherever they travel with their kids and expect to have the same level of high-quality childcare when they travel as they would receive at home. <\\/p><p>Tripsitta is giving families the freedom to travel to new destinations with their children and revolutionising family travel - providing trusted, reliable and affordable childcare solutions for all families in top destinations.<\\/p>\",\"button_text\":\"Read our blog\",\"title_font_size\":1,\"button_style\":\"secondary\",\"browsers\":{\"pages\":[23]}}', 'large_2_column', NULL, NULL),
(1358, 22, 'pages', 1, '{\"content\":\"<p>Travel has never been so child friendly!<\\/p>\"}', 'tripsitta_slogan', NULL, NULL);
INSERT INTO `blocks` (`id`, `blockable_id`, `blockable_type`, `position`, `content`, `type`, `child_key`, `parent_id`) VALUES
(1359, 22, 'pages', 2, '{\"html\":\"<p><strong>Tripsitta - Terms And Conditions<\\/strong><\\/p><p><strong style=\\\"color: rgb(0, 102, 204);\\\">Introduction<\\/strong><br>1)&nbsp;&nbsp;&nbsp;We are Tripsitta Ltd. Our company information is at the end of these terms and conditions.<br><br>2)&nbsp;&nbsp;&nbsp;Before browsing and\\/or registering with Tripsitta.com, please read these terms and conditions carefully. By registering and\\/or browsing on our website you agree to be bound by and to accept the terms and conditions listed below.<br><br><strong style=\\\"color: rgb(0, 102, 204);\\\">Definitions<\\/strong><br>3)&nbsp;&nbsp;&nbsp;Bold items have the following definitions in this terms and conditions document.<br>a)&nbsp;&nbsp;&nbsp;\\u201cWe,\\u201d refers to Tripsitta Ltd.<br>b)&nbsp;&nbsp;&nbsp;\\u201cService,\\u201d refers to - Tripsitta.com, Tripsitta Ltd and our website is the \\u201cservice.\\u201d<br>c)&nbsp;&nbsp;&nbsp;\\u201cUser,\\u201d - Any Person, persons or organisations using our, \\u201dservice.\\u201d This includes any \\u201cuser,\\u201d who is registered on or browsing our \\u201cservice.\\u201d<br>d)&nbsp;&nbsp;&nbsp;\\u201cBabysitter,\\u201d - refers to a user who is utilising our service for the purposes of finding childcare work.<br>e)&nbsp;&nbsp;&nbsp;\\u201cFamily,\\u201d - A user who uses our service to find a babysitter.<br>f)&nbsp;&nbsp;&nbsp;\\u201cParent,\\u201d - A parent or guardian who uses our service to find a babysitter.<br>g)&nbsp;&nbsp;&nbsp;\\u201cChildcare,\\u201d - The service provided by a \\u201cbabysitter.\\u201d Services include roles such as a babysitter, nanny, holiday nanny, tutor, travel companion or any other role which involves looking after a child or children.<br>h)&nbsp;&nbsp;&nbsp;\\u201cContent,\\u201d All information and data uploaded to our service \\u2013 this includes information on profiles, jobs, personal data, pictures, messages, reviews and posts.<br><span style=\\\"color: rgb(0, 102, 204);\\\"><br><\\/span><strong style=\\\"color: rgb(0, 102, 204);\\\">Application Of Terms And Conditions<\\/strong><br>4)&nbsp;&nbsp;&nbsp;These terms and conditions apply to all users.<br>5)&nbsp;&nbsp;&nbsp;The terms and conditions are effective from and include the following date - 14.02.2019 and will be effective until any changes are made to it \\u2013 in which case the subsequent published terms and conditions will apply.<br>6)&nbsp;&nbsp;&nbsp;Any updates to these terms and conditions will be posted on our service. All users will be emailed to be informed of any changes to these terms and conditions.<br>7)&nbsp;&nbsp;&nbsp;By using our service as a user you agree to be bound by our terms and conditions.<br>8)&nbsp;&nbsp;&nbsp;We reserve the right to make changes to our terms and conditions at any time to correspond with the law, changes in the childcare industry, to continue to provide users with our service and for any other reasons we see fit.<br>9)&nbsp;&nbsp;&nbsp;If you continue using our service after changes have been published to our terms and conditions, you are agreeing to the changes and agree to be bound by them as a user of our service.<br><span style=\\\"color: rgb(0, 102, 204);\\\"><br><\\/span><strong style=\\\"color: rgb(0, 102, 204);\\\">Who Is Eligible To Use Our Service?<\\/strong><br>10)&nbsp;&nbsp;&nbsp;You must not use our service if you are under the age of 18.<br>11)&nbsp;&nbsp;&nbsp;Any persons who have been convicted of any offence or who are subject to a court order, relating to assault, violence, sexual misconduct or fraud must not attempt to register or become a user of our service.<br><br><strong style=\\\"color: rgb(0, 102, 204);\\\">The Nature Of Our Service<\\/strong><br>12)&nbsp;&nbsp;&nbsp;The service we provide is a platform. We are not a babysitting or childcare agency. Therefore any users on our service are held fully responsible and liable for any work contracts made as a user of this service. We are not a party to the childcare contract and only facilitate a means of finding or offering childcare work.<br>13)&nbsp;&nbsp;&nbsp;By using our service you agree that any legal disputes arising from a breach of the childcare contract is against the other party to the childcare contract and not against us.<br>14)&nbsp;&nbsp;&nbsp;Users on our service are held fully responsible for their own actions \\u2013 we do not and can not accept liability for the actions of any of our users.<br>15)&nbsp;&nbsp;&nbsp;The service provided is merely a search function and job noticeboard, users must exercise the same amount of caution as they usually would finding childcare or offering their childcare services.<br>16)&nbsp;&nbsp;&nbsp;As part of the registration process we require a valid form of ID from users \\u2013 however we can not guarantee the validity of any documents we receive.<br><span style=\\\"color: rgb(0, 102, 204);\\\"><br><\\/span><strong style=\\\"color: rgb(0, 102, 204);\\\">Rules Of Our Service<\\/strong><br>17)&nbsp;&nbsp;&nbsp;If you are a babysitter you agree to have the appropriate training, experience, skills and certification to offer your childcare services to other users and for any work contracts you undertake.<br>18)&nbsp;&nbsp;&nbsp;All users agree to only supply us with truthful information.<br>19)&nbsp;&nbsp;&nbsp;Users are only allowed to own and operate one profile at any given time \\u2013 duplicate profiles will be deleted.<br>20)&nbsp;&nbsp;&nbsp;Users who intend upon using our service for any other reason besides finding or offering childcare will be banned from the service immediately and without warning.<br>21)&nbsp;&nbsp;&nbsp;All users must behave in an appropriate manner \\u2013 any users who engage in any of the following activity will be banned from using our service and we reserve the right to contact the appropriate legal authority if the safety of our users or the integrity of our service is compromised in any way.<br>a)&nbsp;&nbsp;&nbsp;Fraud, abusive language or behaviour, harassment, racism, sexism, plagiarism, impersonation of another person or party, discrimination, infringement of intellectual property, scamming.<br>b)&nbsp;&nbsp;&nbsp;Sending junk mail, advertisements, sponsorship, promotions to users without the consent of our service.<br>c)&nbsp;&nbsp;&nbsp;Uploading links to third party websites.<br>d)&nbsp;&nbsp;&nbsp;Disclosing personal information or data which is not the intellectual property of the user.<br>e)&nbsp;&nbsp;&nbsp;Releasing malware, viruses, or anything else which could negatively impact the service.<br><br><strong style=\\\"color: rgb(0, 102, 204);\\\"><em>Payment and Cancellation Policies<\\/em><\\/strong><br>22)&nbsp;&nbsp;&nbsp;Our service is currently free for babysitters and childcare providers.<br>23)&nbsp;&nbsp;&nbsp;We reserve the right to change our pricing structure at any given time and will provide all users with written notice by email should any changes take effect.<br>24)&nbsp;&nbsp;&nbsp;To register as a family users have three subscription options available with different pricing levels \\u2013 these subscriptions will automatically renew unless cancelled&nbsp;before the next renewal date.<br>25)&nbsp;&nbsp;&nbsp;All users have a 14 day cooling off period - if they cancel their subscription before this time they will be issued a full refund.<br>26)&nbsp;&nbsp;&nbsp;We aim to process all refunds within 7 working days \\u2013 the date the refund is received will depend upon the user\\u2019s bank account.<br>27)&nbsp;&nbsp;&nbsp;After the 14 day cooling off period we are unable to give refunds and users who cancel their subscription will have full access to the service until their next renewal date.<br>Privacy And Cookies Policy<br>28)&nbsp;&nbsp;&nbsp;Our full \\u201cprivacy,\\u201d and \\u201ccookies policy,\\u201d is available to view on our service and we urge all users to read these policies carefully.<br><span style=\\\"color: rgb(0, 102, 204);\\\"><br><\\/span><strong style=\\\"color: rgb(0, 102, 204);\\\"><em>Content And Intellectual Property<\\/em><\\/strong><br>29)&nbsp;&nbsp;&nbsp;Users agree that the service is a public domain and that we can not control any content once it is posted on our service and in the public domain.<br>30)&nbsp;&nbsp;&nbsp;Users must not post content which they do not have the legal right to use or ownership of.<br>31)&nbsp;&nbsp;&nbsp;We reserve the right to take down or remove any content that could negatively impact our service or users.<br>32)&nbsp;&nbsp;&nbsp;Users agree to post honest reviews of other users.<br>33)&nbsp;&nbsp;&nbsp;We can not guarantee the security of users content \\u2013 in the event of a users profile being deleted or errors in our service we can not be held responsible for any lost content.<br>34)&nbsp;&nbsp;&nbsp;If we have reason to believe that any content posted has broken any laws we reserve the right to share the content with the appropriate legal authority.<br>35)&nbsp;&nbsp;&nbsp;We may monitor content at any given time.<br><span style=\\\"color: rgb(0, 102, 204);\\\"><br><\\/span><strong style=\\\"color: rgb(0, 102, 204);\\\">Guidance<\\/strong><br>36)&nbsp;&nbsp;&nbsp;We do not guarantee the accuracy of our guidance and we do not accept legal responsibility for it. Before acting on any guidance information or any other information provided on our service you must make your own investigations as to the accuracy and relevance of the guidance or information found on our service. The information provided is not professional advice and may not apply to your personal circumstances.<br><br><strong style=\\\"color: rgb(0, 102, 204);\\\">Liability<\\/strong><br>37)&nbsp;&nbsp;&nbsp;Each country has its own immigration and employment laws. We do not offer legal advice. All users agree to comply with the work, visa and employment laws applicable to the country they are offering their childcare services or work contracts in.<br>38)&nbsp;&nbsp;&nbsp;All users acknowledge and agree that Tripsitta Ltd will not be liable for any harms, direct, indirect, incidental, special, consequential or exemplary damages, including but not limited to the loss of profits, goodwill, use, data or any other intangible losses. Our liability to you in relation to any financial losses suffered by you shall not exceed the charges payable by you for our services.<br>39)&nbsp;&nbsp;&nbsp;All information provided through Tripsitta.com should be considered informative material for all users. Tripsitta Ltd is not responsible for the accuracy or the truthfulness of the information provided. The users must verify the accuracy of the required information themselves.<br>40)&nbsp;&nbsp;&nbsp;Users acknowledge and accept full liability for any claims or legal disputes brought against them by other parties and that Tripsitta Ltd can not be held accountable for their actions.<br><span style=\\\"color: rgb(0, 102, 204);\\\"><br><\\/span><strong style=\\\"color: rgb(0, 102, 204);\\\">Indemnification<\\/strong><br>41)&nbsp;&nbsp;&nbsp;You agree to fully compensate Tripsitta Ltd from any and all third-party claims, damages, expenses and costs including but not limited to legal fees that arise from your use of our service, your violation of the terms of your infringement or infringement by any other user of your account, of any intellectual property or other right of anyone.<br><br><strong style=\\\"color: rgb(0, 102, 204);\\\">English Law:<\\/strong><br>42)&nbsp;&nbsp;&nbsp;This contract is under English law and any disputes will be decided upon only by the courts of the United Kingdom.<br><br><strong style=\\\"color: rgb(0, 102, 204);\\\">Our Information<\\/strong><br>43)&nbsp;&nbsp;&nbsp;Company Name: Tripsitta Ltd.<br>44)&nbsp;&nbsp;&nbsp;Country Of Incorporation: England and Wales.<br>45)&nbsp;&nbsp;&nbsp;Company Number: 11725982.<br>46)&nbsp;&nbsp;&nbsp;Registered Office: 6 Penland Road, Bexhill On Sea, East Sussex, TN40 2JG, England.<br>47)&nbsp;&nbsp;&nbsp;Other contact information:&nbsp;<a href=\\\"mailto:info@tripsitta.com\\\" style=\\\"color: rgb(0, 113, 189);\\\">info@tripsitta.com<\\/a><\\/p>\"}', 'text', NULL, NULL),
(1360, 5, 'pages', 1, '{\"small_title\":\"Small title\",\"title\":\"Large title\",\"images_shape\":1,\"left_column_subheading\":\"Left columns\",\"left_column_content\":\"<p>Content of <strong>the left column<\\/strong><\\/p>\",\"middle_column_subheading\":\"Middle column\",\"middle_column_content\":\"<p>Something <u>very interesting<\\/u> will go here <\\/p>\",\"right_column_subheading\":\"Right column test subheading\",\"right_column_content\":\"<p>Right column content goes here. It can be pretty long...<\\/p>\"}', 'special_3_columns', NULL, NULL),
(1375, 19, 'pages', 1, '{\"images_shape\":1,\"title\":\"Here\'s what parent\'s have to say about Tripsitta\",\"middle_column_subheading\":\"Ellie, a mother of one child, age 11, from England\",\"right_column_subheading\":\"Romy, a mother of three children, from Sydney, Australia.\",\"right_column_content\":\"<p>My family and I travel a lot - my husband often travel for work, and we enjoy going away as much as possible with the kids. We often spend long periods of time away and it becomes necessary sometimes to hire a babysitter while we travel. Usually I find it very hard to  leave my kids, particularly when we travel. I find the options are limited and if you book through a hotel for example, you often don\'t have any info about the sitter who will be coming. That\'s why Tripsitta has been such a breakthrough for our family. I love being able to choose who I want to babysit my children and having used Tripsitta on many occassions I can honestly say that I have always been happy with every babysitter and so have my kids. For families who love to travel, Tripsitta is a massive help. Highly recommend it to all families.<\\/p>\",\"left_column_subheading\":\"Michelle, an expat mum to two children, from Canada.\",\"left_column_content\":\"<p>I first used Tripsitta recently to arrange a sitter for my two children - my son aged 9 and my daughter who is 2. I don\'t arrange babysitters often but it was a special occasion that all of our family were attending. I learnt about Tripsitta through a friend of mine who recommended it, and I was surprised by how easy and quick it was to book, but most importantly how safe it felt. I love the in-depth profiles, reviews and how easy it is to communicate with the sitter after making the booking. The babysitter we arranged was Marina. She was punctual, she brought a game to play with my son and even my daughter who is going through a real clingy phase was happy when we left, Marina was so smiley and kind that we felt completely at ease. I recommend Tripsitta to all parents, especially those who need a sitter when they travel and we will definitely be using Tripsitta again when we travel.<\\/p>\",\"middle_column_content\":\"<p>I first learnt about Tripsitta because I was looking for extra nanny work. I contacted the recruiment team and I was really impressed by how thorough the hiring process is. I am a fully qualified nursery nurse and have worked in childcare for almost 20 years so I am used to applying to agencies and the procedures.<\\/p><p>I used Tripsitta as a customer recently when my husband and I took our son to Disneyland Paris on holiday. It has always been our dream to go to Paris and we decided to have a date night while we were there. Knowing how thorough the interview process is, I felt confident that I could trust the service. There was a good choice of experienced babysitters available. The babysitter we eventually chose was also English. She was great and my son Thomas loved her - it was amazing being able to have our Paris date-night and knowing our son was happy too. In fact, for the rest of the holiday he kept asking if we could book a babysitter every night because he wanted to stay in the hotel and play games instead of going to the restaurant. I highly recommend Tripsitta to all families - from someone who has experienced it from both perspectives!<\\/p>\"}', 'special_3_columns', NULL, NULL),
(1631, 2, 'App\\Models\\Post', 1, '{\"column_setup\":2,\"title_font_colour\":\"#ff244c\",\"title_line_colour\":\"#329eee\",\"title_font_size\":3,\"title\":\"\\\"In what feels like the blink of an eye we go from being that person selecting Eau de parfum from the duty free - to being that parent desperately trying to soothe the baby who is disturbing everyone\\u2019s in-flight movie.\\\"\",\"content\":\"<p>We have all experienced it at least once\\u2026 the excruciating agony of sitting directly in front of a toddler on a flight, whose legs are swinging up and down into the back of your seat with the same regularity and rhythm as a drummer in a marching band. <\\/p><p>It\\u2019s not fun - neither is sitting near a crying baby while you are trying to settle into your new romance novel, or having to listen to a child asking their parents, \\u201care we nearly there yet,\\u201d for the 100<sup>th<\\/sup> time since boarding the flight\\u2026 and they haven\\u2019t even served the coffee yet. No wonder so many parents now organise a holiday nanny when they travel for a helping hand.<\\/p><p><br><\\/p>\",\"button_style\":\"primary\",\"button_text\":\"Search for a holiday nanny\",\"browsers\":{\"pages\":[25]}}', 'large_2_column', NULL, NULL),
(1632, 2, 'App\\Models\\Post', 2, '{\"html\":\"<p>That is until one day \\u2026 boom. In what feels like the blink of an eye we go from being that person who once only had to worry about which Eau de parfum we would be selecting from the duty free trolley, and if we were drinking an adequate amount of water to keep our skin sufficiently hydrated; to becoming <em>that <\\/em>parent desperately trying to soothe the baby who is disturbing everyone\\u2019s in-flight movie, or trying to get our wriggling toddler to sit still on our lap while the lady in front makes tutting noises. What we wouldn\\u2019t give to be able to relax and read a book or watch a film - we are lucky to have a glance at the in-flight entertainment guide.<\\/p><p>We all look forward to family holidays but it is common knowledge for parents that the most challenging part of the trip is getting to the destination and whilst it may not always be smooth sailing with children in tow, we hope our tips will help to make your flight as comfortable and stress-free as possible.<\\/p><p><br><\\/p><p>So without further ado, here are our top tips for flying with kids\\u2026\\u2026<\\/p><p><br><\\/p><p><u>Timing<\\/u><\\/p><p>When booking your flight it is best to keep in mind the usual nap \\/ bed-times your children observe. If it is a long-haul flight then the ideal time to is fly when your child would usually be asleep so you can settle them down within a couple of hours of boarding. Pack their pyjamas so they are comfortable or depending on their age \\u2013 take them to the airport in their pyjamas and make sure they have a blanket and layers \\u2013 you can never predict the temperature of an airplane. <\\/p><p>If you are travelling on a short flight then try to go at a time that\\u2019s not too early or not too late \\u2013 so your children will not be really tired when you arrive to your destination, it\\u2019s difficult enough carrying luggage but having to carry sleeping children off a flight can be hard work - impossible if you have several young children! If you can arrive to your destination in the afternoon then the experience will be more enjoyable for everyone.<\\/p><p><br><\\/p><p><u>Soothers<\\/u><\\/p><p>Pack your kid\\u2019s favourite teddy bear or soother, if you forget something your child usually relies upon to fall asleep you will regret it. And try not to forget your child\\u2019s favourite teddy bear when you disembark the plane either, having to listen to your child crying for their <em>\\u201clamb-lamb,\\u201d<\\/em> for the next 7 consecutive days may not be the best start to your holiday. Try these handy <a href=\\\"https:\\/\\/amzn.to\\/2JeSq1n\\\" target=\\\"_blank\\\">dummy clips<\\/a> so you can clip baby\'s pacifier to their clothes so you won\'t lose it behind the back of someone\'s seat!<\\/p><p><br><\\/p><p><u>Snacks<\\/u><\\/p><p>Don\\u2019t ever underestimate the importance of having a selection of snacks close at hand for the flight. Try to take some in your hand luggage as it is easier than having to order them from the flight-attendant and your kid\\u2019s favourite snacks may be appreciated more than the limited selection available from the trolley, plus you will save yourself some money!<\\/p><p><br><\\/p><p><u>Games<\\/u><\\/p><p>If you are not a fan of tablets and handheld computer games for kids then try to pack some fun travel games to play together \\u2013 this could be anything from noughts and crosses to connect four, to a card game. You can find a list of travel size family travel games on the link below and hopefully you can get good use of the games during your holiday too! We recommend purchasing the games below for lot of family fun on your vacation!<\\/p><p><a href=\\\"https:\\/\\/amzn.to\\/2Uz0Gil\\\" target=\\\"_blank\\\">Dobble<\\/a> , <a href=\\\"https:\\/\\/amzn.to\\/3bhHn3F\\\" target=\\\"_blank\\\">Uno<\\/a>, <a href=\\\"https:\\/\\/amzn.to\\/2Jbg5Ql\\\" target=\\\"_blank\\\">Connect 4 Travel<\\/a>, <a href=\\\"https:\\/\\/amzn.to\\/2JbfDl7\\\" target=\\\"_blank\\\">Pass the pigs dice game,<\\/a> <a href=\\\"https:\\/\\/amzn.to\\/3dpMjp6\\\" target=\\\"_blank\\\">OK play<\\/a><\\/p><p><br><\\/p><p><u>Milk bottles<\\/u><\\/p><p>For those travelling with babies who are bottle fed, I recommend using these little milk powder containers. You can fill them up with the right amount of scoops that you need to make up the bottle. Have a few bottles containing cold sterilised water ready. When your baby is hungry, add the milk powder, top up with 3 or 4 fl. Oz of hot sterilised water from your thermos flask, give it a shake and hey presto your bottle is ready and should be the right temperature without having to wait for it to cool or be heated by the flight attendant. Links below with product details.<\\/p><p><br><\\/p><p><u>Prams<\\/u><\\/p><p>A lot of airlines and airports now give family\\u2019s courtesy prams that you can use while you are in the airport, right up until boarding the plane which can be an easier option so you can check in your pram and car seat together and use the prams available in the airport. Check with the airport and or airline prior to your flight for more information.<\\/p><p><br><\\/p><p><u>Comfort<\\/u><\\/p><p>Try to make sure your kids are comfortable and cosy \\u2013 don\\u2019t dress them in uncomfortable clothes or bundle them up in very thick jumpers etc. If you are travelling somewhere cold then it is best to pack layers and a cosy jumper for when you land \\u2013 flights can be hot and there is no way of telling what the temperature on board will be. Similarly, if you are travelling to a hot destination, remember the flight may not be warm, so your kids may still want a blanket, some socks and a light sweater.<\\/p><p><br><\\/p><p><u>Enjoy!<\\/u><\\/p><p>Lastly \\u2013 even though going on holiday with your kids might sometimes make you feel like you\\u2019re organising an expedition to the top of mount Everest, try to enjoy it as much as you can. The excitement and anticipation you feel will rub off on your kids and make them feel happy and excited \\u2013 similarly if your stress level is through the roof, your kids will pick up on this accordingly. Just take a deep breath, have as much fun as possible, and pretty soon you will be at your destination, ready for your family holiday!<\\/p>\"}', 'text', NULL, NULL),
(1674, 3, 'App\\Models\\Post', 1, '{\"content\":\"<p><strong>Important things to consider when planning your next family vacation post Covid-19<\\/strong><\\/p>\"}', 'tripsitta_slogan', NULL, NULL),
(1675, 3, 'App\\Models\\Post', 2, '{}', 'image', NULL, NULL),
(1676, 3, 'App\\Models\\Post', 3, '{\"html\":\"<p><strong style=\\\"color: rgb(230, 0, 0);\\\"><u>How To Plan Your Family Holiday Post Covid-19<\\/u><\\/strong><\\/p><p><br><\\/p><p><strong>2020 has been an unforgettable year, one that will remain in our memories for the entirety of our lives to come. Everything has been affected on a global scale and the pandemic crisis has hit the travel and tourism industry harder than any other sector. The new measures and guidelines mean that the way we travel has been hugely impacted for the foreseeable future.<\\/strong><\\/p><p><strong><span><br><\\/span><\\/strong><\\/p><p><strong><span>Millions of holidays have been cancelled and in most parts of the world people have had their movements restricted for months to a trip to the local supermarket and an hour of exercise a day. <\\/span><\\/strong><\\/p><p><strong><span><br><\\/span><\\/strong><\\/p><p><strong><span>After months of restrictions on movement, travel is finally becoming an option again and families who love to travel are re-assessing their possibilities and planning their much-anticipated family vacations. However; there are now a whole new array of things to consider when booking your family holiday post Covid-19; in this article we will help you to navigate the new guidelines, regulations and other important changes to travel you will need to consider when planning your next trip.<\\/span><\\/strong><\\/p><p><strong><span><br><\\/span><\\/strong><\\/p><p><strong style=\\\"color: rgb(230, 0, 0);\\\"><u>Face masks:<\\/u><\\/strong><\\/p><p><strong><span>Like them or loathe them, face masks are unfortunately becoming mandatory during travel in many countries, and in some parts of the world are being enforced in all public places.<\\/span><\\/strong><\\/p><p><strong><span>Children are exempt from wearing face masks at all in some destinations but in other countries children as young as 6 yeas old are expected to wear face coverings. If you have a particularly sensitive child or your child has autism or any health issues, travelling to a country with these restrictions in place may not be a viable option. Some of the countries currently imposing face masks in public places are; Vietnam, Cuba, Austria, Venezuela, Germany and now even the UK on public transport. Each country has their own set of guidelines \\u2013 some only require face masks in crowded areas, others when walking outside of your home. It is important that you check information on face masks with your airline \\u2013 most airlines are enforcing mask wearing unless you have a specific health condition. You should also check the regulations with each country you are considering travelling to \\u2013 rules are being changed frequently and it is important that you know what to expect. If you are reluctant for your family to wear face masks, you will need to know which places to avoid. We won\\u2019t get into the debate over the effectiveness of face coverings on this blog \\u2013 a very controversial subject indeed that each family needs to make their own minds up about.<\\/span><\\/strong><\\/p><p><strong><span><br><\\/span><\\/strong><\\/p><p><strong style=\\\"color: rgb(230, 0, 0);\\\"><u>Abroad or not abroad?<\\/u><\\/strong><\\/p><p><strong><span>Many families currently planning their next trip will be considering the important question of whether to travel abroad or in their home country, for many reasons. The Covid-19 pandemic has hit the economy hard, some governments are urging their citizens to stay in their home country for their vacations this year \\u2013 to boost the economy and help minimise the damage to the tourism industry. A lot of families are looking for options in seaside resorts and destinations they can reach easily by car. to reduce the risk of cancellations and minimise the time spent travelling to their destinations. However the appeal of a holiday abroad is always tempting and with some destinations offering more freedom and less restrictions than home and some great travel bargains to encourage visitors to be had, there is a wider range of options to consider than one might initially expect. Each family must make their own choices based on their own preferences, ability to travel under current circumstances and what they want from their holiday.<\\/span><\\/strong><\\/p><p><strong><span><br><\\/span><\\/strong><\\/p><p><strong style=\\\"color: rgb(230, 0, 0);\\\"><u>Apartment or hotel?<\\/u><\\/strong><\\/p><p><strong><span>This year is undoubtedly going to be a year when the majority of families who do travel opt for self-catering accommodation. The pros and cons of staying in a hotel need to be weighed against those staying in an independent property. It will be of no surprise that many families opt for self-contained accommodation for a number of different reasons. However; hotels are going to be relying greatly on bookings this year and need guests in order to stay in business. There will be some great bargains available and some hotels offer facilities and services that will outweigh the benefits of staying in a villa or holiday home. We recommend taking the extra time to fully investigate your options and to check if there are any restrictions or guidelines in place prior to booking that will affect your stay. Ultimately, the answer is to go for the accommodation that will enable you to feel the most relaxed, comfortable and have the most enjoyable time.<\\/span><\\/strong><\\/p><p><strong><span><br><\\/span><\\/strong><\\/p><p><strong style=\\\"color: rgb(230, 0, 0);\\\"><u>Quarantines<\\/u><\\/strong><\\/p><p><strong><span><br><\\/span><\\/strong><\\/p><p><strong><span>Some countries are imposing quarantines on visitors entering \\u2013 often up to two weeks of confinement. Any countries that are enforcing quarantines on incoming travellers will undoubtedly be less attractive to tourists. The U.K is one of the countries requiring quarantine period for incoming visitors; so if you are travelling from the U.K. then you may be free to enter a country on a vacation but will need to factor in the quarantine period for your return home. These regulations are changing constantly, so again it is recommended to check each individual country\\u2019s guidelines on their government website.<\\/span><\\/strong><\\/p><p><strong><span><br><\\/span><\\/strong><\\/p><p><strong style=\\\"color: rgb(230, 0, 0);\\\"><u>Last Minute Bookings &amp; Cancellations<\\/u><\\/strong><\\/p><p><strong>2020 has been a very unpredictable year indeed which is why it is advisable to book last-minute when possible, as travel plans can change or be cancelled. Make sure when you book that you check the company\\u2019s cancellation policy and if they have a Covid-19 policy in place and do get travel insurance too if you can! However, where there is a will there is a way, and we hope that all families around the world have the opportunity to travel and enjoy a family vacation this year; whether it is in their own country or abroad, in a hotel or self-catering, by the seaside or in the mountains or city. The travel and tourism industry around the world is awaiting you and your family and depending upon your presence for survival.<\\/strong><\\/p>\"}', 'text', NULL, NULL),
(1723, 21, 'pages', 1, '{\"title\":\"Contact us & find your perfect babysitter !\"}', 'contact_form', NULL, NULL),
(1724, 21, 'pages', 2, '{}', 'divider', NULL, NULL),
(1725, 21, 'pages', 3, '{\"title_left\":\"Contact Us By Email\",\"content_left\":\"<p>info@tripsitta.com<\\/p>\",\"content_center\":\"<p>+393920397288<\\/p>\",\"title_right\":\"Follow Us On Social Media\",\"content_right\":\"<p>Facebook \\/tripsitta<\\/p><p>Insta \\/ tripsitta_com<\\/p><p><br><\\/p>\",\"title_center\":\"Phone \\/ WhatsApp\"}', 'text_3_column', NULL, NULL),
(1807, 4, 'pages', 1, '{\"column_setup\":1,\"title\":\"Quality childcare, wherever you travel with your family.\",\"content\":\"<p>At Tripsitta we take our responsibility to every family who books with us seriously.<\\/p><p>Your children are always at the forefront of our mind and we take every possible measure to ensure that each Tripsitta nanny and babysitter is of the highest quality.<\\/p><p>We believe the quality of childcare and options available should not be compromised just because you are travelling.<\\/p><p>Our recruitment team are highly trained and each childcare provider on Tripsitta has undergone our thorough recruitment process.<\\/p><p><br><\\/p>\",\"title_font_size\":3,\"button_style\":\"dark\",\"button_text\":\"Explore our team of babysitters and holiday nannies!\",\"browsers\":{\"page_url\":[26]}}', 'large_2_column', NULL, NULL),
(1808, 4, 'pages', 2, '{\"color\":\"#ff244c\"}', 'divider', NULL, NULL),
(1809, 4, 'pages', 3, '{\"small_title\":\"How we ensure our Tripsitta nannies and babysitters are of the highest quality.\",\"title\":\"Our Recruitment Process\",\"bullet_2\":\"We then carry out a thorough background check and obtain a minimum of 3 positive references from previous families and employers.\",\"bullet_3\":\"Each babysitter undergoes a criminal record check.\",\"bullet_1\":\"Our experienced recruitment team carry out an in-depth interview with every nanny, looking for 3 key qualities: 1) Experience, 2) Professionalism, 3) A positive attitude and friendly personality.\",\"bullet_4\":\"We regularly request feedback, check reviews and communicate with the families who book with us to ensure our platform is a safe place for everyone.\",\"content\":\"<p>Each letter in TRIPSITTA, stands for a different value and quality that we aim to deliver to every family who books childcare with us...<\\/p><p>T for\\tTrust - that we cultivate by providing the best service possible.<\\/p><p>R for Reliability - a service families can rely upon to deliver.<\\/p><p>I for Independence - of families to live their lives and know their childcare will be covered.<\\/p><p>P for Parenting - supporting parents with the one of the most important jobs in the world.<\\/p><p>S for Safety - the safety of the children and everyone on our platform is at the heart of everything we do.<\\/p><p>I for Innovation - innovating childcare as we know it for international families living in the modern world.<\\/p><p>T for Travel - Not just as a means to get to a different place but as an important part of a child\'s development.<\\/p><p>T for\\tTrips - Each trip can be a special family bonding experience creating memories for many years to come.<\\/p><p>A for\\tAdvancement - Educating children so they can become citizens of the world.<\\/p>\"}', 'how_tripsitta_works', NULL, NULL),
(1810, 4, 'pages', 4, '{\"color\":\"#ff244c\"}', 'divider', NULL, NULL),
(1811, 4, 'pages', 5, '{\"content\":\"<p>Travel has never been so child friendly!<\\/p>\"}', 'tripsitta_slogan', NULL, NULL),
(1812, 16, 'pages', 1, '{\"column_setup\":1,\"button_text\":\"Apply To Join The Tripsitta Team\",\"title\":\"Flexible work, travel opportunities and great rates of pay!\",\"content\":\"<p>Do you want to combine your love for childcare with your passion for travel?<\\/p><p>Join our team and become a Tripsitta babysitter and holiday nanny for families from around the world.<\\/p><p>Tripsitta nannies receive great rates of pay, are in control of their own schedules but most importantly they have wonderful opportunities to do the work they love.<\\/p><p>If you have experience in childcare, are interested in different cultures and would like to have the opportunity travel then we welcome your application. Click on the link below to apply!<\\/p><p><br><\\/p><p><br><\\/p>\",\"title_font_size\":null,\"button_style\":null,\"browsers\":{\"page_url\":[27]}}', 'large_2_column', NULL, NULL),
(1813, 16, 'pages', 2, '{\"content\":\"<p><strong>Combine your love for childcare with your passion for travel!<\\/strong><\\/p>\"}', 'tripsitta_slogan', NULL, NULL),
(1854, 2, 'pages', 1, '{\"color\":\"#ff244c\"}', 'divider', NULL, NULL),
(1855, 2, 'pages', 2, '{\"content\":\"<p><strong style=\\\"color: rgb(230, 0, 0);\\\">Travel<\\/strong><strong> <\\/strong><strong style=\\\"color: rgb(0, 102, 204);\\\">has<\\/strong><strong> <\\/strong><strong style=\\\"color: rgb(255, 153, 0);\\\">never<\\/strong><strong> <\\/strong><strong style=\\\"color: rgb(0, 138, 0);\\\">been<\\/strong><strong> <\\/strong><strong style=\\\"color: rgb(230, 0, 0);\\\">so<\\/strong><strong> <\\/strong><strong style=\\\"color: rgb(0, 102, 204);\\\">child<\\/strong><strong> <\\/strong><strong style=\\\"color: rgb(255, 153, 0);\\\">friendly!<\\/strong><\\/p>\"}', 'tripsitta_slogan', NULL, NULL),
(1856, 2, 'pages', 3, '{\"small_title\":\"We now have nannies in your travel destination\",\"button_text\":\"Explore more destinations\",\"place_2_country\":\"it\",\"title\":\"Trusted Childcare in top destinations ..... Florence, Milan, Paris, Rome and Barcelona!\",\"place_2_name\":\"Rome, Italy\",\"place_3_name\":\"Paris, France\",\"place_3_country\":\"fr\",\"place_4_name\":\"Florence, Italy\",\"place_4_country\":\"it\",\"place_1_name\":\"Tuscany, Italy\",\"place_1_country\":\"it\"}', 'featured_places', NULL, NULL),
(1857, 2, 'pages', 4, '{\"bullet_4\":\"Chat to your babysitter and arrange any last details with them directly. Easy peasy!\",\"bullet_1\":\"Search for your babysitter or holiday nanny from our range of destinations.\",\"bullet_2\":\"Choose the holiday nanny or babysitter who you like the most!\",\"title\":\"It\'s easy to book childcare with Tripsitta!\",\"small_title\":\"Quality, affordable childcare - wherever you travel!\",\"bullet_3\":\"Complete your booking and make a secure payment online.\",\"content\":\"<p><strong style=\\\"color: rgb(68, 68, 68);\\\">Are you on a family vacation, working abroad or going to an event? <\\/strong><\\/p><p><strong style=\\\"color: rgb(68, 68, 68);\\\">Now you can use Tripsitta to find and book childcare in top destinations across Europe!<br><\\/strong><\\/p><p><strong style=\\\"color: rgb(68, 68, 68);\\\">Search for your ideal babysitter or holiday nanny based on location, language and experience!<\\/strong><\\/p><p><strong style=\\\"color: rgb(68, 68, 68);\\\">Choose from our selection of experienced, safety - checked Tripsitta nannies who have been hand selected by our recruitment team.<\\/strong><\\/p><p><strong style=\\\"color: rgb(68, 68, 68);\\\">Book your chosen nanny easily and quickly online and relax!<\\/strong><\\/p><p><strong style=\\\"color: rgb(68, 68, 68);\\\">Travel has never been so child friendly!<\\/strong><\\/p><p><br><\\/p>\"}', 'how_tripsitta_works', NULL, NULL),
(1858, 2, 'pages', 5, '{\"color\":\"#ff244c\"}', 'divider', NULL, NULL),
(1859, 2, 'pages', 6, '{\"content\":\"<p><strong style=\\\"color: rgb(230, 0, 0);\\\">Book<\\/strong><strong> <\\/strong><strong style=\\\"color: rgb(0, 102, 204);\\\">a<\\/strong><strong> <\\/strong><strong style=\\\"color: rgb(255, 153, 0);\\\">Tripsitta<\\/strong><strong> <\\/strong><strong style=\\\"color: rgb(0, 138, 0);\\\">nanny<\\/strong><strong> <\\/strong><strong style=\\\"color: rgb(230, 0, 0);\\\">for<\\/strong><strong> <\\/strong><strong style=\\\"color: rgb(0, 102, 204);\\\">your<\\/strong><strong style=\\\"color: rgb(0, 138, 0);\\\"> <\\/strong><strong style=\\\"color: rgb(255, 153, 0);\\\">next <\\/strong><strong style=\\\"color: rgb(0, 138, 0);\\\">vacation!<\\/strong><\\/p>\"}', 'tripsitta_slogan', NULL, NULL),
(1860, 2, 'pages', 7, '{\"type\":1,\"small_title\":\"Childcare in your chosen language!\",\"title\":\"All of our nannies are safety-checked, experienced, professional and friendly!\",\"button_text\":\"Find a Tripsitta nanny!\",\"browsers\":{\"babysitter\":[36,9,37,33]}}', 'featured_elements', NULL, NULL),
(1861, 2, 'pages', 8, '{\"column_setup\":1,\"button_text\":\"Find a babysitter\",\"title\":\"Tripsitta approved nannies and babysitters\",\"content\":\"<p>At Tripsitta all of our nannies and babysitters undergo a thorough background check and carefully selected by our experienced recruitment team based on their skills, personalities, talents and language abilities. <br><\\/p>\",\"title_font_size\":null,\"button_style\":null}', 'large_2_column', NULL, NULL),
(1862, 2, 'pages', 9, '{\"column_setup\":2,\"button_text\":\"See our pricing\",\"title\":\"Designed for International families\",\"content\":\"<p>Tripsitta families are culture - loving explorers, who love to travel and experience the world with their children. They need childcare around the world and want a service that is quick, easy, reliable and that they can fully trust.<\\/p>\",\"title_font_size\":null,\"button_style\":null}', 'large_2_column', NULL, NULL),
(1863, 2, 'pages', 10, '{\"column_setup\":1,\"title\":\"Our promise  to You\",\"button_text\":\"Read more about our promise\",\"content\":\"<p><br><\\/p><p>We promise to deliver quality childcare, at an affordable price -  so whether you require a babysitter or holiday nanny, we are innovating family travel and childcare to make it accessible for everyone.<\\/p>\",\"title_font_size\":null,\"button_style\":null}', 'large_2_column', NULL, NULL);

-- --------------------------------------------------------

--
-- Table structure for table `bookings`
--

CREATE TABLE `bookings` (
  `id` int(10) UNSIGNED NOT NULL,
  `deleted_at` timestamp NULL DEFAULT NULL,
  `created_at` timestamp NULL DEFAULT NULL,
  `updated_at` timestamp NULL DEFAULT NULL,
  `family_id` int(10) UNSIGNED NOT NULL,
  `babysitter_id` int(10) UNSIGNED NOT NULL,
  `type` varchar(191) COLLATE utf8_unicode_ci NOT NULL DEFAULT 'babysitter',
  `start` datetime NOT NULL,
  `end` datetime NOT NULL,
  `status_id` int(11) NOT NULL DEFAULT '1',
  `booking_address_id` int(11) DEFAULT NULL,
  `contactable_main_phone_number` tinyint(1) NOT NULL DEFAULT '0',
  `contactable_emergency_phone_number` tinyint(1) NOT NULL DEFAULT '0',
  `alternative_phone_number` varchar(20) COLLATE utf8_unicode_ci DEFAULT '',
  `parent_location_during_booking` text COLLATE utf8_unicode_ci,
  `booking_notes` longtext COLLATE utf8_unicode_ci,
  `children_notes` longtext COLLATE utf8_unicode_ci,
  `start_location` varchar(191) COLLATE utf8_unicode_ci DEFAULT NULL,
  `end_location` varchar(191) COLLATE utf8_unicode_ci DEFAULT NULL,
  `start_location_airport` varchar(191) COLLATE utf8_unicode_ci DEFAULT NULL,
  `destination_town` varchar(191) COLLATE utf8_unicode_ci DEFAULT NULL,
  `accommodation_booked` tinyint(1) DEFAULT '0',
  `accommodation_details` text COLLATE utf8_unicode_ci,
  `babysitter_meet` tinyint(1) DEFAULT '0',
  `babysitter_meet_details` text COLLATE utf8_unicode_ci,
  `travel_trip` tinyint(1) DEFAULT '0',
  `travel_trip_details` text COLLATE utf8_unicode_ci,
  `completed_at` datetime DEFAULT NULL,
  `parent_completed_at` datetime DEFAULT NULL,
  `babysitter_completed_at` datetime DEFAULT NULL,
  `original_booking_session` varchar(191) COLLATE utf8_unicode_ci DEFAULT NULL
) ENGINE=InnoDB DEFAULT CHARSET=utf8 COLLATE=utf8_unicode_ci;

--
-- Dumping data for table `bookings`
--

INSERT INTO `bookings` (`id`, `deleted_at`, `created_at`, `updated_at`, `family_id`, `babysitter_id`, `type`, `start`, `end`, `status_id`, `booking_address_id`, `contactable_main_phone_number`, `contactable_emergency_phone_number`, `alternative_phone_number`, `parent_location_during_booking`, `booking_notes`, `children_notes`, `start_location`, `end_location`, `start_location_airport`, `destination_town`, `accommodation_booked`, `accommodation_details`, `babysitter_meet`, `babysitter_meet_details`, `travel_trip`, `travel_trip_details`, `completed_at`, `parent_completed_at`, `babysitter_completed_at`, `original_booking_session`) VALUES
(1, NULL, '2019-11-15 12:36:34', '2019-11-18 17:32:44', 1, 2, 'holiday_nanny', '2019-11-19 00:00:00', '2019-11-28 00:00:00', 3, NULL, 0, 0, '', NULL, NULL, NULL, NULL, NULL, NULL, NULL, 0, NULL, 0, NULL, 0, NULL, NULL, NULL, NULL, NULL),
(2, NULL, '2019-11-04 13:38:37', NULL, 1, 2, 'babysitter', '2019-11-10 08:00:00', '2019-11-10 15:00:00', 4, NULL, 0, 0, '', NULL, NULL, NULL, NULL, NULL, NULL, NULL, 0, NULL, 0, NULL, 0, NULL, NULL, NULL, NULL, NULL),
(3, NULL, '2020-06-22 14:45:14', '2020-06-22 15:23:19', 1, 2, 'babysitter', '2020-06-23 09:00:00', '2020-06-23 11:00:00', 4, NULL, 1, 1, NULL, 'egwegwgew', 'wgeg wegwegweg', 'test', NULL, NULL, NULL, NULL, 0, NULL, 0, NULL, 0, NULL, NULL, NULL, NULL, NULL),
(4, NULL, '2020-06-22 15:51:36', '2020-06-22 15:51:36', 1, 2, 'babysitter', '2020-06-23 09:00:00', '2020-06-23 12:30:00', 6, NULL, 0, 1, NULL, 'weggewgew', 'gweegwewgwege', 'thetj', NULL, NULL, NULL, NULL, 0, NULL, 0, NULL, 0, NULL, NULL, NULL, NULL, '9d749a3ccbb933c350159222fdcb00a9ad756427'),
(5, NULL, '2021-01-29 11:52:43', '2021-01-29 12:00:29', 24, 23, 'holiday_nanny', '2021-02-01 00:00:00', '2021-03-06 00:00:00', 4, NULL, 1, 1, '3920397288', NULL, 'hello looking for a nanny for 5 days during trip to florence', 'no', 'gb', 'it', 'London gatwick', 'florence', 0, NULL, 0, NULL, 1, 'from florence to pisa to rome', NULL, NULL, NULL, '108b80c53eeb0382d2a6696200d7ef26569901c1'),
(6, NULL, '2021-01-29 11:56:30', '2021-01-29 11:56:30', 24, 23, 'holiday_nanny', '2021-02-01 00:00:00', '2021-03-06 00:00:00', 6, NULL, 1, 1, '3920397288', NULL, 'hello looking for a nanny for 5 days during trip to florence', 'no', 'gb', 'it', 'London gatwick', 'florence', 0, NULL, 0, NULL, 1, 'from florence to pisa to rome', NULL, NULL, NULL, '0b6329aa649a56982788846ca4473a3e380eec8d'),
(7, NULL, '2021-01-29 12:11:34', '2021-01-29 12:11:34', 24, 23, 'holiday_nanny', '2021-02-01 00:00:00', '2021-02-05 00:00:00', 6, NULL, 1, 0, '03920397288', NULL, 'jfdnvbrnvg, dcm, xsjk cdwek', 'no', 'gb', 'ar', 'heathrow', 'giiggg', 1, 'hilton giig', 0, NULL, 0, NULL, NULL, NULL, NULL, '734a658e22ee15cc6ae26c7ebfb1ec5741bc6db7'),
(8, NULL, '2021-01-29 12:27:40', '2021-01-29 12:29:42', 24, 23, 'holiday_nanny', '2021-02-01 00:00:00', '2021-02-05 00:00:00', 2, NULL, 1, 1, NULL, NULL, 'vghcgfxhf', 'no', 'gb', 'bs', 'heathrow', 'cdjkjkshfjb', 0, NULL, 0, NULL, 0, NULL, NULL, NULL, '2021-01-29 12:29:42', 'e3d4133b84c5cff1aa8a3eafdafa565037cf40d3'),
(9, NULL, '2021-12-30 15:00:18', '2022-01-20 17:58:58', 34, 9, 'holiday_nanny', '2022-01-01 00:00:00', '2022-01-07 00:00:00', 1, NULL, 1, 1, NULL, NULL, 'vghfg', 'no', 'gb', 'co', 'gatwick', 'cgjjk', 1, 'hilton', 0, NULL, 0, NULL, NULL, NULL, NULL, '2b50fd7b7ab6158c81cb4fda300db89c2460b4b6'),
(10, NULL, '2022-01-20 18:06:07', '2022-01-20 18:06:07', 34, 33, 'babysitter', '2022-02-02 09:30:00', '2022-02-02 11:30:00', 6, NULL, 1, 1, NULL, 'having breakfast', 'fedkwfwkh', 'none', NULL, NULL, NULL, NULL, 0, NULL, 0, NULL, 0, NULL, NULL, NULL, NULL, 'ba063a26e127b50e374b58583d5ad1546483fe11'),
(11, NULL, '2022-01-26 21:59:49', '2022-01-26 21:59:49', 34, 37, 'babysitter', '2022-02-03 09:30:00', '2022-02-03 13:30:00', 6, NULL, 1, 1, '07780115908', 'having dinner', 'my child is a monster', 'no', NULL, NULL, NULL, NULL, 0, NULL, 0, NULL, 0, NULL, NULL, NULL, NULL, '100c09a019987915f9314eb3d20e718982d67c7e');

-- --------------------------------------------------------

--
-- Table structure for table `booking_addresses`
--

CREATE TABLE `booking_addresses` (
  `id` bigint(20) UNSIGNED NOT NULL,
  `building` varchar(191) COLLATE utf8_unicode_ci DEFAULT '',
  `address1` varchar(191) COLLATE utf8_unicode_ci NOT NULL DEFAULT '',
  `address2` varchar(191) COLLATE utf8_unicode_ci DEFAULT '',
  `town` varchar(191) COLLATE utf8_unicode_ci NOT NULL DEFAULT '',
  `postcode` varchar(191) COLLATE utf8_unicode_ci NOT NULL DEFAULT '',
  `country` varchar(191) COLLATE utf8_unicode_ci NOT NULL DEFAULT '',
  `deleted_at` timestamp NULL DEFAULT NULL
) ENGINE=InnoDB DEFAULT CHARSET=utf8 COLLATE=utf8_unicode_ci;

-- --------------------------------------------------------

--
-- Table structure for table `booking_children`
--

CREATE TABLE `booking_children` (
  `id` bigint(20) UNSIGNED NOT NULL,
  `booking_id` int(10) UNSIGNED NOT NULL,
  `deleted_at` timestamp NULL DEFAULT NULL,
  `name` varchar(191) COLLATE utf8_unicode_ci NOT NULL,
  `dob` date DEFAULT NULL
) ENGINE=InnoDB DEFAULT CHARSET=utf8 COLLATE=utf8_unicode_ci;

--
-- Dumping data for table `booking_children`
--

INSERT INTO `booking_children` (`id`, `booking_id`, `deleted_at`, `name`, `dob`) VALUES
(1, 1, NULL, '', '2020-04-02'),
(2, 2, NULL, '', '2020-04-02'),
(3, 2, NULL, '', '2020-04-02'),
(4, 3, NULL, 'bart', '2006-05-09'),
(5, 4, NULL, 'abcd', '2006-05-09'),
(6, 5, NULL, 'Tommy Tucker', '2010-08-24'),
(7, 5, NULL, 'Marlet brandon', '2015-03-02'),
(8, 6, NULL, 'Tommy Tucker', '2010-08-24'),
(9, 6, NULL, 'Marlet brandon', '2015-03-02'),
(10, 7, NULL, 'Tommy Tucker', '2010-08-23'),
(11, 7, NULL, 'Marlet brandon', '2015-03-02'),
(12, 8, NULL, 'Tommy Tucker', '2010-08-23'),
(13, 8, NULL, 'Marlet brandon', '2015-03-02'),
(14, 9, NULL, 'Enzo', '2010-08-25'),
(15, 10, NULL, 'Enzo', '2010-08-25'),
(16, 11, NULL, 'Enzo', '2010-08-25');

-- --------------------------------------------------------

--
-- Table structure for table `booking_invoices`
--

CREATE TABLE `booking_invoices` (
  `id` bigint(20) UNSIGNED NOT NULL,
  `booking_id` bigint(20) UNSIGNED NOT NULL,
  `amount_paid` int(11) NOT NULL DEFAULT '0',
  `amount_due` int(11) NOT NULL DEFAULT '0',
  `type` varchar(191) COLLATE utf8_unicode_ci NOT NULL,
  `reference` varchar(191) COLLATE utf8_unicode_ci NOT NULL,
  `description` text COLLATE utf8_unicode_ci,
  `created_at` timestamp NULL DEFAULT NULL,
  `updated_at` timestamp NULL DEFAULT NULL,
  `paid_at` datetime DEFAULT NULL,
  `deleted_at` timestamp NULL DEFAULT NULL,
  `published` tinyint(1) NOT NULL DEFAULT '0',
  `babysitter_address` text COLLATE utf8_unicode_ci NOT NULL,
  `family_address` text COLLATE utf8_unicode_ci NOT NULL
) ENGINE=InnoDB DEFAULT CHARSET=utf8 COLLATE=utf8_unicode_ci;

--
-- Dumping data for table `booking_invoices`
--

INSERT INTO `booking_invoices` (`id`, `booking_id`, `amount_paid`, `amount_due`, `type`, `reference`, `description`, `created_at`, `updated_at`, `paid_at`, `deleted_at`, `published`, `babysitter_address`, `family_address`) VALUES
(1, 3, 4000, 4000, 'balance', 'T00003-1', '', '2020-06-22 14:45:14', '2020-06-22 15:30:39', '2020-06-22 16:30:39', NULL, 0, '', ''),
(2, 4, 7000, 7000, 'balance', 'T00004-1', NULL, '2020-06-22 15:51:36', '2020-06-29 17:35:15', '2020-06-22 16:51:51', NULL, 0, '{\"address1\":\"Second babysitter Road\",\"address2\":\"\",\"town\":\"Some town\",\"postcode\":\"POST67\",\"country\":\"gb\"}', '{\"address1\":\"67 Test Road\",\"address2\":\"\",\"town\":\"Town\",\"postcode\":\"PO94CODE\",\"country\":\"gb\"}'),
(3, 5, 594000, 594000, 'balance', 'T00005-1', NULL, '2021-01-29 11:52:43', '2021-01-29 11:56:09', '2021-01-29 11:56:09', NULL, 0, '{\"address1\":\"235\",\"address2\":\"\",\"town\":\"Warsaw\",\"postcode\":\"32553\",\"country\":\"&#039;pl&#039;\"}', '{\"address1\":\"6 Penland Road\",\"address2\":\"\",\"town\":\"Bexhill\",\"postcode\":\"TN40 2JG\",\"country\":\"&#039;gb&#039;\"}'),
(4, 6, 0, 594000, 'balance', 'T00006-1', '', '2021-01-29 11:56:30', '2022-01-20 17:57:27', NULL, '2022-01-20 17:57:27', 0, '{\"address1\":\"235\",\"address2\":\"\",\"town\":\"Warsaw\",\"postcode\":\"32553\",\"country\":\"pl\"}', '{\"address1\":\"6 Penland Road\",\"address2\":null,\"town\":\"Bexhill\",\"postcode\":\"TN40 2JG\",\"country\":\"gb\"}'),
(5, 7, 72000, 72000, 'balance', 'T00007-1', NULL, '2021-01-29 12:11:34', '2021-01-29 12:13:05', '2021-01-29 12:13:05', NULL, 0, '{\"address1\":\"235\",\"address2\":\"\",\"town\":\"Warsaw\",\"postcode\":\"32553\",\"country\":\"&#039;pl&#039;\"}', '{\"address1\":\"6 Penland Road\",\"address2\":\"\",\"town\":\"Bexhill\",\"postcode\":\"TN40 2JG\",\"country\":\"&#039;gb&#039;\"}'),
(6, 8, 72000, 72000, 'balance', 'T00008-1', NULL, '2021-01-29 12:27:40', '2021-01-29 12:28:06', '2021-01-29 12:28:06', NULL, 0, '{\"address1\":\"235\",\"address2\":\"\",\"town\":\"Warsaw\",\"postcode\":\"32553\",\"country\":\"&#039;pl&#039;\"}', '{\"address1\":\"6 Penland Road\",\"address2\":\"\",\"town\":\"Bexhill\",\"postcode\":\"TN40 2JG\",\"country\":\"&#039;gb&#039;\"}'),
(7, 9, 0, 96000, 'balance', 'T00009-1', NULL, '2021-12-30 15:00:18', '2022-01-20 17:57:11', NULL, '2022-01-20 17:57:11', 0, '{\"address1\":\"235\",\"address2\":\"\",\"town\":\"Warsaw\",\"postcode\":\"32553\",\"country\":\"&#039;pl&#039;\"}', '{\"address1\":\"6 Penland Road\",\"address2\":\"\",\"town\":\"Bexhill\",\"postcode\":\"TN40 2JG\",\"country\":\"&#039;gb&#039;\"}'),
(8, 10, 0, 4000, 'balance', 'T00010-1', '', '2022-01-20 18:06:07', '2022-01-20 18:06:07', NULL, NULL, 0, '{\"address1\":\"235\",\"address2\":\"\",\"town\":\"Warsaw\",\"postcode\":\"32553\",\"country\":\"pl\"}', '{\"address1\":\"6 Penland Road\",\"address2\":null,\"town\":\"Bexhill\",\"postcode\":\"TN40 2JG\",\"country\":\"gb\"}'),
(9, 11, 0, 8000, 'balance', 'T00011-1', '', '2022-01-26 21:59:49', '2022-01-26 21:59:49', NULL, NULL, 0, '{\"address1\":\"235\",\"address2\":\"\",\"town\":\"Warsaw\",\"postcode\":\"32553\",\"country\":\"pl\"}', '{\"address1\":\"6 Penland Road\",\"address2\":null,\"town\":\"Bexhill\",\"postcode\":\"TN40 2JG\",\"country\":\"gb\"}');

-- --------------------------------------------------------

--
-- Table structure for table `booking_statuses`
--

CREATE TABLE `booking_statuses` (
  `id` bigint(20) UNSIGNED NOT NULL,
  `name` varchar(191) COLLATE utf8_unicode_ci NOT NULL,
  `deleted_at` timestamp NULL DEFAULT NULL
) ENGINE=InnoDB DEFAULT CHARSET=utf8 COLLATE=utf8_unicode_ci;

--
-- Dumping data for table `booking_statuses`
--

INSERT INTO `booking_statuses` (`id`, `name`, `deleted_at`) VALUES
(1, 'Pending', NULL),
(2, 'Cancelled by babysitter', NULL),
(3, 'Cancelled by parent', NULL),
(4, 'Confirmed', NULL),
(5, 'Completed', NULL),
(6, 'Awaiting babysitter confirmation', NULL);

-- --------------------------------------------------------

--
-- Table structure for table `chats`
--

CREATE TABLE `chats` (
  `id` bigint(20) UNSIGNED NOT NULL,
  `sender_id` bigint(20) DEFAULT NULL,
  `recipient_id` bigint(20) DEFAULT NULL,
  `created_at` timestamp NULL DEFAULT NULL,
  `updated_at` timestamp NULL DEFAULT NULL,
  `deleted_at` timestamp NULL DEFAULT NULL,
  `booking_id` bigint(20) DEFAULT NULL
) ENGINE=InnoDB DEFAULT CHARSET=utf8 COLLATE=utf8_unicode_ci;

--
-- Dumping data for table `chats`
--

INSERT INTO `chats` (`id`, `sender_id`, `recipient_id`, `created_at`, `updated_at`, `deleted_at`, `booking_id`) VALUES
(1, 2, 1, '2020-07-03 15:10:26', '2020-07-03 15:10:26', NULL, 2),
(2, 23, 0, '2021-01-05 16:28:37', '2021-01-05 16:28:37', NULL, 0),
(3, 1, 2, '2021-05-02 16:50:28', '2021-05-02 16:50:28', NULL, 3),
(4, 1, 0, '2021-05-02 16:50:45', '2021-05-02 16:50:45', NULL, 0),
(5, 26, 0, '2021-07-10 13:07:16', '2021-07-10 13:07:16', NULL, 0),
(6, 34, 37, '2022-01-26 22:03:05', '2022-01-26 22:03:05', NULL, 11);

-- --------------------------------------------------------

--
-- Table structure for table `chat_messages`
--

CREATE TABLE `chat_messages` (
  `id` bigint(20) UNSIGNED NOT NULL,
  `chat_id` bigint(20) NOT NULL,
  `message` text COLLATE utf8_unicode_ci NOT NULL,
  `created_at` timestamp NULL DEFAULT NULL,
  `updated_at` timestamp NULL DEFAULT NULL,
  `deleted_at` timestamp NULL DEFAULT NULL,
  `added_by` bigint(20) DEFAULT NULL
) ENGINE=InnoDB DEFAULT CHARSET=utf8 COLLATE=utf8_unicode_ci;

--
-- Dumping data for table `chat_messages`
--

INSERT INTO `chat_messages` (`id`, `chat_id`, `message`, `created_at`, `updated_at`, `deleted_at`, `added_by`) VALUES
(1, 1, 'testing chat feature', '2020-07-03 15:10:26', '2020-07-03 15:10:26', NULL, 2),
(2, 2, 'Hi everyone, i need some help', '2021-01-05 16:28:37', '2021-01-05 16:28:37', NULL, 23),
(3, 3, 'test', '2021-05-02 16:50:28', '2021-05-02 16:50:28', NULL, 1),
(4, 4, 'testing', '2021-05-02 16:50:45', '2021-05-02 16:50:45', NULL, 1),
(5, 4, 'abc', '2021-05-02 16:56:00', '2021-05-02 16:56:00', NULL, 1),
(6, 4, 'test 2', '2021-05-02 16:57:54', '2021-05-02 16:57:54', NULL, 1),
(7, 4, 'test 2', '2021-05-02 16:58:06', '2021-05-02 16:58:06', NULL, 1),
(8, 4, 'test 2', '2021-05-02 16:59:58', '2021-05-02 16:59:58', NULL, 1),
(9, 4, 'asgagsgags', '2021-05-02 17:03:59', '2021-05-02 17:03:59', NULL, 1),
(10, 4, 'abc', '2021-05-02 17:04:46', '2021-05-02 17:04:46', NULL, 1),
(11, 4, 'test', '2021-05-02 17:09:44', '2021-05-02 17:09:44', NULL, 1),
(12, 5, 'Hellou, just testing', '2021-07-10 13:07:16', '2021-07-10 13:07:16', NULL, 26),
(13, 6, 'hi, when are you free to talk about booking?', '2022-01-26 22:03:06', '2022-01-26 22:03:06', NULL, 34),
(14, 6, 'i am free tonight', '2022-01-26 22:04:34', '2022-01-26 22:04:34', NULL, 37);

-- --------------------------------------------------------

--
-- Table structure for table `families`
--

CREATE TABLE `families` (
  `id` int(10) UNSIGNED NOT NULL,
  `children_health_problems` longtext COLLATE utf8_unicode_ci,
  `published` tinyint(1) NOT NULL DEFAULT '0',
  `created_at` timestamp NULL DEFAULT NULL,
  `updated_at` timestamp NULL DEFAULT NULL,
  `deleted_at` timestamp NULL DEFAULT NULL,
  `reg_step_1_completed` tinyint(1) NOT NULL DEFAULT '0',
  `reg_step_2_completed` tinyint(1) NOT NULL DEFAULT '0',
  `reg_step_3_completed` tinyint(1) NOT NULL DEFAULT '0',
  `reg_form_submitted` tinyint(1) NOT NULL DEFAULT '0',
  `found_source` varchar(191) COLLATE utf8_unicode_ci DEFAULT NULL,
  `stripe_id` varchar(191) COLLATE utf8_unicode_ci DEFAULT NULL
) ENGINE=InnoDB DEFAULT CHARSET=utf8 COLLATE=utf8_unicode_ci;

--
-- Dumping data for table `families`
--

INSERT INTO `families` (`id`, `children_health_problems`, `published`, `created_at`, `updated_at`, `deleted_at`, `reg_step_1_completed`, `reg_step_2_completed`, `reg_step_3_completed`, `reg_form_submitted`, `found_source`, `stripe_id`) VALUES
(25, NULL, 0, '2021-05-22 15:18:59', '2021-05-22 15:18:59', NULL, 0, 0, 0, 0, NULL, NULL),
(34, 'no', 1, '2021-11-20 15:01:06', '2021-11-20 15:20:31', NULL, 1, 1, 1, 1, 'search_engine', NULL);

-- --------------------------------------------------------

--
-- Table structure for table `family_addresses`
--

CREATE TABLE `family_addresses` (
  `id` bigint(20) UNSIGNED NOT NULL,
  `family_id` int(10) UNSIGNED NOT NULL,
  `address1` varchar(191) COLLATE utf8_unicode_ci NOT NULL DEFAULT '',
  `address2` varchar(191) COLLATE utf8_unicode_ci DEFAULT '',
  `town` varchar(191) COLLATE utf8_unicode_ci NOT NULL DEFAULT '',
  `postcode` varchar(191) COLLATE utf8_unicode_ci NOT NULL DEFAULT '',
  `country` varchar(191) COLLATE utf8_unicode_ci NOT NULL DEFAULT '',
  `created_at` timestamp NULL DEFAULT NULL,
  `updated_at` timestamp NULL DEFAULT NULL,
  `deleted_at` timestamp NULL DEFAULT NULL
) ENGINE=InnoDB DEFAULT CHARSET=utf8 COLLATE=utf8_unicode_ci;

--
-- Dumping data for table `family_addresses`
--

INSERT INTO `family_addresses` (`id`, `family_id`, `address1`, `address2`, `town`, `postcode`, `country`, `created_at`, `updated_at`, `deleted_at`) VALUES
(1, 24, '6 Penland Road', NULL, 'Bexhill', 'TN40 2JG', 'gb', '2021-01-05 16:37:07', '2021-01-05 16:37:43', NULL),
(2, 30, '6 Penland Road', NULL, 'Bexhill on sea', 'TN40 2JG', 'gb', '2021-10-20 11:20:45', '2021-10-20 11:20:45', NULL),
(3, 34, '6 Penland Road', NULL, 'Bexhill', 'TN40 2JG', 'uy', '2021-11-20 15:02:39', '2021-11-20 15:04:00', NULL);

-- --------------------------------------------------------

--
-- Table structure for table `family_children`
--

CREATE TABLE `family_children` (
  `id` bigint(20) UNSIGNED NOT NULL,
  `family_id` int(10) UNSIGNED NOT NULL,
  `name` varchar(191) COLLATE utf8_unicode_ci NOT NULL,
  `dob` date NOT NULL,
  `deleted_at` timestamp NULL DEFAULT NULL
) ENGINE=InnoDB DEFAULT CHARSET=utf8 COLLATE=utf8_unicode_ci;

--
-- Dumping data for table `family_children`
--

INSERT INTO `family_children` (`id`, `family_id`, `name`, `dob`, `deleted_at`) VALUES
(1, 1, 'James', '2006-11-08', NULL),
(2, 1, 'Marie', '2019-09-04', NULL),
(3, 11, 'Tayton Webb', '2019-03-22', NULL),
(4, 11, 'leila', '2010-03-25', NULL),
(5, 24, 'Tommy Tucker', '2010-08-25', '2021-01-29 11:40:25'),
(6, 24, 'Marlet brandon', '2015-03-02', '2021-01-29 11:40:25'),
(7, 24, 'Tommy Tucker', '2010-08-23', NULL),
(8, 24, 'Marlet brandon', '2015-03-02', NULL),
(9, 30, 'Enzo', '2010-08-25', NULL),
(10, 34, 'Enzo Yoshida', '2010-08-24', '2021-11-20 15:05:07'),
(11, 34, 'Enzo Yoshida', '2010-08-23', NULL),
(12, 34, 'marissa', '2021-11-11', NULL);

-- --------------------------------------------------------

--
-- Table structure for table `features`
--

CREATE TABLE `features` (
  `id` int(10) UNSIGNED NOT NULL,
  `featured_id` varchar(36) COLLATE utf8_unicode_ci NOT NULL,
  `featured_type` varchar(255) COLLATE utf8_unicode_ci NOT NULL,
  `bucket_key` varchar(191) COLLATE utf8_unicode_ci NOT NULL,
  `position` int(10) UNSIGNED NOT NULL,
  `starred` tinyint(1) NOT NULL DEFAULT '0',
  `created_at` timestamp NULL DEFAULT NULL,
  `updated_at` timestamp NULL DEFAULT NULL
) ENGINE=InnoDB DEFAULT CHARSET=utf8 COLLATE=utf8_unicode_ci;

--
-- Dumping data for table `features`
--

INSERT INTO `features` (`id`, `featured_id`, `featured_type`, `bucket_key`, `position`, `starred`, `created_at`, `updated_at`) VALUES
(77, '4', 'pages', 'primary_menu', 1, 0, '2021-11-20 16:23:53', '2021-11-20 16:23:53'),
(78, '25', 'pages', 'primary_menu', 2, 0, '2021-11-20 16:23:53', '2021-11-20 16:23:53'),
(79, '26', 'pages', 'primary_menu', 3, 0, '2021-11-20 16:23:53', '2021-11-20 16:23:53'),
(119, '10', 'pages', 'ex_1', 1, 0, '2021-11-20 16:26:57', '2021-11-20 16:26:57'),
(120, '11', 'pages', 'ex_1', 2, 0, '2021-11-20 16:26:57', '2021-11-20 16:26:57'),
(121, '12', 'pages', 'ex_1', 3, 0, '2021-11-20 16:26:57', '2021-11-20 16:26:57'),
(122, '13', 'pages', 'ex_1', 4, 0, '2021-11-20 16:26:57', '2021-11-20 16:26:57'),
(123, '16', 'pages', 'ex_2', 1, 0, '2021-11-20 16:26:57', '2021-11-20 16:26:57'),
(124, '14', 'pages', 'ex_2', 2, 0, '2021-11-20 16:26:57', '2021-11-20 16:26:57'),
(125, '17', 'pages', 'ex_2', 3, 0, '2021-11-20 16:26:57', '2021-11-20 16:26:57'),
(126, '27', 'pages', 'ex_2', 4, 0, '2021-11-20 16:26:57', '2021-11-20 16:26:57'),
(127, '18', 'pages', 'ex_3', 1, 0, '2021-11-20 16:26:57', '2021-11-20 16:26:57'),
(128, '19', 'pages', 'ex_3', 2, 0, '2021-11-20 16:26:57', '2021-11-20 16:26:57'),
(129, '20', 'pages', 'ex_3', 3, 0, '2021-11-20 16:26:57', '2021-11-20 16:26:57'),
(130, '21', 'pages', 'ex_3', 4, 0, '2021-11-20 16:26:57', '2021-11-20 16:26:57'),
(131, '22', 'pages', 'ex_3', 5, 0, '2021-11-20 16:26:57', '2021-11-20 16:26:57');

-- --------------------------------------------------------

--
-- Table structure for table `fileables`
--

CREATE TABLE `fileables` (
  `id` int(10) UNSIGNED NOT NULL,
  `created_at` timestamp NULL DEFAULT NULL,
  `updated_at` timestamp NULL DEFAULT NULL,
  `deleted_at` timestamp NULL DEFAULT NULL,
  `file_id` int(10) UNSIGNED NOT NULL,
  `fileable_id` int(10) UNSIGNED DEFAULT NULL,
  `fileable_type` varchar(191) COLLATE utf8_unicode_ci DEFAULT NULL,
  `role` varchar(191) COLLATE utf8_unicode_ci DEFAULT NULL,
  `locale` varchar(7) COLLATE utf8_unicode_ci NOT NULL
) ENGINE=InnoDB DEFAULT CHARSET=utf8 COLLATE=utf8_unicode_ci;

--
-- Dumping data for table `fileables`
--

INSERT INTO `fileables` (`id`, `created_at`, `updated_at`, `deleted_at`, `file_id`, `fileable_id`, `fileable_type`, `role`, `locale`) VALUES
(17, '2020-07-17 14:22:02', '2020-07-17 14:22:02', NULL, 11, 2, 'App\\Models\\Babysitter', 'identity_verification', 'en'),
(19, '2021-01-05 18:56:51', '2021-01-05 18:56:51', NULL, 10, 22, 'App\\Models\\Babysitter', 'cv', 'en'),
(34, '2021-01-29 12:36:26', '2021-01-29 12:36:26', NULL, 12, 23, 'App\\Models\\Babysitter', 'identity_verification', 'en'),
(35, '2021-01-29 12:36:26', '2021-01-29 12:36:26', NULL, 12, 23, 'App\\Models\\Babysitter', 'cv', 'en'),
(36, '2021-01-29 12:36:26', '2021-01-29 12:36:26', NULL, 11, 23, 'App\\Models\\Babysitter', 'qualifications', 'en'),
(37, '2021-01-29 12:36:26', '2021-01-29 12:36:26', NULL, 12, 23, 'App\\Models\\Babysitter', 'references', 'en'),
(38, '2021-02-08 17:09:01', '2021-02-08 17:09:01', NULL, 13, 2, 'App\\Models\\Babysitter', 'first_aid_certificate', 'en'),
(39, '2021-09-20 04:27:12', '2021-09-20 04:27:12', NULL, 14, 28, 'App\\Models\\Babysitter', 'identity_verification', 'en'),
(40, '2021-09-21 20:00:41', '2021-09-21 20:00:41', NULL, 15, 29, 'App\\Models\\Babysitter', 'identity_verification', 'en'),
(41, '2021-11-04 11:17:29', '2021-11-04 11:17:29', NULL, 16, 31, 'App\\Models\\Babysitter', 'identity_verification', 'en'),
(44, '2021-11-16 20:59:45', '2021-11-16 20:59:45', NULL, 19, 32, 'App\\Models\\Babysitter', 'cv', 'en'),
(45, '2021-11-16 21:00:05', '2021-11-16 21:00:05', NULL, 20, 32, 'App\\Models\\Babysitter', 'qualifications', 'en'),
(46, '2021-11-16 21:00:05', '2021-11-16 21:00:05', NULL, 21, 32, 'App\\Models\\Babysitter', 'identity_verification', 'en'),
(111, '2022-01-29 21:11:08', '2022-01-29 21:11:08', NULL, 28, 36, 'App\\Models\\Babysitter', 'identity_verification', 'en'),
(112, '2022-01-29 21:16:12', '2022-01-29 21:16:12', NULL, 22, 33, 'App\\Models\\Babysitter', 'first_aid_certificate', 'en'),
(113, '2022-01-29 21:16:12', '2022-01-29 21:16:12', NULL, 24, 33, 'App\\Models\\Babysitter', 'identity_verification', 'en'),
(114, '2022-01-29 21:16:12', '2022-01-29 21:16:12', NULL, 23, 33, 'App\\Models\\Babysitter', 'criminal_record_check', 'en'),
(115, '2022-01-29 21:16:12', '2022-01-29 21:16:12', NULL, 22, 33, 'App\\Models\\Babysitter', 'cv', 'en'),
(116, '2022-01-29 21:16:12', '2022-01-29 21:16:12', NULL, 23, 33, 'App\\Models\\Babysitter', 'qualifications', 'en'),
(117, '2022-01-29 21:16:12', '2022-01-29 21:16:12', NULL, 27, 33, 'App\\Models\\Babysitter', 'references', 'en'),
(118, '2022-01-29 21:16:12', '2022-01-29 21:16:12', NULL, 26, 33, 'App\\Models\\Babysitter', 'references', 'en'),
(119, '2022-01-29 21:16:12', '2022-01-29 21:16:12', NULL, 25, 33, 'App\\Models\\Babysitter', 'references', 'en'),
(120, '2022-02-06 22:26:03', '2022-02-06 22:26:03', NULL, 36, 38, 'App\\Models\\Babysitter', 'cv', 'en'),
(121, '2022-02-06 22:29:08', '2022-02-06 22:29:08', NULL, 37, 38, 'App\\Models\\Babysitter', 'identity_verification', 'en'),
(122, '2022-02-09 13:14:19', '2022-02-09 13:14:19', NULL, 38, 40, 'App\\Models\\Babysitter', 'cv', 'en'),
(123, '2022-02-09 13:15:29', '2022-02-09 13:15:29', NULL, 39, 40, 'App\\Models\\Babysitter', 'identity_verification', 'en'),
(149, '2022-02-22 10:26:06', '2022-02-22 10:26:06', NULL, 42, 42, 'App\\Models\\Babysitter', 'identity_verification', 'en'),
(150, '2022-02-22 10:26:06', '2022-02-22 10:26:06', NULL, 49, 42, 'App\\Models\\Babysitter', 'qualifications', 'en'),
(158, '2022-02-22 11:10:41', '2022-02-22 11:10:41', NULL, 53, 49, 'App\\Models\\Babysitter', 'identity_verification', 'en'),
(159, '2022-02-22 11:10:41', '2022-02-22 11:10:41', NULL, 55, 49, 'App\\Models\\Babysitter', 'criminal_record_check', 'en'),
(160, '2022-02-22 11:10:41', '2022-02-22 11:10:41', NULL, 52, 49, 'App\\Models\\Babysitter', 'cv', 'en'),
(161, '2022-02-22 11:18:51', '2022-02-22 11:18:51', NULL, 54, 57, 'App\\Models\\Babysitter', 'identity_verification', 'en'),
(162, '2022-02-22 11:18:51', '2022-02-22 11:18:51', NULL, 56, 57, 'App\\Models\\Babysitter', 'cv', 'en'),
(166, '2022-02-22 11:24:18', '2022-02-22 11:24:18', NULL, 57, 56, 'App\\Models\\Babysitter', 'identity_verification', 'en'),
(169, '2022-02-22 11:36:00', '2022-02-22 11:36:00', NULL, 44, 50, 'App\\Models\\Babysitter', 'identity_verification', 'en'),
(170, '2022-02-22 11:36:00', '2022-02-22 11:36:00', NULL, 43, 50, 'App\\Models\\Babysitter', 'cv', 'en'),
(173, '2022-02-22 14:17:29', '2022-02-22 14:17:29', NULL, 60, 52, 'App\\Models\\Babysitter', 'identity_verification', 'en'),
(174, '2022-02-22 14:17:29', '2022-02-22 14:17:29', NULL, 58, 52, 'App\\Models\\Babysitter', 'cv', 'en'),
(175, '2022-02-22 14:17:29', '2022-02-22 14:17:29', NULL, 59, 52, 'App\\Models\\Babysitter', 'qualifications', 'en'),
(176, '2022-02-22 15:01:08', '2022-02-22 15:01:08', NULL, 63, 62, 'App\\Models\\Babysitter', 'qualifications', 'en'),
(177, '2022-02-22 15:01:08', '2022-02-22 15:01:08', NULL, 64, 62, 'App\\Models\\Babysitter', 'identity_verification', 'en'),
(181, '2022-02-22 16:42:07', '2022-02-22 16:42:07', NULL, 65, 52, 'App\\Models\\Babysitter', 'first_aid_certificate', 'en'),
(182, '2022-02-22 17:16:22', '2022-02-22 17:16:22', NULL, 51, 55, 'App\\Models\\Babysitter', 'identity_verification', 'en'),
(183, '2022-02-22 17:16:22', '2022-02-22 17:16:22', NULL, 61, 55, 'App\\Models\\Babysitter', 'criminal_record_check', 'en'),
(184, '2022-02-22 17:16:22', '2022-02-22 17:16:22', NULL, 50, 55, 'App\\Models\\Babysitter', 'qualifications', 'en'),
(193, '2022-02-23 09:57:41', '2022-02-23 09:57:41', NULL, 67, 63, 'App\\Models\\Babysitter', 'identity_verification', 'en'),
(194, '2022-02-23 09:57:41', '2022-02-23 09:57:41', NULL, 66, 63, 'App\\Models\\Babysitter', 'cv', 'en'),
(195, '2022-02-23 10:08:30', '2022-02-23 10:08:30', NULL, 62, 53, 'App\\Models\\Babysitter', 'cv', 'en'),
(196, '2022-02-23 10:40:39', '2022-02-23 10:40:39', NULL, 68, 64, 'App\\Models\\Babysitter', 'identity_verification', 'en');

-- --------------------------------------------------------

--
-- Table structure for table `files`
--

CREATE TABLE `files` (
  `id` int(10) UNSIGNED NOT NULL,
  `created_at` timestamp NULL DEFAULT NULL,
  `updated_at` timestamp NULL DEFAULT NULL,
  `deleted_at` timestamp NULL DEFAULT NULL,
  `uuid` varchar(191) COLLATE utf8_unicode_ci NOT NULL,
  `filename` varchar(191) COLLATE utf8_unicode_ci DEFAULT NULL,
  `size` int(10) UNSIGNED NOT NULL
) ENGINE=InnoDB DEFAULT CHARSET=utf8 COLLATE=utf8_unicode_ci;

--
-- Dumping data for table `files`
--

INSERT INTO `files` (`id`, `created_at`, `updated_at`, `deleted_at`, `uuid`, `filename`, `size`) VALUES
(1, '2020-01-08 14:07:35', '2020-06-08 20:55:33', '2020-06-08 20:55:33', 'b4040b8a-6f09-4561-8598-1654bcf1651e/a-(3).jpg', 'a-(3).jpg', 27897),
(2, '2020-01-08 14:13:09', '2020-06-08 20:55:33', '2020-06-08 20:55:33', 'b60c7232-9abd-455b-8654-4ace8d3bd00f/testy.jpg', 'testy.jpg', 25684),
(3, '2020-03-04 00:58:57', '2020-06-08 20:55:33', '2020-06-08 20:55:33', '5e5efd51500bc1.18323472/schematic-diagram-7.jpg', 'schematic-diagram-7.jpg', 64726),
(4, '2020-03-04 10:05:12', '2020-06-08 20:55:33', '2020-06-08 20:55:33', '5e5f7d58a70cf2.87019890/img-2356.jpg', 'img-2356.jpg', 2049442),
(5, '2020-06-08 19:11:06', '2020-06-08 19:15:01', '2020-06-08 19:15:01', '8c763d1f-7d93-4d68-a28b-97b751f14310/20200519_173001.jpg', '20200519_173001.jpg', 826818),
(6, '2020-06-08 19:12:00', '2020-06-08 19:15:01', '2020-06-08 19:15:01', 'b4d807ca-d29f-4016-8366-efcff3e34621/20200519_173001.jpg', '20200519_173001.jpg', 826818),
(7, '2020-06-08 19:12:39', '2020-06-08 19:15:01', '2020-06-08 19:15:01', '62e79eb3-756e-48f6-9a7e-0d2e9bdae31b/darren.png', 'darren.png', 3966931),
(8, '2020-06-08 19:14:30', '2020-06-08 19:15:01', '2020-06-08 19:15:01', 'fed9d8e8-e119-4a31-9a5d-a39f82f6f6e0/darren.png', 'darren.png', 3966931),
(9, '2020-06-08 20:55:42', '2020-06-08 20:55:49', '2020-06-08 20:55:49', '431fa41c-aa58-4000-9f86-fbd2dd631739/20200519_173001.jpg', '20200519_173001.jpg', 826818),
(10, '2020-06-11 11:32:53', '2020-06-11 11:32:53', NULL, 'b1e3cf3d-df3e-4546-ac7f-271a2622706a/Ellie-CV-2017.doc', 'Ellie-CV-2017.doc', 207872),
(11, '2020-06-22 14:25:11', '2020-06-22 14:25:11', NULL, '5ef0bf4768b226.96442668/construction-bath.png', 'construction-bath.png', 2853),
(12, '2021-01-05 18:59:41', '2021-01-05 18:59:41', NULL, '5ff4b71df10c16.05100088/img-1010-copy.jpg', 'img-1010-copy.jpg', 498018),
(13, '2021-02-08 17:09:01', '2021-02-08 17:09:01', NULL, '6021702de36c56.97195949/aaaaa.jpg', 'aaaaa.jpg', 284244),
(14, '2021-09-20 04:27:12', '2021-09-20 04:27:12', NULL, '6147ff90e80e67.60745348/cfbfcf8f-78ba-4729-bad5-29e1d6e29bf2.jpeg', 'cfbfcf8f-78ba-4729-bad5-29e1d6e29bf2.jpeg', 26286),
(15, '2021-09-21 20:00:41', '2021-09-21 20:00:41', NULL, '614a2bd9149d02.92619455/id-card.pdf', 'id-card.pdf', 420867),
(16, '2021-11-04 11:17:29', '2021-11-04 11:17:29', NULL, '6183c1497572c7.77323797/cvleylaarienzo-1.docx', 'cvleylaarienzo-1.docx', 17913),
(17, '2021-11-16 20:59:27', '2021-11-16 20:59:39', '2021-11-16 20:59:39', '61941bafd896c2.59301626/abc.jpg', 'abc.jpg', 133183),
(18, '2021-11-16 20:59:39', '2021-11-16 20:59:45', '2021-11-16 20:59:45', '61941bbb609e56.39230690/logo.png', 'logo.png', 10705),
(19, '2021-11-16 20:59:45', '2021-11-16 20:59:45', NULL, '61941bc17b7b55.67395641/060621067-01.jpg', '060621067-01.jpg', 43996),
(20, '2021-11-16 21:00:05', '2021-11-16 21:00:05', NULL, '61941bd5b3d955.14298501/abc.jpg', 'abc.jpg', 133183),
(21, '2021-11-16 21:00:05', '2021-11-16 21:00:05', NULL, '61941bd5b66909.53843203/abc.jpg', 'abc.jpg', 133183),
(22, '2021-11-20 14:29:39', '2021-11-20 14:29:39', NULL, '6199065375d7f1.16358812/form-and-document-margherita-cinone.pdf', 'form-and-document-margherita-cinone.pdf', 484672),
(23, '2021-11-20 14:30:47', '2021-11-20 14:30:47', NULL, '61990697140310.59021116/certificato-penale-elena.pdf', 'certificato-penale-elena.pdf', 95886),
(24, '2021-11-20 14:30:47', '2021-11-20 14:30:47', NULL, '6199069716a246.74942468/passport-elena.jpeg', 'passport-elena.jpeg', 120768),
(25, '2021-11-20 14:36:20', '2021-11-20 14:36:20', NULL, 'b72390b4-67ff-49ca-bcf5-e5e09bae0262/Elena-Reference-3.pdf', 'Elena-Reference-3.pdf', 16708),
(26, '2021-11-20 14:36:20', '2021-11-20 14:36:20', NULL, 'b72390b4-67ff-49ca-bcf5-e5e09bae0262/Elena-Reference-1.pdf', 'Elena-Reference-1.pdf', 218732),
(27, '2021-11-20 14:36:20', '2021-11-20 14:36:20', NULL, 'b72390b4-67ff-49ca-bcf5-e5e09bae0262/Elena-Reference-2.pdf', 'Elena-Reference-2.pdf', 75992),
(28, '2022-01-25 11:03:10', '2022-01-25 11:03:10', NULL, '61efd8ee279724.07581787/foto-ci-laura.jpg', 'foto-ci-laura.jpg', 68386),
(29, '2022-01-26 20:58:45', '2022-01-26 20:58:45', NULL, 'ba0c0311-d344-4e7c-bf8b-390855138294/IMG_20190515_165813.jpg', 'IMG_20190515_165813.jpg', 588576),
(30, '2022-01-26 21:42:02', '2022-01-26 21:42:02', NULL, '61f1c02ab7a538.51699201/merve-genc.pdf', 'merve-genc.pdf', 2031726),
(31, '2022-01-26 21:47:02', '2022-01-26 21:47:02', NULL, '61f1c156438c06.87653936/img-7925.jpg', 'img-7925.jpg', 180677),
(32, '2022-01-26 21:47:02', '2022-01-26 21:47:02', NULL, '61f1c1564670d0.05648044/img-7926.jpg', 'img-7926.jpg', 45621),
(33, '2022-01-26 21:51:38', '2022-01-26 22:10:52', '2022-01-26 22:10:52', '61f1c26a001bd0.39814186/img-7925.jpg', 'img-7925.jpg', 180677),
(34, '2022-01-26 21:52:16', '2022-01-26 21:52:16', NULL, '61f1c29052cb24.97450891/img-7926.jpg', 'img-7926.jpg', 45621),
(35, '2022-01-26 22:10:52', '2022-01-26 22:10:52', NULL, '61f1c6ec8e6746.50494912/dunia-lipowec-picture.jpg', 'dunia-lipowec-picture.jpg', 16897),
(36, '2022-02-06 22:26:03', '2022-02-06 22:26:03', NULL, '62004afb8006a0.98541288/cv.pdf', 'cv.pdf', 49313),
(37, '2022-02-06 22:29:08', '2022-02-06 22:29:08', NULL, '62004bb43d9470.98097056/passport.pdf', 'passport.pdf', 450973),
(38, '2022-02-09 13:14:19', '2022-02-09 13:14:19', NULL, '6203be2bb15232.57970771/margherita-cinone.pdf', 'margherita-cinone.pdf', 163707),
(39, '2022-02-09 13:15:29', '2022-02-09 13:15:29', NULL, '6203be711fb101.18475364/c-identita-margherita-cinone.pdf', 'c-identita-margherita-cinone.pdf', 273615),
(40, '2022-02-21 10:56:07', '2022-02-21 10:56:38', '2022-02-21 10:56:38', '62136fc7668d63.07184185/laurapassport2020.pdf', 'laurapassport2020.pdf', 517981),
(41, '2022-02-21 10:56:38', '2022-02-21 10:57:15', '2022-02-21 10:57:15', '62136fe6e3c213.82956753/laurapassport2020.pdf', 'laurapassport2020.pdf', 517981),
(42, '2022-02-21 10:57:15', '2022-02-21 10:57:15', NULL, '6213700b5b86c7.12759073/laurapassport2020.pdf', 'laurapassport2020.pdf', 517981),
(43, '2022-02-21 16:31:07', '2022-02-21 16:31:07', NULL, '6213be4b456b42.66482441/alexander-wallaces-cv.docx', 'alexander-wallaces-cv.docx', 23372),
(44, '2022-02-21 16:32:18', '2022-02-21 16:32:18', NULL, '6213be922295a5.16732880/win-20211202-15-14-49-pro.jpg', 'win-20211202-15-14-49-pro.jpg', 1998229),
(45, '2022-02-22 08:37:50', '2022-02-22 08:37:50', NULL, '6214a0de712a51.91244293/cv.docx', 'cv.docx', 106335),
(46, '2022-02-22 08:39:55', '2022-02-22 08:39:55', NULL, '6214a15bb213a0.80174091/doc-id.pdf', 'doc-id.pdf', 781068),
(47, '2022-02-22 08:44:47', '2022-02-22 08:44:58', '2022-02-22 08:44:58', '6214a27fe43c76.40793142/recommendation.pdf', 'recommendation.pdf', 42669),
(48, '2022-02-22 08:44:58', '2022-02-22 08:45:19', '2022-02-22 08:45:19', '6214a28a31ce36.11523653/lettera-di-referenza-per-alessia-davitti.pdf', 'lettera-di-referenza-per-alessia-davitti.pdf', 88363),
(49, '2022-02-22 08:45:11', '2022-02-22 08:45:11', NULL, '6214a2973ace34.70341126/eye-l3-certificate.pdf', 'eye-l3-certificate.pdf', 215599),
(50, '2022-02-22 08:45:19', '2022-02-22 08:45:19', NULL, '6214a29fb2e5d2.25762034/recommendation.pdf', 'recommendation.pdf', 42669),
(51, '2022-02-22 08:45:19', '2022-02-22 08:45:19', NULL, '6214a29fb46857.22014831/doc-id.pdf', 'doc-id.pdf', 781068),
(52, '2022-02-22 10:01:28', '2022-02-22 10:01:28', NULL, '6214b478699ac4.59368289/cv-selene-sanesi-english.pdf', 'cv-selene-sanesi-english.pdf', 86115),
(53, '2022-02-22 10:03:05', '2022-02-22 10:03:05', NULL, '6214b4d99c51e5.90791813/fronte-retro-documento-cid.jpg', 'fronte-retro-documento-cid.jpg', 2049527),
(54, '2022-02-22 10:22:51', '2022-02-22 10:22:51', NULL, '6214b97be3f9a2.71558802/carta-lidentita.pdf', 'carta-lidentita.pdf', 270433),
(55, '2022-02-22 10:23:25', '2022-02-22 10:23:25', NULL, '6214b99d72c3e1.08903701/certificato-criminale-e-penale-selene-sanesi.jfif', 'certificato-criminale-e-penale-selene-sanesi.jfif', 493654),
(56, '2022-02-22 10:30:30', '2022-02-22 10:30:30', NULL, '6214bb469e2259.27519236/cv-babysitting.pdf', 'cv-babysitting.pdf', 656686),
(57, '2022-02-22 10:56:55', '2022-02-22 10:56:55', NULL, '6214c177358980.72590369/carta-didenta-wendy-1.jpg', 'carta-didenta-wendy-1.jpg', 431140),
(58, '2022-02-22 11:23:28', '2022-02-22 11:23:28', NULL, '6214c7b03e6db6.27982251/copie-de-lucie-boyer-2-1.pdf', 'copie-de-lucie-boyer-2-1.pdf', 67266),
(59, '2022-02-22 11:27:15', '2022-02-22 11:27:15', NULL, '6214c893a13bb5.65881301/bafa.pdf', 'bafa.pdf', 199401),
(60, '2022-02-22 11:27:15', '2022-02-22 11:27:15', NULL, '6214c893a33c44.78826838/piece-didentite.pdf', 'piece-didentite.pdf', 140722),
(61, '2022-02-22 12:16:19', '2022-02-22 12:16:19', NULL, '6214d413575777.23050002/certificato-penale.pdf', 'certificato-penale.pdf', 395249),
(62, '2022-02-22 13:34:12', '2022-02-22 13:34:12', NULL, '6214e654b92bc9.36967219/cv-aggiornato2022.pdf', 'cv-aggiornato2022.pdf', 695728),
(63, '2022-02-22 15:01:08', '2022-02-22 15:01:08', NULL, '6214fab454a201.83249783/babysitter-reference-eleanora.pdf', 'babysitter-reference-eleanora.pdf', 85147),
(64, '2022-02-22 15:01:08', '2022-02-22 15:01:08', NULL, '6214fab4573fa8.11342975/carta-didentita.pdf', 'carta-didentita.pdf', 1469627),
(65, '2022-02-22 16:42:07', '2022-02-22 16:42:07', NULL, '6215125fba9a25.61815553/psc1.pdf', 'psc1.pdf', 398284),
(66, '2022-02-22 22:22:40', '2022-02-22 22:22:40', NULL, '6215623083edc6.07519299/cv-2.pdf', 'cv-2.pdf', 55639),
(67, '2022-02-22 22:25:23', '2022-02-22 22:25:23', NULL, '621562d30ba9f5.67813117/f4412885-fad1-4dbc-8bc3-58e4a9b32fa7.jpg', 'f4412885-fad1-4dbc-8bc3-58e4a9b32fa7.jpg', 277645),
(68, '2022-02-23 10:40:39', '2022-02-23 10:40:39', NULL, '62160f276231d2.88067498/new-doc-2021-06-21-111837.pdf', 'new-doc-2021-06-21-111837.pdf', 259731);

-- --------------------------------------------------------

--
-- Table structure for table `interview_availabilities`
--

CREATE TABLE `interview_availabilities` (
  `id` bigint(20) UNSIGNED NOT NULL,
  `date` date NOT NULL
) ENGINE=InnoDB DEFAULT CHARSET=utf8 COLLATE=utf8_unicode_ci;

--
-- Dumping data for table `interview_availabilities`
--

INSERT INTO `interview_availabilities` (`id`, `date`) VALUES
(1, '2020-03-01'),
(2, '2020-03-08'),
(3, '2020-03-07'),
(4, '2020-03-06'),
(5, '2020-03-05'),
(6, '2020-03-04'),
(7, '2020-03-03'),
(8, '2020-03-02'),
(9, '2020-03-09'),
(10, '2020-03-10'),
(11, '2020-03-11'),
(12, '2020-03-12'),
(13, '2020-03-13'),
(14, '2020-03-14'),
(15, '2020-03-15'),
(16, '2020-03-22'),
(17, '2020-03-29'),
(18, '2020-03-28'),
(19, '2020-03-21'),
(20, '2020-03-20'),
(21, '2020-03-27'),
(22, '2020-03-26'),
(23, '2020-03-19'),
(24, '2020-03-18'),
(25, '2020-03-25'),
(26, '2020-03-24'),
(27, '2020-03-17'),
(28, '2020-03-30'),
(29, '2020-03-29'),
(30, '2020-03-23'),
(31, '2020-03-16'),
(32, '2020-06-04'),
(33, '2020-06-05'),
(34, '2020-06-06'),
(35, '2020-06-07'),
(36, '2020-06-13'),
(37, '2020-06-12'),
(38, '2020-06-11'),
(39, '2020-06-10'),
(40, '2020-06-09'),
(41, '2020-06-08'),
(42, '2020-06-15'),
(43, '2020-06-16'),
(44, '2020-06-18'),
(45, '2020-06-19'),
(46, '2020-06-17'),
(47, '2020-06-20'),
(48, '2020-06-21'),
(49, '2020-06-14'),
(50, '2021-01-11'),
(51, '2021-01-12'),
(52, '2021-01-13'),
(53, '2021-01-14'),
(54, '2021-01-15'),
(55, '2021-01-16'),
(56, '2021-01-18'),
(57, '2021-01-19'),
(58, '2021-01-26'),
(59, '2021-01-25'),
(60, '2021-01-27'),
(61, '2021-01-20'),
(62, '2021-01-21'),
(63, '2021-01-28'),
(64, '2021-01-29'),
(65, '2021-01-22'),
(66, '2021-01-23'),
(67, '2021-01-30'),
(68, '2021-01-31'),
(69, '2021-02-01'),
(70, '2021-02-02'),
(71, '2021-02-03'),
(72, '2021-02-04'),
(73, '2021-02-05'),
(74, '2021-02-06'),
(75, '2021-02-07'),
(76, '2021-02-08'),
(77, '2021-02-09'),
(78, '2021-02-10'),
(79, '2021-02-11'),
(80, '2021-02-12'),
(81, '2021-02-13'),
(82, '2021-02-14'),
(83, '2021-05-06'),
(84, '2021-05-07'),
(85, '2021-05-08'),
(86, '2021-05-09'),
(87, '2021-11-08'),
(88, '2021-11-09'),
(89, '2021-11-10'),
(90, '2021-11-11'),
(91, '2021-11-12'),
(92, '2021-11-13'),
(93, '2021-11-14'),
(94, '2021-12-01'),
(95, '2021-12-08'),
(96, '2021-12-02'),
(97, '2021-12-09'),
(98, '2021-12-10'),
(99, '2021-12-03'),
(100, '2021-12-04'),
(101, '2021-12-11'),
(102, '2021-12-05'),
(103, '2021-12-12'),
(104, '2021-12-07'),
(105, '2021-12-06'),
(106, '2021-11-22'),
(107, '2021-11-23'),
(108, '2021-11-24'),
(109, '2021-11-25'),
(110, '2021-11-26'),
(111, '2021-11-27'),
(112, '2021-11-28'),
(113, '2021-11-29'),
(114, '2021-11-30'),
(115, '2021-11-15'),
(116, '2021-11-16'),
(117, '2021-11-17'),
(118, '2021-11-18'),
(119, '2021-11-19'),
(120, '2021-11-20'),
(121, '2021-11-21'),
(122, '2022-01-24'),
(123, '2022-01-25'),
(124, '2022-01-26'),
(125, '2022-01-27'),
(126, '2022-01-28'),
(127, '2022-01-29'),
(128, '2022-01-30'),
(129, '2022-01-31'),
(130, '2022-02-01'),
(131, '2022-02-02'),
(132, '2022-02-03'),
(133, '2022-02-04'),
(134, '2022-02-05'),
(135, '2022-02-06'),
(136, '2022-02-13'),
(137, '2022-02-12'),
(138, '2022-02-11'),
(139, '2022-02-10'),
(140, '2022-02-09'),
(141, '2022-02-08'),
(142, '2022-02-07'),
(143, '2022-02-14'),
(144, '2022-02-15'),
(145, '2022-02-16'),
(146, '2022-02-17'),
(147, '2022-02-18'),
(148, '2022-02-19'),
(149, '2022-02-20'),
(150, '2022-02-27'),
(151, '2022-02-26'),
(152, '2022-02-25'),
(153, '2022-02-24'),
(154, '2022-02-23'),
(155, '2022-02-22'),
(156, '2022-02-21'),
(157, '2022-02-28'),
(158, '2022-03-01'),
(159, '2022-03-02'),
(160, '2022-03-03'),
(161, '2022-03-04'),
(162, '2022-03-05'),
(163, '2022-03-06'),
(164, '2022-03-07'),
(165, '2022-03-08'),
(166, '2022-03-09'),
(167, '2022-03-10'),
(168, '2022-03-11'),
(169, '2022-03-12'),
(170, '2022-03-13'),
(171, '2022-03-20'),
(172, '2022-03-27'),
(173, '2022-03-26'),
(174, '2022-03-19'),
(175, '2022-03-18'),
(176, '2022-03-25'),
(177, '2022-03-24'),
(178, '2022-03-17'),
(179, '2022-03-30'),
(180, '2022-03-31'),
(181, '2022-03-23'),
(182, '2022-03-16'),
(183, '2022-03-15'),
(184, '2022-03-22'),
(185, '2022-03-29'),
(186, '2022-03-28'),
(187, '2022-03-21'),
(188, '2022-03-14'),
(189, '2022-04-01'),
(190, '2022-04-02'),
(191, '2022-04-03'),
(192, '2022-04-10'),
(193, '2022-04-09'),
(194, '2022-04-08'),
(195, '2022-04-07'),
(196, '2022-04-06'),
(197, '2022-04-05'),
(198, '2022-04-04'),
(199, '2022-04-11'),
(200, '2022-04-12'),
(201, '2022-04-13'),
(202, '2022-04-14'),
(203, '2022-04-15'),
(204, '2022-04-16'),
(205, '2022-04-17'),
(206, '2022-04-24'),
(207, '2022-04-23'),
(208, '2022-04-30'),
(209, '2022-04-22'),
(210, '2022-04-29'),
(211, '2022-04-28'),
(212, '2022-04-21'),
(213, '2022-04-20'),
(214, '2022-04-27'),
(215, '2022-04-26'),
(216, '2022-04-19'),
(217, '2022-04-18'),
(218, '2022-04-25');

-- --------------------------------------------------------

--
-- Table structure for table `invoices`
--

CREATE TABLE `invoices` (
  `id` bigint(20) UNSIGNED NOT NULL,
  `deleted_at` timestamp NULL DEFAULT NULL,
  `created_at` timestamp NULL DEFAULT NULL,
  `updated_at` timestamp NULL DEFAULT NULL,
  `published` tinyint(1) NOT NULL DEFAULT '0',
  `title` varchar(200) COLLATE utf8_unicode_ci DEFAULT NULL,
  `description` text COLLATE utf8_unicode_ci
) ENGINE=InnoDB DEFAULT CHARSET=utf8 COLLATE=utf8_unicode_ci;

-- --------------------------------------------------------

--
-- Table structure for table `mediables`
--

CREATE TABLE `mediables` (
  `id` int(10) UNSIGNED NOT NULL,
  `created_at` timestamp NULL DEFAULT NULL,
  `updated_at` timestamp NULL DEFAULT NULL,
  `deleted_at` timestamp NULL DEFAULT NULL,
  `mediable_id` int(10) UNSIGNED DEFAULT NULL,
  `mediable_type` varchar(191) COLLATE utf8_unicode_ci DEFAULT NULL,
  `media_id` int(10) UNSIGNED NOT NULL,
  `crop_x` int(11) DEFAULT NULL,
  `crop_y` int(11) DEFAULT NULL,
  `crop_w` int(11) DEFAULT NULL,
  `crop_h` int(11) DEFAULT NULL,
  `role` varchar(191) COLLATE utf8_unicode_ci DEFAULT NULL,
  `crop` varchar(191) COLLATE utf8_unicode_ci DEFAULT NULL,
  `lqip_data` text COLLATE utf8_unicode_ci,
  `ratio` varchar(191) COLLATE utf8_unicode_ci DEFAULT NULL,
  `metadatas` text COLLATE utf8_unicode_ci NOT NULL,
  `locale` varchar(7) COLLATE utf8_unicode_ci NOT NULL
) ENGINE=InnoDB DEFAULT CHARSET=utf8 COLLATE=utf8_unicode_ci;

--
-- Dumping data for table `mediables`
--

INSERT INTO `mediables` (`id`, `created_at`, `updated_at`, `deleted_at`, `mediable_id`, `mediable_type`, `media_id`, `crop_x`, `crop_y`, `crop_w`, `crop_h`, `role`, `crop`, `lqip_data`, `ratio`, `metadatas`, `locale`) VALUES
(46, '2019-10-11 10:53:41', '2019-10-11 10:53:41', NULL, 25, 'blocks', 13, 0, 0, 781, 634, 'cover', 'default', NULL, 'default', '{\"caption\":null,\"altText\":null,\"video\":null}', 'en'),
(47, '2019-10-11 11:20:30', '2019-10-11 11:20:30', NULL, 26, 'blocks', 13, 0, 0, 781, 634, 'cover', 'default', NULL, 'default', '{\"caption\":null,\"altText\":null,\"video\":null}', 'en'),
(48, '2019-10-11 13:17:33', '2019-10-11 13:17:33', NULL, 27, 'blocks', 13, 0, 0, 781, 634, 'cover', 'default', NULL, 'default', '{\"caption\":null,\"altText\":null,\"video\":null}', 'en'),
(328, '2019-11-08 23:51:52', '2019-11-08 23:51:52', NULL, 5, 'App\\Models\\Slideshow', 91, 0, 105, 2500, 1406, 'image', 'default', NULL, 'default', '{\"caption\":null,\"altText\":null,\"video\":null}', 'en'),
(332, '2019-11-11 13:16:25', '2019-11-11 13:16:25', NULL, 4, 'App\\Models\\Slideshow', 80, 0, 261, 2500, 1406, 'image', 'default', NULL, 'default', '{\"caption\":null,\"altText\":null,\"video\":null}', 'en'),
(368, '2019-11-11 14:18:26', '2019-11-11 14:18:26', NULL, 6, 'App\\Models\\Slideshow', 83, 0, 261, 2500, 1406, 'image', 'default', NULL, 'default', '{\"caption\":null,\"altText\":null,\"video\":null}', 'en'),
(593, '2019-11-12 22:58:01', '2019-11-12 22:58:01', NULL, 1132, 'blocks', 104, 0, 0, 2500, 1667, 'cover', 'default', NULL, 'default', '{\"caption\":null,\"altText\":null,\"video\":null}', 'en'),
(643, '2019-11-12 23:36:48', '2019-11-12 23:36:48', NULL, 1230, 'blocks', 64, 0, 0, 2500, 1667, 'cover', 'default', NULL, 'default', '{\"caption\":null,\"altText\":null,\"video\":null}', 'en'),
(644, '2019-11-12 23:36:48', '2019-11-12 23:36:48', NULL, 1232, 'blocks', 44, 0, 0, 1280, 960, 'cover', 'default', NULL, 'default', '{\"caption\":null,\"altText\":null,\"video\":null}', 'en'),
(647, '2019-11-13 11:40:07', '2019-11-13 11:40:07', NULL, 1237, 'blocks', 83, 0, 0, 2500, 1667, 'cover', 'default', NULL, 'default', '{\"caption\":null,\"altText\":null,\"video\":null}', 'en'),
(765, '2019-12-09 12:48:46', '2019-12-09 12:48:46', NULL, 1, 'App\\Models\\Post', 125, 0, 0, 1224, 1224, 'thumbnail', 'default', NULL, 'square', '{\"caption\":null,\"altText\":null,\"video\":null}', 'en'),
(766, '2019-12-09 12:48:46', '2019-12-09 12:48:46', NULL, 1320, 'blocks', 126, 0, 0, 1224, 1632, 'cover', 'default', NULL, 'default', '{\"caption\":null,\"altText\":null,\"video\":null}', 'en'),
(768, '2019-12-09 12:55:11', '2019-12-09 12:55:11', NULL, 1323, 'blocks', 124, 0, 0, 1632, 1224, 'cover', 'default', NULL, 'default', '{\"caption\":null,\"altText\":null,\"video\":null}', 'en'),
(794, '2019-12-09 13:32:18', '2019-12-09 13:32:18', NULL, 1349, 'blocks', 124, 0, 344, 1632, 880, 'cover', 'default', NULL, 'default', '{\"caption\":null,\"altText\":null,\"video\":null}', 'en'),
(795, '2019-12-09 18:35:25', '2019-12-09 18:35:25', NULL, 1360, 'blocks', 121, 555, 241, 1273, 1275, 'left_column_image', 'default', NULL, 'default', '{\"caption\":null,\"altText\":null,\"video\":null}', 'en'),
(796, '2019-12-09 18:35:25', '2019-12-09 18:35:25', NULL, 1360, 'blocks', 104, 567, 509, 1005, 1006, 'middle_column_image', 'default', NULL, 'default', '{\"caption\":null,\"altText\":null,\"video\":null}', 'en'),
(797, '2019-12-09 18:35:25', '2019-12-09 18:35:25', NULL, 1360, 'blocks', 99, 792, 591, 1017, 1018, 'right_column_image', 'default', NULL, 'default', '{\"caption\":null,\"altText\":null,\"video\":null}', 'en'),
(821, '2019-12-10 14:27:23', '2019-12-10 14:27:23', NULL, 1375, 'blocks', 168, 836, 0, 1664, 1667, 'left_column_image', 'default', NULL, 'default', '{\"caption\":null,\"altText\":null,\"video\":null}', 'en'),
(822, '2019-12-10 14:27:23', '2019-12-10 14:27:23', NULL, 1375, 'blocks', 189, 0, 0, 1225, 1227, 'middle_column_image', 'default', NULL, 'default', '{\"caption\":null,\"altText\":null,\"video\":null}', 'en'),
(823, '2019-12-10 14:27:23', '2019-12-10 14:27:23', NULL, 1375, 'blocks', 173, 313, 0, 1664, 1667, 'right_column_image', 'default', NULL, 'default', '{\"caption\":null,\"altText\":null,\"video\":null}', 'en'),
(954, '2020-03-23 15:55:39', '2020-03-23 15:55:39', NULL, 2, 'App\\Models\\Post', 190, 0, 181, 528, 528, 'thumbnail', 'default', NULL, 'square', '{\"caption\":null,\"altText\":null,\"video\":null}', 'en'),
(955, '2020-03-23 15:55:39', '2020-03-23 15:55:39', NULL, 1631, 'blocks', 191, 0, 0, 720, 540, 'cover', 'default', NULL, 'default', '{\"caption\":null,\"altText\":null,\"video\":null}', 'en'),
(987, '2020-06-16 15:49:32', '2020-06-16 15:49:32', NULL, 3, 'App\\Models\\Post', 123, 191, 0, 1225, 1224, 'thumbnail', 'default', NULL, 'square', '{\"caption\":null,\"altText\":null,\"video\":null}', 'en'),
(988, '2020-06-16 15:49:32', '2020-06-16 15:49:32', NULL, 1675, 'blocks', 193, 0, 0, 1920, 1280, 'cover', 'default', NULL, 'default', '{\"caption\":null,\"altText\":null,\"video\":null}', 'en'),
(991, '2020-07-17 14:22:02', '2020-07-17 14:22:02', NULL, 2, 'App\\Models\\Babysitter', 167, 52, 0, 1664, 1667, 'profile_image', 'default', NULL, 'default', '{\"caption\":null,\"altText\":null,\"video\":null}', 'en'),
(1031, '2020-10-06 19:19:08', '2020-10-06 19:19:08', NULL, 10, 'App\\Models\\Babysitter', 35, 193, 0, 1233, 1232, 'profile_image', 'default', NULL, 'default', '{\"caption\":null,\"altText\":null,\"video\":null}', 'en'),
(1032, '2020-10-06 19:19:38', '2020-10-06 19:19:38', NULL, 6, 'App\\Models\\Babysitter', 191, 34, 0, 541, 540, 'profile_image', 'default', NULL, 'default', '{\"caption\":null,\"altText\":null,\"video\":null}', 'en'),
(1034, '2021-01-05 18:56:51', '2021-01-05 18:56:51', NULL, 22, 'App\\Models\\Babysitter', 192, 0, 20, 480, 480, 'profile_image', 'default', NULL, 'default', '{\"caption\":null,\"altText\":null,\"video\":null}', 'en'),
(1036, '2021-01-29 12:36:26', '2021-01-29 12:36:26', NULL, 23, 'App\\Models\\Babysitter', 189, 0, 0, 1225, 1227, 'profile_image', 'default', NULL, 'default', '{\"caption\":null,\"altText\":null,\"video\":null}', 'en'),
(1050, '2021-09-02 19:40:36', '2021-09-02 19:40:36', NULL, 1807, 'blocks', 79, 0, 0, 2500, 1667, 'cover', 'default', NULL, 'default', '{\"caption\":null,\"altText\":null,\"video\":null}', 'en'),
(1051, '2021-09-02 19:40:36', '2021-09-02 19:40:36', NULL, 1809, 'blocks', 107, 0, 0, 2500, 1667, 'cover', 'default', NULL, 'default', '{\"caption\":null,\"altText\":null,\"video\":null}', 'en'),
(1052, '2021-10-21 20:51:12', '2021-10-21 20:51:12', NULL, 1812, 'blocks', 122, 0, 0, 1632, 1224, 'cover', 'default', NULL, 'default', '{\"caption\":null,\"altText\":null,\"video\":null}', 'en'),
(1062, '2022-01-29 20:45:47', '2022-01-29 20:45:47', NULL, 3, 'App\\Models\\Slideshow', 128, 0, 261, 2500, 1406, 'image', 'default', NULL, 'default', '{\"caption\":null,\"altText\":null,\"video\":null}', 'en'),
(1065, '2022-01-29 20:52:04', '2022-01-29 20:52:04', NULL, 1, 'App\\Models\\Slideshow', 58, 0, 260, 2500, 1407, 'image', 'default', NULL, 'default', '{\"caption\":null,\"altText\":null,\"video\":null}', 'en'),
(1098, '2022-01-29 21:07:17', '2022-01-29 21:07:17', NULL, 1856, 'blocks', 124, 38, 0, 1225, 1224, 'place_1_image', 'default', NULL, 'default', '{\"caption\":null,\"altText\":null,\"video\":null}', 'en'),
(1099, '2022-01-29 21:07:17', '2022-01-29 21:07:17', NULL, 1856, 'blocks', 25, 385, 0, 770, 769, 'place_2_image', 'default', NULL, 'default', '{\"caption\":null,\"altText\":null,\"video\":null}', 'en'),
(1100, '2022-01-29 21:07:17', '2022-01-29 21:07:17', NULL, 1856, 'blocks', 19, 371, 0, 768, 769, 'place_3_image', 'default', NULL, 'default', '{\"caption\":null,\"altText\":null,\"video\":null}', 'en'),
(1101, '2022-01-29 21:07:17', '2022-01-29 21:07:17', NULL, 1856, 'blocks', 167, 423, 0, 1665, 1667, 'place_4_image', 'default', NULL, 'default', '{\"caption\":null,\"altText\":null,\"video\":null}', 'en'),
(1102, '2022-01-29 21:07:17', '2022-01-29 21:07:17', NULL, 1857, 'blocks', 187, 0, 342, 2500, 1325, 'cover', 'default', NULL, 'default', '{\"caption\":null,\"altText\":null,\"video\":null}', 'en'),
(1103, '2022-01-29 21:07:17', '2022-01-29 21:07:17', NULL, 1861, 'blocks', 17, 0, 380, 1210, 657, 'cover', 'default', NULL, 'default', '{\"caption\":null,\"altText\":null,\"video\":null}', 'en'),
(1104, '2022-01-29 21:07:17', '2022-01-29 21:07:17', NULL, 1862, 'blocks', 21, 0, 27, 1300, 699, 'cover', 'default', NULL, 'default', '{\"caption\":null,\"altText\":null,\"video\":null}', 'en'),
(1105, '2022-01-29 21:07:17', '2022-01-29 21:07:17', NULL, 1863, 'blocks', 12, 0, 0, 2500, 1350, 'cover', 'default', NULL, 'default', '{\"caption\":null,\"altText\":null,\"video\":null}', 'en'),
(1107, '2022-01-29 21:11:08', '2022-01-29 21:11:08', NULL, 36, 'App\\Models\\Babysitter', 199, 0, 0, 720, 721, 'profile_image', 'default', NULL, 'default', '{\"caption\":null,\"altText\":null,\"video\":null}', 'en'),
(1111, '2022-01-29 21:15:28', '2022-01-29 21:15:28', NULL, 9, 'App\\Models\\Babysitter', 37, 757, 0, 3027, 3024, 'profile_image', 'default', NULL, 'default', '{\"caption\":null,\"altText\":null,\"video\":null}', 'en'),
(1112, '2022-01-29 21:16:12', '2022-01-29 21:16:12', NULL, 33, 'App\\Models\\Babysitter', 198, 375, 0, 1000, 1000, 'profile_image', 'default', NULL, 'default', '{\"caption\":null,\"altText\":null,\"video\":null}', 'en'),
(1117, '2022-02-22 10:26:06', '2022-02-22 10:26:06', NULL, 42, 'App\\Models\\Babysitter', 200, 0, 0, 0, 0, 'profile_image', 'default', NULL, 'default', '{\"caption\":null,\"altText\":null,\"video\":null}', 'en'),
(1120, '2022-02-22 11:10:41', '2022-02-22 11:10:41', NULL, 49, 'App\\Models\\Babysitter', 201, 0, 0, 0, 0, 'profile_image', 'default', NULL, 'default', '{\"caption\":null,\"altText\":null,\"video\":null}', 'en'),
(1121, '2022-02-22 11:18:51', '2022-02-22 11:18:51', NULL, 57, 'App\\Models\\Babysitter', 202, 0, 0, 0, 0, 'profile_image', 'default', NULL, 'default', '{\"caption\":null,\"altText\":null,\"video\":null}', 'en'),
(1122, '2022-02-22 11:43:32', '2022-02-22 11:43:32', NULL, 37, 'App\\Models\\Babysitter', 192, 0, 20, 480, 480, 'profile_image', 'default', NULL, 'default', '{\"caption\":null,\"altText\":null,\"video\":null}', 'en'),
(1125, '2022-02-22 16:19:18', '2022-02-22 16:19:18', NULL, 52, 'App\\Models\\Babysitter', 204, 0, 0, 0, 0, 'profile_image', 'default', NULL, 'default', '{\"caption\":null,\"altText\":null,\"video\":null}', 'en'),
(1126, '2022-02-22 17:16:22', '2022-02-22 17:16:22', NULL, 55, 'App\\Models\\Babysitter', 203, 0, 0, 0, 0, 'profile_image', 'default', NULL, 'default', '{\"caption\":null,\"altText\":null,\"video\":null}', 'en');

-- --------------------------------------------------------

--
-- Table structure for table `medias`
--

CREATE TABLE `medias` (
  `id` int(10) UNSIGNED NOT NULL,
  `created_at` timestamp NULL DEFAULT NULL,
  `updated_at` timestamp NULL DEFAULT NULL,
  `deleted_at` timestamp NULL DEFAULT NULL,
  `uuid` varchar(191) COLLATE utf8_unicode_ci NOT NULL,
  `alt_text` varchar(191) COLLATE utf8_unicode_ci NOT NULL,
  `width` int(10) UNSIGNED NOT NULL,
  `height` int(10) UNSIGNED NOT NULL,
  `caption` varchar(191) COLLATE utf8_unicode_ci DEFAULT NULL,
  `filename` varchar(191) COLLATE utf8_unicode_ci DEFAULT NULL
) ENGINE=InnoDB DEFAULT CHARSET=utf8 COLLATE=utf8_unicode_ci;

--
-- Dumping data for table `medias`
--

INSERT INTO `medias` (`id`, `created_at`, `updated_at`, `deleted_at`, `uuid`, `alt_text`, `width`, `height`, `caption`, `filename`) VALUES
(8, '2019-10-07 14:56:33', '2019-10-10 12:12:58', '2019-10-10 12:12:58', 'c151a3bc-31a2-43b9-8936-03e272e26366/image2.jpg', 'Image2', 2474, 1143, NULL, 'image2.jpg'),
(9, '2019-10-07 20:00:01', '2019-10-07 20:00:01', NULL, '152783ab-571d-4330-adfc-e3d182449ab2/image2-copy.jpg', 'Image2 Copy', 2474, 1143, NULL, 'image2 - Copy.jpg'),
(10, '2019-10-10 11:58:25', '2019-10-10 12:14:58', '2019-10-10 12:14:58', '361fcb4d-0789-4e17-bec5-cc823eeb7f5f/7two-little-girls-next-to-the-eiffel-tower-in-paris.jpg', '7 Two Little Girls Next To The Eiffel Tower In Paris', 4583, 2867, NULL, '7.Two little girls next to the Eiffel Tower in Paris.jpg'),
(11, '2019-10-10 12:12:11', '2019-10-10 12:12:11', NULL, '93f78d0f-5400-4c81-b90a-e4ab0df0931c/paris.jpg', 'Paris', 2500, 1350, NULL, 'paris.jpg'),
(12, '2019-10-10 12:17:58', '2019-11-08 11:48:42', NULL, 'cc2f9fb0-7321-40d0-85c7-9fad80f46952/children.jpg', 'Children eating ice cream on holiday', 2500, 1350, 'Tripsitta - kids enjoying an ice cream on vacation', 'children.jpg'),
(13, '2019-10-11 10:30:51', '2019-10-11 10:30:51', NULL, 'ba5d0291-7691-4f98-a8ba-722dc44337f7/mask-group-16.jpg', 'Mask Group 16', 781, 634, NULL, 'Mask Group 16.jpg'),
(14, '2019-10-11 14:34:24', '2019-10-11 14:34:24', NULL, 'c787dda9-3403-47ea-a02e-838b973c5ab5/mask-group-17.jpg', 'Mask Group 17', 688, 524, NULL, 'Mask Group 17.jpg'),
(15, '2019-10-11 14:37:26', '2019-10-11 14:37:26', NULL, '032e0351-4224-401d-bebd-e7ad13e1a1b1/mask-group-18.jpg', 'Mask Group 18', 782, 532, NULL, 'Mask Group 18.jpg'),
(16, '2019-10-16 09:35:01', '2019-10-16 09:35:01', NULL, '21dbf061-464a-4ab5-8372-baa7cf41a34e/mask-group-19.jpg', 'Mask Group 19', 901, 332, NULL, 'Mask Group 19.jpg'),
(17, '2019-10-18 08:42:48', '2019-11-08 11:50:27', NULL, 'ecbde0aa-e6b9-4234-b197-07302843bcbc/tiziana-italian-english-and-spanish-speaking-nanny-in-florence-italy.jpg', 'Tiziana Italian English And Spanish Speaking Nanny In Florence Italy', 1210, 1200, 'Tripsitta babysitter and boy having fun together in italy,', 'Tiziana, Italian, English and spanish speaking nanny in Florence, Italy.jpg'),
(18, '2019-10-18 08:43:47', '2019-10-18 08:43:47', NULL, 'c32aea87-7c1b-4fdf-88f6-02ff0fe14a66/babysitter-and-baby-in-european-city.jpg', 'Babysitter And Baby In European City', 1300, 769, NULL, 'babysitter and baby in European city.jpg'),
(19, '2019-10-18 08:43:47', '2019-11-08 11:52:55', NULL, 'c32aea87-7c1b-4fdf-88f6-02ff0fe14a66/girls-in-paris.jpg', 'Girls In Paris', 1300, 769, 'two little girls on holiday in Paris', 'girls in paris.jpg'),
(20, '2019-10-18 08:43:48', '2019-11-08 13:31:11', NULL, '/luca-italy-babysitter.jpg', 'Luca Italy Babysitter', 1300, 769, 'Enjoying a bicycle ride in Lucca with Tripsitta babysitter', 'luca, italy, babysitter.jpg'),
(21, '2019-10-18 08:43:49', '2019-11-08 13:32:08', NULL, '/mother-and-daughter-florence.jpg', 'Mother And Daughter Florence', 1300, 769, 'Mother and daughter on holiday in Florence, Italy', 'mother and daughter florence.jpg'),
(22, '2019-10-18 08:43:50', '2019-11-08 13:33:10', NULL, '/mother-and-daughter-venice.jpg', 'Mother And Daughter Venice', 1920, 750, 'Mother and daughter enjoying Venice', 'mother and daughter venice.jpg'),
(23, '2019-10-18 08:43:51', '2019-11-08 13:34:12', NULL, 'c32aea87-7c1b-4fdf-88f6-02ff0fe14a66/bicycle-luca.jpg', 'Bicycle Lucca', 1300, 769, 'cycling the wall of lucca with a Tripsitta nanny!', 'bicycle luca.jpg'),
(24, '2019-10-18 08:43:52', '2019-11-08 13:35:31', NULL, '/the-son-of-the-tripsitta-founder-in-florence-italy.jpg', 'Little-boy-checking-out-the-view-of-florence-italy', 1300, 769, 'Tripsitta kid, checking out the view of Florence', 'The son of the Tripsitta founder in Florence, Italy.jpg'),
(25, '2019-10-18 08:43:53', '2019-10-18 08:43:53', NULL, 'c32aea87-7c1b-4fdf-88f6-02ff0fe14a66/little-girl-trevi-fountain-rome.jpg', 'Little Girl Trevi Fountain Rome', 1300, 769, NULL, 'little girl, trevi fountain Rome.jpg'),
(26, '2019-10-18 08:43:54', '2019-11-08 13:36:42', NULL, 'c32aea87-7c1b-4fdf-88f6-02ff0fe14a66/boys-on-beach.jpg', 'Boys On Beach', 1300, 769, 'Tripsitta boys enjoying the beach together on vacation', 'boys on beach.jpg'),
(27, '2019-10-18 11:45:46', '2019-11-08 13:36:49', '2019-11-08 13:36:49', '56261938-6999-4afe-88fb-883e50cedb73/adorable-little-girl-taking-selfie-450w-1088577470.jpg', 'Adorable Little Girl Taking Selfie 450w 1088577470', 450, 320, NULL, 'adorable-little-girl-taking-selfie-450w-1088577470.jpg'),
(28, '2019-10-18 15:23:18', '2019-11-08 13:37:37', NULL, '63917af3-7d55-4912-a4f1-632b67d0f8cb/img-2662.jpg', 'Tripsitta-family-taking-selfie-on-holiday-in-italy', 1062, 1062, 'Mother and son selfie', 'IMG_2662.JPG'),
(29, '2019-10-18 15:25:24', '2019-11-08 13:39:34', NULL, 'c77b2867-e7ff-4cd5-92be-d48a56acb2f5/img-3925.jpg', 'Parents-on-holiday-in-florence', 1575, 1050, 'Tripsitta parents enjoying some free time in Florence on a family holiday', 'IMG_3925.JPG'),
(30, '2019-10-18 15:25:25', '2019-11-08 13:40:35', NULL, '/tseg3360.jpg', 'The-colloseum-rome-italy', 1416, 1062, 'The sights of Rome', 'TSEG3360.JPG'),
(31, '2019-10-18 15:25:25', '2019-11-08 13:42:50', NULL, 'c77b2867-e7ff-4cd5-92be-d48a56acb2f5/legi5422.jpg', 'Tripsitta-family-laughing-and-having-fun-on-vacation-in-florence-italy', 1050, 1575, 'Tripsitta family having fun in Florence!', 'LEGI5422.JPG'),
(32, '2019-10-18 15:25:27', '2019-11-08 13:43:27', NULL, 'c77b2867-e7ff-4cd5-92be-d48a56acb2f5/img-3927.jpg', 'Parents-sharing-a-romantic-embrace-in-florence-italy-on-family-vacation', 1576, 1050, NULL, 'IMG_3927.JPG'),
(33, '2019-10-18 15:25:27', '2019-11-08 13:45:23', NULL, 'c77b2867-e7ff-4cd5-92be-d48a56acb2f5/img-3926.jpg', 'Expecting-couple-on-vacation-in-florence-italy', 1575, 1050, 'Expecting couple enjoy their holiday in Florence', 'IMG_3926.JPG'),
(34, '2019-10-18 15:25:28', '2019-11-08 13:45:56', NULL, 'c77b2867-e7ff-4cd5-92be-d48a56acb2f5/img-3928.jpg', 'family-with-small-child-on-vacation-in-florence-near-ponte-vecchio', 1575, 1050, NULL, 'IMG_3928.JPG'),
(35, '2019-10-18 15:26:53', '2019-11-08 13:47:04', NULL, 'f884d446-e2f4-4e13-87ca-a80a100f60d4/img-3556.jpg', 'nanny-with-baby-at-event', 1440, 1232, 'Tripsitta nanny', 'IMG_3556.JPG'),
(36, '2019-10-18 15:26:55', '2019-11-08 13:47:32', NULL, 'f884d446-e2f4-4e13-87ca-a80a100f60d4/img-3520.jpg', 'babysitter-playing-with-kids-at-corporate-event', 4032, 3024, NULL, 'IMG_3520.JPG'),
(37, '2019-10-18 15:26:55', '2019-11-08 13:49:21', NULL, 'f884d446-e2f4-4e13-87ca-a80a100f60d4/img-3485.jpg', 'nanny-playing-in-ball-pond-with-small-child-at-a-corporate-event', 4032, 3024, 'Tripsitta nanny in action!', 'IMG_3485.JPG'),
(38, '2019-10-18 15:26:58', '2019-11-08 13:50:54', NULL, 'f884d446-e2f4-4e13-87ca-a80a100f60d4/img-3493.jpg', 'nanny-laughing-and-holding-baby-at-corporate-event', 4032, 3024, 'Tripsitta nanny at work', 'IMG_3493.JPG'),
(39, '2019-10-18 15:26:58', '2019-11-08 13:52:27', NULL, '/img-3561.jpg', 'tripsitta-nanny-with-child-at-corporate-event-kids-club-in-sorrento-italy', 1440, 1232, 'Tripsitta nanny and her adorable new friend', 'IMG_3561.JPG'),
(40, '2019-10-18 15:26:59', '2019-11-08 13:53:11', NULL, 'f884d446-e2f4-4e13-87ca-a80a100f60d4/img-3486.jpg', 'tripsitta-nanny-with-baby-in-soft-play', 4032, 3024, 'Soft play time!', 'IMG_3486.JPG'),
(41, '2019-10-18 15:27:54', '2019-10-18 15:27:54', NULL, 'ebb311fa-6c3a-41c0-9187-230808c2a9ae/13913652-10154379617129618-5878345409791083916-o.jpg', '13913652 10154379617129618 5878345409791083916 O', 1080, 1349, NULL, '13913652_10154379617129618_5878345409791083916_o.jpg'),
(42, '2019-10-18 15:27:58', '2019-10-18 15:27:58', NULL, '/img-3980.jpg', 'Img 3980', 320, 320, NULL, 'IMG_3980.JPG'),
(43, '2019-10-18 15:28:00', '2019-10-18 15:28:00', NULL, '/img-3985.jpg', 'Img 3985', 1080, 1080, NULL, 'IMG_3985.JPG'),
(44, '2019-10-18 15:28:02', '2019-10-18 15:28:02', NULL, 'ebb311fa-6c3a-41c0-9187-230808c2a9ae/emmy-and-enzo.jpg', 'Emmy And Enzo', 1280, 960, NULL, 'Emmy and Enzo.JPG'),
(45, '2019-10-18 15:28:02', '2019-10-18 15:28:02', NULL, 'ebb311fa-6c3a-41c0-9187-230808c2a9ae/emmy-and-enzo-2.jpg', 'Emmy And Enzo 2', 1280, 960, NULL, 'Emmy and Enzo 2.JPG'),
(46, '2019-10-18 15:31:05', '2019-11-08 13:54:26', NULL, '/img-0058.jpg', 'tripsitta-nanny-in-lucca-italy-on-a-bike-ride-with-little-boy', 1537, 2049, 'riding the wall of Lucca with his favourite Tripsitta nanny!', 'IMG_0058.JPG'),
(47, '2019-10-22 08:44:04', '2019-10-22 08:44:04', NULL, '97cc19b3-1690-434d-9fa2-a7f724d84ad5/4-babysitter-and-baby-in-european-city-holiday-nanny-tripsitta.jpg', '4  Babysitter And Baby In European City Holiday Nanny Tripsitta', 4000, 2666, NULL, '4. Babysitter and baby in European city - holiday nanny - Tripsitta.jpg'),
(48, '2019-10-22 08:45:15', '2019-10-22 08:45:15', NULL, '2001d00f-4a17-4ea0-a6b8-928939a91ba3/7two-little-girls-next-to-the-eiffel-tower-in-paris.jpg', '7 Two Little Girls Next To The Eiffel Tower In Paris', 4583, 2867, NULL, '7.Two little girls next to the Eiffel Tower in Paris.jpg'),
(49, '2019-11-08 11:22:31', '2019-11-08 11:23:02', '2019-11-08 11:23:02', 'a626cc31-4f02-4b30-ac75-9064490947c8/stone-wall-co-cork.jpg', 'Stone Wall Co Cork', 4320, 3240, NULL, 'Stone_wall,_Co_Cork.jpg'),
(50, '2019-11-08 11:46:02', '2019-11-08 11:46:47', '2019-11-08 11:46:47', '56217383-87ae-4422-8518-27678b48f075/tripsitta-web-4.jpg', 'Tripsitta Web 4', 2500, 1667, NULL, 'tripsitta_WEB-4.jpg'),
(51, '2019-11-08 11:46:02', '2019-11-08 11:46:47', '2019-11-08 11:46:47', '56217383-87ae-4422-8518-27678b48f075/tripsitta-web-1.jpg', 'Tripsitta Web 1', 2500, 1667, NULL, 'tripsitta_WEB-1.jpg'),
(52, '2019-11-08 11:46:04', '2019-11-08 11:46:56', '2019-11-08 11:46:56', '56217383-87ae-4422-8518-27678b48f075/tripsitta-web-2.jpg', 'Tripsitta Web 2', 2500, 1667, NULL, 'tripsitta_WEB-2.jpg'),
(53, '2019-11-08 11:46:06', '2019-11-08 11:47:00', '2019-11-08 11:47:00', '56217383-87ae-4422-8518-27678b48f075/tripsitta-web-5.jpg', 'Tripsitta Web 5', 2500, 1667, NULL, 'tripsitta_WEB-5.jpg'),
(54, '2019-11-08 11:46:07', '2019-11-08 11:47:04', '2019-11-08 11:47:04', '56217383-87ae-4422-8518-27678b48f075/tripsitta-web-3.jpg', 'Tripsitta Web 3', 2500, 1667, NULL, 'tripsitta_WEB-3.jpg'),
(55, '2019-11-08 11:46:12', '2019-11-08 11:47:07', '2019-11-08 11:47:07', '/tripsitta-web-6.jpg', 'Tripsitta Web 6', 2500, 1667, NULL, 'tripsitta_WEB-6.jpg'),
(56, '2019-11-08 11:46:14', '2019-11-08 11:47:10', '2019-11-08 11:47:10', '/tripsitta-web-7.jpg', 'Tripsitta Web 7', 1667, 2500, NULL, 'tripsitta_WEB-7.jpg'),
(57, '2019-11-08 11:46:14', '2019-11-08 11:47:17', '2019-11-08 11:47:17', '/tripsitta-web-8.jpg', 'Tripsitta Web 8', 2500, 1667, NULL, 'tripsitta_WEB-8.jpg'),
(58, '2019-11-08 17:11:53', '2019-11-08 17:11:53', NULL, 'a36cddc8-3cca-45d5-83bd-fb365fe913bc/children-and-holiday-babysitters-in-hotel.jpg', 'Children And Holiday Babysitters In Hotel', 2500, 1667, NULL, 'children-and-holiday-babysitters-in-hotel.jpg'),
(59, '2019-11-08 17:12:04', '2019-11-08 17:12:04', NULL, 'a36cddc8-3cca-45d5-83bd-fb365fe913bc/children-and-holiday-nannies-in-hotel-together.jpg', 'Children And Holiday Nannies In Hotel Together', 2500, 1667, NULL, 'children-and-holiday-nannies-in-hotel-together.jpg'),
(60, '2019-11-08 17:12:05', '2019-11-08 17:12:05', NULL, 'a36cddc8-3cca-45d5-83bd-fb365fe913bc/children-and-holiday-nannies-in-hotel.jpg', 'Children And Holiday Nannies In Hotel', 2500, 1667, NULL, 'children-and-holiday-nannies-in-hotel.jpg'),
(61, '2019-11-08 17:12:05', '2019-11-08 17:12:05', NULL, 'a36cddc8-3cca-45d5-83bd-fb365fe913bc/children-and-holiday-babysitters-in-hotel-together.jpg', 'Children And Holiday Babysitters In Hotel Together', 2500, 1667, NULL, 'children-and-holiday-babysitters-in-hotel-together.jpg'),
(62, '2019-11-08 17:12:50', '2019-11-08 17:12:50', NULL, '18d341fe-a6a9-4814-8b7e-8f9e2b84e64f/tripsitta-babysitters-in-piazza-del-duomo-florence-with-some-children-on-vacation.jpg', 'Tripsitta Babysitters In Piazza Del Duomo Florence With Some Children On Vacation', 2500, 1667, NULL, 'tripsitta-babysitters-in-piazza-del-duomo-florence-with-some-children-on-vacation.jpg'),
(63, '2019-11-08 17:12:51', '2019-11-08 17:12:51', NULL, '18d341fe-a6a9-4814-8b7e-8f9e2b84e64f/tripsitta-babysitters-in-piazza-del-duomo-florence-playing-with-some-kids.jpg', 'Tripsitta Babysitters In Piazza Del Duomo Florence Playing With Some Kids', 2500, 1667, NULL, 'tripsitta-babysitters-in-piazza-del-duomo-florence-playing-with-some-kids.jpg'),
(64, '2019-11-08 17:12:52', '2019-11-08 17:12:52', NULL, '/tripsitta-nannies-in-ponte-vecchio-florence-italy-babysitting-kids-on-vacation.jpg', 'Tripsitta Nannies In Ponte Vecchio Florence Italy Babysitting Kids On Vacation', 2500, 1667, NULL, 'tripsitta-nannies-in-ponte-vecchio-florence-italy-babysitting-kids-on-vacation.jpg'),
(65, '2019-11-08 17:12:54', '2019-11-08 17:12:54', NULL, '/tripsitta-nannies-in-ponte-vecchio-florence-italy-with-a-group-of-kids-on-vacation.jpg', 'Tripsitta Nannies In Ponte Vecchio Florence Italy With A Group Of Kids On Vacation', 2500, 1667, NULL, 'tripsitta-nannies-in-ponte-vecchio-florence-italy-with-a-group-of-kids-on-vacation.jpg'),
(66, '2019-11-08 17:13:00', '2019-11-08 17:13:00', NULL, '18d341fe-a6a9-4814-8b7e-8f9e2b84e64f/tripsitta-babysitter-in-pontevecchio-florence.jpg', 'Tripsitta Babysitter In Pontevecchio Florence', 2500, 1667, NULL, 'tripsitta-babysitter-in-pontevecchio-florence.jpg'),
(67, '2019-11-08 17:13:00', '2019-11-08 17:13:00', NULL, '18d341fe-a6a9-4814-8b7e-8f9e2b84e64f/tripsitta-babysitters-in-piazza-del-duomo-florence-with-some-children.jpg', 'Tripsitta Babysitters In Piazza Del Duomo Florence With Some Children', 2500, 1667, NULL, 'tripsitta-babysitters-in-piazza-del-duomo-florence-with-some-children.jpg'),
(68, '2019-11-08 17:13:00', '2019-11-08 17:13:00', NULL, '/tripsitta-nannies-in-ponte-vecchio-florence-italy-with-children.jpg', 'Tripsitta Nannies In Ponte Vecchio Florence Italy With Children', 2500, 1667, NULL, 'tripsitta-nannies-in-ponte-vecchio-florence-italy-with-children.jpg'),
(69, '2019-11-08 17:13:01', '2019-11-08 17:13:01', NULL, '18d341fe-a6a9-4814-8b7e-8f9e2b84e64f/tripsitta-babysitters-in-piazza-del-duomo-florence-with-some-children-on-holiday.jpg', 'Tripsitta Babysitters In Piazza Del Duomo Florence With Some Children On Holiday', 1667, 2500, NULL, 'tripsitta-babysitters-in-piazza-del-duomo-florence-with-some-children-on-holiday.jpg'),
(70, '2019-11-08 17:13:02', '2019-11-08 17:13:02', NULL, '/tripsitta-nannies-in-ponte-vecchio-florence-italy-with-children-on-holiday.jpg', 'Tripsitta Nannies In Ponte Vecchio Florence Italy With Children On Holiday', 2500, 1667, NULL, 'tripsitta-nannies-in-ponte-vecchio-florence-italy-with-children-on-holiday.jpg'),
(71, '2019-11-08 17:13:02', '2019-11-08 17:13:02', NULL, '/tripsitta-nannies-in-ponte-vecchio-florence-italy-with-kids-on-a-holiday-excursion.jpg', 'Tripsitta Nannies In Ponte Vecchio Florence Italy With Kids On A Holiday Excursion', 2500, 1667, NULL, 'tripsitta-nannies-in-ponte-vecchio-florence-italy-with-kids-on-a-holiday-excursion.jpg'),
(72, '2019-11-08 17:13:03', '2019-11-08 17:13:03', NULL, '/tripsitta-nannies-in-ponte-vecchio-florence-italy-with-kids-on-a-holiday-outing.jpg', 'Tripsitta Nannies In Ponte Vecchio Florence Italy With Kids On A Holiday Outing', 2500, 1667, NULL, 'tripsitta-nannies-in-ponte-vecchio-florence-italy-with-kids-on-a-holiday-outing.jpg'),
(73, '2019-11-08 17:13:04', '2019-11-08 17:13:04', NULL, '/tripsitta-nannies-in-ponte-vecchio-florence-italy-with-kids-on-holiday.jpg', 'Tripsitta Nannies In Ponte Vecchio Florence Italy With Kids On Holiday', 2500, 1667, NULL, 'tripsitta-nannies-in-ponte-vecchio-florence-italy-with-kids-on-holiday.jpg'),
(74, '2019-11-08 17:13:04', '2019-11-08 17:13:04', NULL, '/tripsitta-nannies-in-ponte-vecchio-florence-italy-with-kids-on-vacation.jpg', 'Tripsitta Nannies In Ponte Vecchio Florence Italy With Kids On Vacation', 2500, 1667, NULL, 'tripsitta-nannies-in-ponte-vecchio-florence-italy-with-kids-on-vacation.jpg'),
(75, '2019-11-08 17:13:06', '2019-11-08 17:13:06', NULL, '/tripsitta-nannies-in-ponte-vecchio-florence-italy-with-kids-on-vacation-on-a-special-outing.jpg', 'Tripsitta Nannies In Ponte Vecchio Florence Italy With Kids On Vacation On A Special Outing', 2500, 1667, NULL, 'tripsitta-nannies-in-ponte-vecchio-florence-italy-with-kids-on-vacation-on-a-special-outing.jpg'),
(76, '2019-11-08 17:13:07', '2019-11-08 17:13:07', NULL, '/tripsitta-nannies-in-ponte-vecchio-florence-italy-with-children-on-vacation.jpg', 'Tripsitta Nannies In Ponte Vecchio Florence Italy With Children On Vacation', 2500, 1667, NULL, 'tripsitta-nannies-in-ponte-vecchio-florence-italy-with-children-on-vacation.jpg'),
(77, '2019-11-08 17:13:08', '2019-11-08 17:13:08', NULL, '/tripsitta-nanny-in-piazza-repubblica-florence-babysitting-boy.jpg', 'Tripsitta Nanny In Piazza Repubblica Florence Babysitting Boy', 2500, 1667, NULL, 'tripsitta-nanny-in-piazza-repubblica-florence-babysitting-boy.jpg'),
(78, '2019-11-08 17:13:10', '2019-11-08 17:13:10', NULL, '/tripsitta-nanny-in-piazza-repubblica-florence-babysitting-boy-on-holiday.jpg', 'Tripsitta Nanny In Piazza Repubblica Florence Babysitting Boy On Holiday', 2500, 1667, NULL, 'tripsitta-nanny-in-piazza-repubblica-florence-babysitting-boy-on-holiday.jpg'),
(79, '2019-11-08 17:13:11', '2019-11-08 17:13:11', NULL, '/tripsitta-nanny-in-piazza-repubblica-florence-babysitting-little-boy.jpg', 'Tripsitta Nanny In Piazza Repubblica Florence Babysitting Little Boy', 2500, 1667, NULL, 'tripsitta-nanny-in-piazza-repubblica-florence-babysitting-little-boy.jpg'),
(80, '2019-11-08 17:13:11', '2019-11-08 17:13:11', NULL, '/tripsitta-nanny-in-piazza-repubblica-florence-babysitting-baby-girl.jpg', 'Tripsitta Nanny In Piazza Repubblica Florence Babysitting Baby Girl', 2500, 1667, NULL, 'tripsitta-nanny-in-piazza-repubblica-florence-babysitting-baby-girl.jpg'),
(81, '2019-11-08 17:13:14', '2019-11-08 17:13:14', NULL, '/tripsitta-nanny-in-piazza-repubblica-florence-with-boy.jpg', 'Tripsitta Nanny In Piazza Repubblica Florence With Boy', 2500, 1667, NULL, 'tripsitta-nanny-in-piazza-repubblica-florence-with-boy.jpg'),
(82, '2019-11-08 17:14:48', '2019-11-08 17:14:48', NULL, 'b26babc6-8a90-4b1a-b272-8e5ed08ecb70/babysitter-and-little-girl-doing-activities-in-garden.jpg', 'Babysitter And Little Girl Doing Activities In Garden', 2500, 1667, NULL, 'babysitter-and-little-girl-doing-activities-in-garden.jpg'),
(83, '2019-11-08 17:14:53', '2019-11-08 17:14:53', NULL, 'b26babc6-8a90-4b1a-b272-8e5ed08ecb70/babysitter-and-little-girl-doing-activities-in-garden-together.jpg', 'Babysitter And Little Girl Doing Activities In Garden Together', 2500, 1667, NULL, 'babysitter-and-little-girl-doing-activities-in-garden-together.jpg'),
(84, '2019-11-08 17:14:53', '2019-11-08 17:14:53', NULL, 'b26babc6-8a90-4b1a-b272-8e5ed08ecb70/babysitter-and-little-girl-doing-fun-activities-in-garden.jpg', 'Babysitter And Little Girl Doing Fun Activities In Garden', 2500, 1667, NULL, 'babysitter-and-little-girl-doing-fun-activities-in-garden.jpg'),
(85, '2019-11-08 17:14:55', '2019-11-08 17:14:55', NULL, 'b26babc6-8a90-4b1a-b272-8e5ed08ecb70/babysitter-and-little-girl-doing-activities-in-garden-and-reading.jpg', 'Babysitter And Little Girl Doing Activities In Garden And Reading', 2500, 1667, NULL, 'babysitter-and-little-girl-doing-activities-in-garden-and-reading.jpg'),
(86, '2019-11-08 17:14:55', '2019-11-08 17:14:55', NULL, '/babysitter-with-children-in-garden-having-snacks.jpg', 'Babysitter With Children In Garden Having Snacks', 2500, 1667, NULL, 'babysitter-with-children-in-garden-having-snacks.jpg'),
(87, '2019-11-08 17:14:55', '2019-11-08 17:14:55', NULL, 'b26babc6-8a90-4b1a-b272-8e5ed08ecb70/babysitter-with-children-in-garden.jpg', 'Babysitter With Children In Garden', 2500, 1667, NULL, 'babysitter-with-children-in-garden.jpg'),
(88, '2019-11-08 17:14:55', '2019-11-08 17:14:55', NULL, '/babysitter-with-children-in-garden-having-fun.jpg', 'Babysitter With Children In Garden Having Fun', 2500, 1667, NULL, 'babysitter-with-children-in-garden-having-fun.jpg'),
(89, '2019-11-08 17:14:56', '2019-11-08 17:14:56', NULL, '/babysitter-with-children-in-garden-restaurant.jpg', 'Babysitter With Children In Garden Restaurant', 2500, 1667, NULL, 'babysitter-with-children-in-garden-restaurant.jpg'),
(90, '2019-11-08 17:14:57', '2019-11-08 17:14:57', NULL, '/tripsitta-babysitter-babysitting-brother-and-sister-in-italy.jpg', 'Tripsitta Babysitter Babysitting Brother And Sister In Italy', 2500, 1667, NULL, 'tripsitta-babysitter-babysitting-brother-and-sister-in-italy.jpg'),
(91, '2019-11-08 17:14:57', '2019-11-08 17:14:57', NULL, '/tripsitta-babysitter-babysitting-a-brother-and-sister-in-italy.jpg', 'Tripsitta Babysitter Babysitting A Brother And Sister In Italy', 2500, 1667, NULL, 'tripsitta-babysitter-babysitting-a-brother-and-sister-in-italy.jpg'),
(92, '2019-11-08 17:14:58', '2019-11-08 17:14:58', NULL, '/tripsitta-babysitter-babysitting-brother-and-sister-on-vacation-in-italy.jpg', 'Tripsitta Babysitter Babysitting Brother And Sister On Vacation In Italy', 2500, 1667, NULL, 'tripsitta-babysitter-babysitting-brother-and-sister-on-vacation-in-italy.jpg'),
(93, '2019-11-08 17:14:58', '2019-11-08 17:14:58', NULL, '/tripsitta-babysitter-babysitting-two-kids-in-italy.jpg', 'Tripsitta Babysitter Babysitting Two Kids In Italy', 2500, 1667, NULL, 'tripsitta-babysitter-babysitting-two-kids-in-italy.jpg'),
(94, '2019-11-08 17:15:00', '2019-11-08 17:15:00', NULL, '/tripsitta-babysitter-babysitting-two-kids-in-italy-firenze.jpg', 'Tripsitta Babysitter Babysitting Two Kids In Italy Firenze', 2500, 1667, NULL, 'tripsitta-babysitter-babysitting-two-kids-in-italy-firenze.jpg'),
(95, '2019-11-08 17:15:00', '2019-11-08 17:15:00', NULL, '/tripsitta-babysitter-babysitting-two-kids-in-italy-florence.jpg', 'Tripsitta Babysitter Babysitting Two Kids In Italy Florence', 2500, 1667, NULL, 'tripsitta-babysitter-babysitting-two-kids-in-italy-florence.jpg'),
(96, '2019-11-08 17:15:00', '2019-11-08 17:15:00', NULL, '/tripsitta-family-mother-and-adorable-baby-daughter-on-a-family-vacation-in-europe.jpg', 'Tripsitta Family Mother And Adorable Baby Daughter On A Family Vacation In Europe', 2500, 1667, NULL, 'tripsitta-family-mother-and-adorable-baby-daughter-on-a-family-vacation-in-europe.jpg'),
(97, '2019-11-08 17:15:01', '2019-11-08 17:15:01', NULL, '/tripsitta-family-mother-and-baby-daughter-on-a-family-vacation-in-europe.jpg', 'Tripsitta Family Mother And Baby Daughter On A Family Vacation In Europe', 2500, 1667, NULL, 'tripsitta-family-mother-and-baby-daughter-on-a-family-vacation-in-europe.jpg'),
(98, '2019-11-08 17:15:02', '2019-11-08 17:15:02', NULL, '/tripsitta-family-mother-and-cute-baby-daughter-on-a-family-vacation-in-europe.jpg', 'Tripsitta Family Mother And Cute Baby Daughter On A Family Vacation In Europe', 2500, 1667, NULL, 'tripsitta-family-mother-and-cute-baby-daughter-on-a-family-vacation-in-europe.jpg'),
(99, '2019-11-08 17:15:03', '2019-11-08 17:15:03', NULL, '/tripsitta-family-mother-and-daughter-on-a-family-vacation-in-europe.jpg', 'Tripsitta Family Mother And Daughter On A Family Vacation In Europe', 2500, 1667, NULL, 'tripsitta-family-mother-and-daughter-on-a-family-vacation-in-europe.jpg'),
(100, '2019-11-08 17:16:17', '2019-11-08 17:16:17', NULL, '10347e04-de81-432f-8ccf-ac3a203ea3bc/babysitter-with-children-in-garden-having-fun-and-eating-snacks.jpg', 'Babysitter With Children In Garden Having Fun And Eating Snacks', 2500, 1667, NULL, 'babysitter-with-children-in-garden-having-fun-and-eating-snacks.jpg'),
(101, '2019-11-08 17:16:21', '2019-11-08 17:16:21', NULL, '10347e04-de81-432f-8ccf-ac3a203ea3bc/babysitter-with-children-in-garden-having-fun-and-playing-some-games.jpg', 'Babysitter With Children In Garden Having Fun And Playing Some Games', 2500, 1667, NULL, 'babysitter-with-children-in-garden-having-fun-and-playing-some-games.jpg'),
(102, '2019-11-08 17:16:53', '2019-11-08 17:16:53', NULL, 'd3fc3c3c-db59-41dc-80bc-a4e690981b07/holiday-nanny-in-hotel-meeting-family.jpg', 'Holiday Nanny In Hotel Meeting Family ', 2500, 1667, NULL, 'holiday-nanny-in-hotel-meeting-family-.jpg'),
(103, '2019-11-08 17:16:53', '2019-11-08 17:16:53', NULL, 'd3fc3c3c-db59-41dc-80bc-a4e690981b07/holiday-nanny-in-hotel-meeting-family-for-first-time.jpg', 'Holiday Nanny In Hotel Meeting Family For First Time', 2500, 1667, NULL, 'holiday-nanny-in-hotel-meeting-family-for-first-time.jpg'),
(104, '2019-11-08 17:16:54', '2019-11-08 17:16:54', NULL, '/holiday-nanny-in-hotel-meeting-family-on-holiday-in-europe.jpg', 'Holiday Nanny In Hotel Meeting Family On Holiday In Europe', 2500, 1667, NULL, 'holiday-nanny-in-hotel-meeting-family-on-holiday-in-europe.jpg'),
(105, '2019-11-08 17:16:55', '2019-11-08 17:16:55', NULL, 'd3fc3c3c-db59-41dc-80bc-a4e690981b07/holiday-nanny-in-hotel-meeting-family.jpg', 'Holiday Nanny In Hotel Meeting Family', 2500, 1667, NULL, 'holiday-nanny-in-hotel-meeting-family.jpg'),
(106, '2019-11-08 17:16:56', '2019-11-08 17:16:56', NULL, '/tripsitta-babysitter-meeting-mother-and-baby-girl-in-hotel.jpg', 'Tripsitta Babysitter Meeting Mother And Baby Girl In Hotel', 2500, 1667, NULL, 'tripsitta-babysitter-meeting-mother-and-baby-girl-in-hotel.jpg'),
(107, '2019-11-08 17:16:56', '2019-11-11 14:39:31', NULL, '/tripsitta-babysitter-meeting-mother-and-baby-girl-in-hotel-lobby-area.jpg', 'Tripsitta Babysitter Meeting Mother And Baby Girl In Hotel Lobby Area', 2500, 1667, 'A mother meets a Tripsitta nanny for the first time with her daughter.', 'tripsitta-babysitter-meeting-mother-and-baby-girl-in-hotel-lobby-area.jpg'),
(108, '2019-11-08 17:16:56', '2019-11-08 17:16:56', NULL, 'd3fc3c3c-db59-41dc-80bc-a4e690981b07/holiday-nanny-in-hotel-meeting-family-on-holiday.jpg', 'Holiday Nanny In Hotel Meeting Family On Holiday ', 2500, 1667, NULL, 'holiday-nanny-in-hotel-meeting-family-on-holiday-.jpg'),
(109, '2019-11-08 17:16:57', '2019-11-08 17:16:57', NULL, '/tripsitta-babysitter-meeting-mother-and-baby-girl-in-hotel-reception.jpg', 'Tripsitta Babysitter Meeting Mother And Baby Girl In Hotel Reception', 2500, 1667, NULL, 'tripsitta-babysitter-meeting-mother-and-baby-girl-in-hotel-reception.jpg'),
(110, '2019-11-08 17:16:57', '2019-11-08 17:16:57', NULL, 'd3fc3c3c-db59-41dc-80bc-a4e690981b07/holiday-nanny-in-hotel-meeting-family-on-holiday.jpg', 'Holiday Nanny In Hotel Meeting Family On Holiday', 2500, 1667, NULL, 'holiday-nanny-in-hotel-meeting-family-on-holiday.jpg'),
(111, '2019-11-08 17:16:58', '2019-11-08 17:16:58', NULL, '/tripsitta-holida-nanny-playing-games-in-garden.jpg', 'Tripsitta Holida Nanny Playing Games In Garden', 2500, 1667, NULL, 'tripsitta-holida-nanny-playing-games-in-garden.jpg'),
(112, '2019-11-08 17:16:58', '2019-11-08 17:16:58', NULL, '/tripsitta-babysitter-meeting-mother-and-baby-girl-in-hotel-restaurant.jpg', 'Tripsitta Babysitter Meeting Mother And Baby Girl In Hotel Restaurant', 2500, 1667, NULL, 'tripsitta-babysitter-meeting-mother-and-baby-girl-in-hotel-restaurant.jpg'),
(113, '2019-11-08 17:16:59', '2019-11-08 17:16:59', NULL, '/tripsitta-holida-nanny-playing-in-garden.jpg', 'Tripsitta Holida Nanny Playing In Garden', 2500, 1667, NULL, 'tripsitta-holida-nanny-playing-in-garden.jpg'),
(114, '2019-11-08 17:17:00', '2019-11-08 17:17:00', NULL, '/tripsitta-holida-nanny-playing-in-garden-with-children.jpg', 'Tripsitta Holida Nanny Playing In Garden With Children', 2500, 1667, NULL, 'tripsitta-holida-nanny-playing-in-garden-with-children.jpg'),
(115, '2019-11-08 17:17:00', '2019-11-08 17:17:00', NULL, '/tripsitta-holida-nanny-playing-in-garden-with-kids.jpg', 'Tripsitta Holida Nanny Playing In Garden With Kids', 2500, 1667, NULL, 'tripsitta-holida-nanny-playing-in-garden-with-kids.jpg'),
(116, '2019-11-08 17:17:01', '2019-11-08 17:17:01', NULL, '/tripsitta-holiday-babysitters-in-hotel-with-children-reading.jpg', 'Tripsitta Holiday Babysitters In Hotel With Children Reading', 2500, 1667, NULL, 'tripsitta-holiday-babysitters-in-hotel-with-children-reading.jpg'),
(117, '2019-11-08 17:17:02', '2019-11-08 17:17:02', NULL, '/tripsitta-holiday-babysitter-in-hotel-with-children.jpg', 'Tripsitta Holiday Babysitter In Hotel With Children', 2500, 1667, NULL, 'tripsitta-holiday-babysitter-in-hotel-with-children.jpg'),
(118, '2019-11-08 17:17:02', '2019-11-08 17:17:02', NULL, '/tripsitta-holiday-babysitters-in-hotel-with-children-reading-in-lobby.jpg', 'Tripsitta Holiday Babysitters In Hotel With Children Reading In Lobby', 2500, 1667, NULL, 'tripsitta-holiday-babysitters-in-hotel-with-children-reading-in-lobby.jpg'),
(119, '2019-11-08 17:17:03', '2019-11-08 17:17:03', NULL, '/tripsitta-holiday-babysitter-with-baby-in-hotel.jpg', 'Tripsitta Holiday Babysitter With Baby In Hotel', 2500, 1667, NULL, 'tripsitta-holiday-babysitter-with-baby-in-hotel.jpg'),
(120, '2019-11-08 17:17:05', '2019-11-08 17:17:05', NULL, '/tripsitta-holiday-babysitter-with-baby-in-hotel-lobby-reading.jpg', 'Tripsitta Holiday Babysitter With Baby In Hotel Lobby Reading', 2500, 1667, NULL, 'tripsitta-holiday-babysitter-with-baby-in-hotel-lobby-reading.jpg'),
(121, '2019-11-08 17:17:09', '2019-11-08 17:17:09', NULL, '/tripsitta-holiday-babysitter-with-baby-in-hotel-lobby.jpg', 'Tripsitta Holiday Babysitter With Baby In Hotel Lobby', 2500, 1667, NULL, 'tripsitta-holiday-babysitter-with-baby-in-hotel-lobby.jpg'),
(122, '2019-11-08 22:04:57', '2019-11-11 13:16:22', NULL, 'e22b8c89-4465-4fdb-a3b1-81f9509b4692/tripsitta-babysitters-recruitment.jpg', 'Tripsitta Babysitters Recruitment', 1632, 1224, 'Our Tripsitta nannies', 'Tripsitta-babysitters-recruitment.jpg'),
(123, '2019-11-08 22:05:15', '2019-11-08 22:05:15', NULL, 'dfa4254f-fbca-4a5c-ad73-f2eeadd90c7f/children-playing-with-bubbles-on-holiday.jpg', 'Children Playing With Bubbles On Holiday', 1632, 1224, NULL, 'children-playing-with-bubbles-on-holiday.jpg'),
(124, '2019-11-08 22:05:30', '2019-11-08 22:05:30', NULL, 'bf32f149-1bf6-4481-b924-f1d62865e8da/two-little-boys-exploring-the-beach-on-holiday.jpg', 'Two Little Boys Exploring The Beach On Holiday', 1632, 1224, NULL, 'two-little-boys-exploring-the-beach-on-holiday.jpg'),
(125, '2019-11-08 22:27:20', '2019-11-08 22:27:20', NULL, '04ccc650-f3b6-4354-92b3-8854008fdec9/little-boy-boarding-plane.jpg', 'Little Boy Boarding Plane', 1224, 1632, NULL, 'little-boy-boarding-plane.jpg'),
(126, '2019-11-08 22:27:20', '2019-11-14 13:53:50', NULL, '04ccc650-f3b6-4354-92b3-8854008fdec9/little-boy-travelling-boarding-plane-with-suitcase.jpg', 'Little Boy Travelling Boarding Plane With Suitcase', 1224, 1632, 'Travelling with kids, family travel, modern family', 'little-boy-travelling-boarding-plane-with-suitcase.jpg'),
(127, '2019-11-12 22:29:09', '2019-11-12 22:29:09', NULL, 'c3a4a749-30c6-4bfd-9a00-261fc7413041/holiday-nanny-in-hotel-meeting-family-on-holiday.jpg', 'Holiday Nanny In Hotel Meeting Family On Holiday ', 2500, 1667, NULL, 'holiday-nanny-in-hotel-meeting-family-on-holiday-.jpg'),
(128, '2019-12-10 11:09:30', '2019-12-10 11:09:30', NULL, 'd58ff838-09ae-4851-b5e6-6896f78cd4a0/tripsitta-babysitters-in-piazza-del-duomo-florence-playing-with-some-kids-copy.jpg', 'Tripsitta Babysitters In Piazza Del Duomo Florence Playing With Some Kids Copy', 2500, 1667, NULL, 'tripsitta-babysitters-in-piazza-del-duomo-florence-playing-with-some-kids - Copy.jpg'),
(129, '2019-12-10 11:12:57', '2019-12-10 11:12:57', NULL, 'b39f7321-177c-4d0f-9d48-c07221cc5f33/tripsitta-babysitter-in-pontevecchio-florence.jpg', 'Tripsitta Babysitter In Pontevecchio Florence', 2500, 1667, NULL, 'tripsitta-babysitter-in-pontevecchio-florence.jpg'),
(130, '2019-12-10 11:12:58', '2019-12-10 11:12:58', NULL, 'b39f7321-177c-4d0f-9d48-c07221cc5f33/tripsitta-babysitters-in-piazza-del-duomo-florence-with-some-children-on-holiday.jpg', 'Tripsitta Babysitters In Piazza Del Duomo Florence With Some Children On Holiday', 1667, 2500, NULL, 'tripsitta-babysitters-in-piazza-del-duomo-florence-with-some-children-on-holiday.jpg'),
(131, '2019-12-10 11:12:59', '2019-12-10 11:12:59', NULL, '/tripsitta-nannies-in-ponte-vecchio-florence-italy-with-a-group-of-kids-on-vacation.jpg', 'Tripsitta Nannies In Ponte Vecchio Florence Italy With A Group Of Kids On Vacation', 2500, 1667, NULL, 'tripsitta-nannies-in-ponte-vecchio-florence-italy-with-a-group-of-kids-on-vacation.jpg'),
(132, '2019-12-10 11:12:59', '2019-12-10 11:12:59', NULL, '/tripsitta-nannies-in-ponte-vecchio-florence-italy-babysitting-kids-on-vacation.jpg', 'Tripsitta Nannies In Ponte Vecchio Florence Italy Babysitting Kids On Vacation', 2500, 1667, NULL, 'tripsitta-nannies-in-ponte-vecchio-florence-italy-babysitting-kids-on-vacation.jpg'),
(133, '2019-12-10 11:12:59', '2019-12-10 11:12:59', NULL, 'b39f7321-177c-4d0f-9d48-c07221cc5f33/tripsitta-babysitters-in-piazza-del-duomo-florence-playing-with-some-kids.jpg', 'Tripsitta Babysitters In Piazza Del Duomo Florence Playing With Some Kids', 2500, 1667, NULL, 'tripsitta-babysitters-in-piazza-del-duomo-florence-playing-with-some-kids.jpg'),
(134, '2019-12-10 11:13:00', '2019-12-10 11:13:00', NULL, 'b39f7321-177c-4d0f-9d48-c07221cc5f33/tripsitta-babysitters-in-piazza-del-duomo-florence-with-some-children.jpg', 'Tripsitta Babysitters In Piazza Del Duomo Florence With Some Children', 2500, 1667, NULL, 'tripsitta-babysitters-in-piazza-del-duomo-florence-with-some-children.jpg'),
(135, '2019-12-10 11:13:01', '2019-12-10 11:13:01', NULL, '/tripsitta-nannies-in-ponte-vecchio-florence-italy-with-children-on-holiday.jpg', 'Tripsitta Nannies In Ponte Vecchio Florence Italy With Children On Holiday', 2500, 1667, NULL, 'tripsitta-nannies-in-ponte-vecchio-florence-italy-with-children-on-holiday.jpg'),
(136, '2019-12-10 11:13:02', '2019-12-10 11:13:02', NULL, '/tripsitta-nannies-in-ponte-vecchio-florence-italy-with-children.jpg', 'Tripsitta Nannies In Ponte Vecchio Florence Italy With Children', 2500, 1667, NULL, 'tripsitta-nannies-in-ponte-vecchio-florence-italy-with-children.jpg'),
(137, '2019-12-10 11:13:02', '2019-12-10 11:13:02', NULL, 'b39f7321-177c-4d0f-9d48-c07221cc5f33/tripsitta-babysitters-in-piazza-del-duomo-florence-with-some-children-on-vacation.jpg', 'Tripsitta Babysitters In Piazza Del Duomo Florence With Some Children On Vacation', 2500, 1667, NULL, 'tripsitta-babysitters-in-piazza-del-duomo-florence-with-some-children-on-vacation.jpg'),
(138, '2019-12-10 11:13:03', '2019-12-10 11:13:03', NULL, '/tripsitta-nannies-in-ponte-vecchio-florence-italy-with-children-on-vacation.jpg', 'Tripsitta Nannies In Ponte Vecchio Florence Italy With Children On Vacation', 2500, 1667, NULL, 'tripsitta-nannies-in-ponte-vecchio-florence-italy-with-children-on-vacation.jpg'),
(139, '2019-12-10 11:13:03', '2019-12-10 11:13:03', NULL, '/tripsitta-nannies-in-ponte-vecchio-florence-italy-with-kids-on-a-holiday-excursion.jpg', 'Tripsitta Nannies In Ponte Vecchio Florence Italy With Kids On A Holiday Excursion', 2500, 1667, NULL, 'tripsitta-nannies-in-ponte-vecchio-florence-italy-with-kids-on-a-holiday-excursion.jpg'),
(140, '2019-12-10 11:13:04', '2019-12-10 11:13:04', NULL, '/tripsitta-nannies-in-ponte-vecchio-florence-italy-with-kids-on-a-holiday-outing.jpg', 'Tripsitta Nannies In Ponte Vecchio Florence Italy With Kids On A Holiday Outing', 2500, 1667, NULL, 'tripsitta-nannies-in-ponte-vecchio-florence-italy-with-kids-on-a-holiday-outing.jpg'),
(141, '2019-12-10 11:13:05', '2019-12-10 11:13:05', NULL, '/tripsitta-nannies-in-ponte-vecchio-florence-italy-with-kids-on-vacation-on-a-special-outing.jpg', 'Tripsitta Nannies In Ponte Vecchio Florence Italy With Kids On Vacation On A Special Outing', 2500, 1667, NULL, 'tripsitta-nannies-in-ponte-vecchio-florence-italy-with-kids-on-vacation-on-a-special-outing.jpg'),
(142, '2019-12-10 11:13:05', '2019-12-10 11:13:05', NULL, '/tripsitta-nannies-in-ponte-vecchio-florence-italy-with-kids-on-vacation.jpg', 'Tripsitta Nannies In Ponte Vecchio Florence Italy With Kids On Vacation', 2500, 1667, NULL, 'tripsitta-nannies-in-ponte-vecchio-florence-italy-with-kids-on-vacation.jpg'),
(143, '2019-12-10 11:13:06', '2019-12-10 11:13:06', NULL, '/tripsitta-nannies-in-ponte-vecchio-florence-italy-with-kids-on-holiday.jpg', 'Tripsitta Nannies In Ponte Vecchio Florence Italy With Kids On Holiday', 2500, 1667, NULL, 'tripsitta-nannies-in-ponte-vecchio-florence-italy-with-kids-on-holiday.jpg'),
(144, '2019-12-10 11:13:06', '2019-12-10 11:13:06', NULL, '/tripsitta-nanny-in-piazza-repubblica-florence-babysitting-baby-girl.jpg', 'Tripsitta Nanny In Piazza Repubblica Florence Babysitting Baby Girl', 2500, 1667, NULL, 'tripsitta-nanny-in-piazza-repubblica-florence-babysitting-baby-girl.jpg'),
(145, '2019-12-10 11:13:06', '2019-12-10 11:13:06', NULL, '/tripsitta-nanny-in-piazza-repubblica-florence-babysitting-boy.jpg', 'Tripsitta Nanny In Piazza Repubblica Florence Babysitting Boy', 2500, 1667, NULL, 'tripsitta-nanny-in-piazza-repubblica-florence-babysitting-boy.jpg'),
(146, '2019-12-10 11:13:07', '2019-12-10 11:13:07', NULL, '/tripsitta-nanny-in-piazza-repubblica-florence-babysitting-little-boy.jpg', 'Tripsitta Nanny In Piazza Repubblica Florence Babysitting Little Boy', 2500, 1667, NULL, 'tripsitta-nanny-in-piazza-repubblica-florence-babysitting-little-boy.jpg'),
(147, '2019-12-10 11:13:08', '2019-12-10 11:13:08', NULL, '/tripsitta-nanny-in-piazza-repubblica-florence-babysitting-boy-on-holiday.jpg', 'Tripsitta Nanny In Piazza Repubblica Florence Babysitting Boy On Holiday', 2500, 1667, NULL, 'tripsitta-nanny-in-piazza-repubblica-florence-babysitting-boy-on-holiday.jpg'),
(148, '2019-12-10 11:13:09', '2019-12-10 11:13:09', NULL, '/tripsitta-nanny-in-piazza-repubblica-florence-with-boy.jpg', 'Tripsitta Nanny In Piazza Repubblica Florence With Boy', 2500, 1667, NULL, 'tripsitta-nanny-in-piazza-repubblica-florence-with-boy.jpg'),
(149, '2019-12-10 11:13:43', '2019-12-10 11:13:43', NULL, '1f4130fd-fe8b-4299-b978-3725518d7bd8/babysitter-and-little-girl-doing-activities-in-garden.jpg', 'Babysitter And Little Girl Doing Activities In Garden', 2500, 1667, NULL, 'babysitter-and-little-girl-doing-activities-in-garden.jpg'),
(150, '2019-12-10 11:13:44', '2019-12-10 11:13:44', NULL, '1f4130fd-fe8b-4299-b978-3725518d7bd8/babysitter-and-little-girl-doing-fun-activities-in-garden.jpg', 'Babysitter And Little Girl Doing Fun Activities In Garden', 2500, 1667, NULL, 'babysitter-and-little-girl-doing-fun-activities-in-garden.jpg'),
(151, '2019-12-10 11:13:45', '2019-12-10 11:13:45', NULL, '1f4130fd-fe8b-4299-b978-3725518d7bd8/babysitter-and-little-girl-doing-activities-in-garden-together.jpg', 'Babysitter And Little Girl Doing Activities In Garden Together', 2500, 1667, NULL, 'babysitter-and-little-girl-doing-activities-in-garden-together.jpg'),
(152, '2019-12-10 11:13:45', '2019-12-10 11:13:45', NULL, '/babysitter-with-children-in-garden-having-fun-and-eating-snacks.jpg', 'Babysitter With Children In Garden Having Fun And Eating Snacks', 2500, 1667, NULL, 'babysitter-with-children-in-garden-having-fun-and-eating-snacks.jpg'),
(153, '2019-12-10 11:13:45', '2019-12-10 11:13:45', NULL, '1f4130fd-fe8b-4299-b978-3725518d7bd8/babysitter-with-children-in-garden.jpg', 'Babysitter With Children In Garden', 2500, 1667, NULL, 'babysitter-with-children-in-garden.jpg'),
(154, '2019-12-10 11:13:46', '2019-12-10 11:13:46', NULL, '/babysitter-with-children-in-garden-having-fun.jpg', 'Babysitter With Children In Garden Having Fun', 2500, 1667, NULL, 'babysitter-with-children-in-garden-having-fun.jpg'),
(155, '2019-12-10 11:13:46', '2019-12-10 11:13:46', NULL, '/babysitter-with-children-in-garden-having-fun-and-playing-some-games.jpg', 'Babysitter With Children In Garden Having Fun And Playing Some Games', 2500, 1667, NULL, 'babysitter-with-children-in-garden-having-fun-and-playing-some-games.jpg'),
(156, '2019-12-10 11:13:47', '2019-12-10 11:13:47', NULL, '/babysitter-with-children-in-garden-restaurant.jpg', 'Babysitter With Children In Garden Restaurant', 2500, 1667, NULL, 'babysitter-with-children-in-garden-restaurant.jpg'),
(157, '2019-12-10 11:13:47', '2019-12-10 11:13:47', NULL, '/babysitter-with-children-in-garden-having-snacks.jpg', 'Babysitter With Children In Garden Having Snacks', 2500, 1667, NULL, 'babysitter-with-children-in-garden-having-snacks.jpg'),
(158, '2019-12-10 11:13:47', '2019-12-10 11:13:47', NULL, '1f4130fd-fe8b-4299-b978-3725518d7bd8/babysitter-and-little-girl-doing-activities-in-garden-and-reading.jpg', 'Babysitter And Little Girl Doing Activities In Garden And Reading', 2500, 1667, NULL, 'babysitter-and-little-girl-doing-activities-in-garden-and-reading.jpg'),
(159, '2019-12-10 11:13:47', '2019-12-10 11:13:47', NULL, '/tripsitta-babysitter-babysitting-a-brother-and-sister-in-italy.jpg', 'Tripsitta Babysitter Babysitting A Brother And Sister In Italy', 2500, 1667, NULL, 'tripsitta-babysitter-babysitting-a-brother-and-sister-in-italy.jpg'),
(160, '2019-12-10 11:13:48', '2019-12-10 11:13:48', NULL, '/tripsitta-babysitter-babysitting-brother-and-sister-in-italy.jpg', 'Tripsitta Babysitter Babysitting Brother And Sister In Italy', 2500, 1667, NULL, 'tripsitta-babysitter-babysitting-brother-and-sister-in-italy.jpg'),
(161, '2019-12-10 11:13:48', '2019-12-10 11:13:48', NULL, '/tripsitta-babysitter-babysitting-brother-and-sister-on-vacation-in-italy.jpg', 'Tripsitta Babysitter Babysitting Brother And Sister On Vacation In Italy', 2500, 1667, NULL, 'tripsitta-babysitter-babysitting-brother-and-sister-on-vacation-in-italy.jpg'),
(162, '2019-12-10 11:13:49', '2019-12-10 11:13:49', NULL, '/tripsitta-babysitter-babysitting-two-kids-in-italy-florence.jpg', 'Tripsitta Babysitter Babysitting Two Kids In Italy Florence', 2500, 1667, NULL, 'tripsitta-babysitter-babysitting-two-kids-in-italy-florence.jpg'),
(163, '2019-12-10 11:13:50', '2019-12-10 11:13:50', NULL, '/tripsitta-babysitter-babysitting-two-kids-in-italy-firenze.jpg', 'Tripsitta Babysitter Babysitting Two Kids In Italy Firenze', 2500, 1667, NULL, 'tripsitta-babysitter-babysitting-two-kids-in-italy-firenze.jpg'),
(164, '2019-12-10 11:13:50', '2019-12-10 11:13:50', NULL, '/tripsitta-family-mother-and-baby-daughter-on-a-family-vacation-in-europe.jpg', 'Tripsitta Family Mother And Baby Daughter On A Family Vacation In Europe', 2500, 1667, NULL, 'tripsitta-family-mother-and-baby-daughter-on-a-family-vacation-in-europe.jpg'),
(165, '2019-12-10 11:13:50', '2019-12-10 11:13:50', NULL, '/tripsitta-family-mother-and-cute-baby-daughter-on-a-family-vacation-in-europe.jpg', 'Tripsitta Family Mother And Cute Baby Daughter On A Family Vacation In Europe', 2500, 1667, NULL, 'tripsitta-family-mother-and-cute-baby-daughter-on-a-family-vacation-in-europe.jpg'),
(166, '2019-12-10 11:13:51', '2019-12-10 11:13:51', NULL, '/tripsitta-babysitter-babysitting-two-kids-in-italy.jpg', 'Tripsitta Babysitter Babysitting Two Kids In Italy', 2500, 1667, NULL, 'tripsitta-babysitter-babysitting-two-kids-in-italy.jpg'),
(167, '2019-12-10 11:13:51', '2019-12-10 11:13:51', NULL, '/tripsitta-family-mother-and-adorable-baby-daughter-on-a-family-vacation-in-europe.jpg', 'Tripsitta Family Mother And Adorable Baby Daughter On A Family Vacation In Europe', 2500, 1667, NULL, 'tripsitta-family-mother-and-adorable-baby-daughter-on-a-family-vacation-in-europe.jpg'),
(168, '2019-12-10 11:13:52', '2019-12-10 11:13:52', NULL, '/tripsitta-family-mother-and-daughter-on-a-family-vacation-in-europe.jpg', 'Tripsitta Family Mother And Daughter On A Family Vacation In Europe', 2500, 1667, NULL, 'tripsitta-family-mother-and-daughter-on-a-family-vacation-in-europe.jpg'),
(169, '2019-12-10 11:18:21', '2019-12-10 11:18:21', NULL, '9611a2cb-48a9-427e-87eb-34f07231a385/holiday-nanny-in-hotel-meeting-family.jpg', 'Holiday Nanny In Hotel Meeting Family', 2500, 1667, NULL, 'holiday-nanny-in-hotel-meeting-family.jpg'),
(170, '2019-12-10 11:18:21', '2019-12-10 11:18:21', NULL, '9611a2cb-48a9-427e-87eb-34f07231a385/holiday-nanny-in-hotel-meeting-family-on-holiday.jpg', 'Holiday Nanny In Hotel Meeting Family On Holiday', 2500, 1667, NULL, 'holiday-nanny-in-hotel-meeting-family-on-holiday.jpg'),
(171, '2019-12-10 11:18:22', '2019-12-10 11:18:22', NULL, '9611a2cb-48a9-427e-87eb-34f07231a385/holiday-nanny-in-hotel-meeting-family.jpg', 'Holiday Nanny In Hotel Meeting Family ', 2500, 1667, NULL, 'holiday-nanny-in-hotel-meeting-family-.jpg'),
(172, '2019-12-10 11:18:22', '2019-12-10 11:18:22', NULL, '9611a2cb-48a9-427e-87eb-34f07231a385/holiday-nanny-in-hotel-meeting-family-for-first-time.jpg', 'Holiday Nanny In Hotel Meeting Family For First Time', 2500, 1667, NULL, 'holiday-nanny-in-hotel-meeting-family-for-first-time.jpg'),
(173, '2019-12-10 11:18:23', '2019-12-10 11:18:23', NULL, '/holiday-nanny-in-hotel-meeting-family-on-holiday-in-europe.jpg', 'Holiday Nanny In Hotel Meeting Family On Holiday In Europe', 2500, 1667, NULL, 'holiday-nanny-in-hotel-meeting-family-on-holiday-in-europe.jpg'),
(174, '2019-12-10 11:18:23', '2019-12-10 11:18:23', NULL, '/tripsitta-babysitter-meeting-mother-and-baby-girl-in-hotel-reception.jpg', 'Tripsitta Babysitter Meeting Mother And Baby Girl In Hotel Reception', 2500, 1667, NULL, 'tripsitta-babysitter-meeting-mother-and-baby-girl-in-hotel-reception.jpg'),
(175, '2019-12-10 11:18:24', '2019-12-10 11:18:24', NULL, '9611a2cb-48a9-427e-87eb-34f07231a385/holiday-nanny-in-hotel-meeting-family-on-holiday.jpg', 'Holiday Nanny In Hotel Meeting Family On Holiday ', 2500, 1667, NULL, 'holiday-nanny-in-hotel-meeting-family-on-holiday-.jpg'),
(176, '2019-12-10 11:18:25', '2019-12-10 11:18:25', NULL, '/tripsitta-babysitter-meeting-mother-and-baby-girl-in-hotel.jpg', 'Tripsitta Babysitter Meeting Mother And Baby Girl In Hotel', 2500, 1667, NULL, 'tripsitta-babysitter-meeting-mother-and-baby-girl-in-hotel.jpg'),
(177, '2019-12-10 11:18:26', '2019-12-10 11:18:26', NULL, '/tripsitta-holida-nanny-playing-games-in-garden.jpg', 'Tripsitta Holida Nanny Playing Games In Garden', 2500, 1667, NULL, 'tripsitta-holida-nanny-playing-games-in-garden.jpg'),
(178, '2019-12-10 11:18:26', '2019-12-10 11:18:26', NULL, '/tripsitta-babysitter-meeting-mother-and-baby-girl-in-hotel-restaurant.jpg', 'Tripsitta Babysitter Meeting Mother And Baby Girl In Hotel Restaurant', 2500, 1667, NULL, 'tripsitta-babysitter-meeting-mother-and-baby-girl-in-hotel-restaurant.jpg'),
(179, '2019-12-10 11:18:26', '2019-12-10 11:18:26', NULL, '/tripsitta-babysitter-meeting-mother-and-baby-girl-in-hotel-lobby-area.jpg', 'Tripsitta Babysitter Meeting Mother And Baby Girl In Hotel Lobby Area', 2500, 1667, NULL, 'tripsitta-babysitter-meeting-mother-and-baby-girl-in-hotel-lobby-area.jpg'),
(180, '2019-12-10 11:18:27', '2019-12-10 11:18:27', NULL, '/tripsitta-holida-nanny-playing-in-garden.jpg', 'Tripsitta Holida Nanny Playing In Garden', 2500, 1667, NULL, 'tripsitta-holida-nanny-playing-in-garden.jpg'),
(181, '2019-12-10 11:18:27', '2019-12-10 11:18:27', NULL, '/tripsitta-holida-nanny-playing-in-garden-with-children.jpg', 'Tripsitta Holida Nanny Playing In Garden With Children', 2500, 1667, NULL, 'tripsitta-holida-nanny-playing-in-garden-with-children.jpg'),
(182, '2019-12-10 11:18:28', '2019-12-10 11:18:28', NULL, '/tripsitta-holiday-babysitters-in-hotel-with-children-reading.jpg', 'Tripsitta Holiday Babysitters In Hotel With Children Reading', 2500, 1667, NULL, 'tripsitta-holiday-babysitters-in-hotel-with-children-reading.jpg'),
(183, '2019-12-10 11:18:28', '2019-12-10 11:18:28', NULL, '/tripsitta-holiday-babysitter-in-hotel-with-children.jpg', 'Tripsitta Holiday Babysitter In Hotel With Children', 2500, 1667, NULL, 'tripsitta-holiday-babysitter-in-hotel-with-children.jpg'),
(184, '2019-12-10 11:18:29', '2019-12-10 11:18:29', NULL, '/tripsitta-holiday-babysitters-in-hotel-with-children-reading-in-lobby.jpg', 'Tripsitta Holiday Babysitters In Hotel With Children Reading In Lobby', 2500, 1667, NULL, 'tripsitta-holiday-babysitters-in-hotel-with-children-reading-in-lobby.jpg'),
(185, '2019-12-10 11:18:29', '2019-12-10 11:18:29', NULL, '/tripsitta-holiday-babysitter-with-baby-in-hotel.jpg', 'Tripsitta Holiday Babysitter With Baby In Hotel', 2500, 1667, NULL, 'tripsitta-holiday-babysitter-with-baby-in-hotel.jpg'),
(186, '2019-12-10 11:18:30', '2019-12-10 11:18:30', NULL, '/tripsitta-holiday-babysitter-with-baby-in-hotel-lobby-reading.jpg', 'Tripsitta Holiday Babysitter With Baby In Hotel Lobby Reading', 2500, 1667, NULL, 'tripsitta-holiday-babysitter-with-baby-in-hotel-lobby-reading.jpg'),
(187, '2019-12-10 11:18:30', '2019-12-10 11:18:30', NULL, '/tripsitta-holiday-babysitter-with-baby-in-hotel-lobby.jpg', 'Tripsitta Holiday Babysitter With Baby In Hotel Lobby', 2500, 1667, NULL, 'tripsitta-holiday-babysitter-with-baby-in-hotel-lobby.jpg'),
(188, '2019-12-10 11:18:31', '2019-12-10 11:18:31', NULL, '/tripsitta-holida-nanny-playing-in-garden-with-kids.jpg', 'Tripsitta Holida Nanny Playing In Garden With Kids', 2500, 1667, NULL, 'tripsitta-holida-nanny-playing-in-garden-with-kids.jpg'),
(189, '2019-12-10 11:53:10', '2019-12-10 11:53:10', NULL, '8c110a56-6fce-4c19-b2f3-f2f621fc3839/mum-testimonial-tripsitta-holiday-nanny-and-babysitting-platform.jpg', 'Mum Testimonial Tripsitta Holiday Nanny And Babysitting Platform', 1225, 1237, NULL, 'mum-testimonial-tripsitta-holiday-nanny-and-babysitting-platform.jpg'),
(190, '2020-03-23 14:40:20', '2020-03-23 14:41:28', NULL, 'f9f9becf-1640-4fd5-884b-069757afd4c6/baby-on-plane.jpg', 'Baby On Plane', 528, 720, 'baby-on-flight', 'baby-on-plane.jpg'),
(191, '2020-03-23 14:40:21', '2020-03-23 14:40:21', NULL, 'f9f9becf-1640-4fd5-884b-069757afd4c6/baby-on-flight.jpg', 'Baby On Flight', 720, 540, NULL, 'baby-on-flight.jpg'),
(192, '2020-06-11 11:22:51', '2020-06-11 11:22:51', NULL, '829635bc-2a0d-45dc-be14-6b05baa5c2f5/img-7926.jpg', 'Img 7926', 480, 640, NULL, 'IMG_7926.JPG'),
(193, '2020-06-16 15:26:21', '2020-06-16 15:27:14', NULL, '62c816f8-eff6-412a-9272-dcb4f3df0c93/family-travel-after-covid-19-a-family-enjoying-the-beach-on-vacation.jpg', 'Family Travel After Covid 19 A Family Enjoying The Beach On Vacation', 1920, 1280, 'A family enjoying a walk on the beach on vacation.', 'family-travel-after-covid-19-a-family-enjoying-the-beach-on-vacation.jpg'),
(194, '2020-10-06 19:14:57', '2020-10-06 19:14:57', NULL, '9dda2a6b-b8a2-4db3-9d79-d82b0db29e91/a-3.jpg', 'A 3', 340, 294, NULL, 'a (3).jpg');
INSERT INTO `medias` (`id`, `created_at`, `updated_at`, `deleted_at`, `uuid`, `alt_text`, `width`, `height`, `caption`, `filename`) VALUES
(195, '2020-10-06 19:15:17', '2020-10-06 19:15:17', NULL, '97b6c9eb-8ad6-40bb-bcb5-0c0b460de387/a-4.jpg', 'A 4', 340, 294, NULL, 'a (4).jpg'),
(196, '2020-10-06 19:15:36', '2020-10-06 19:15:36', NULL, '68c8b906-eb67-4809-9322-31feefc0a540/a-1.jpg', 'A 1', 340, 294, NULL, 'a (1).jpg'),
(197, '2020-10-06 19:15:56', '2020-10-06 19:15:56', NULL, '8459f446-9113-484c-bfa9-c69c4bad6c8b/a-2.jpg', 'A 2', 340, 294, NULL, 'a (2).jpg'),
(198, '2021-11-20 14:40:30', '2021-11-20 14:40:30', NULL, '365a61c4-7612-4a78-9618-b7ccd813b67e/photo-for-the-website-elena.jpg', 'Photo For The Website Elena', 1500, 1000, NULL, 'Photo for the website_Elena.jpg'),
(199, '2022-01-29 21:09:49', '2022-01-29 21:09:49', NULL, 'fe8294dd-8b1d-469d-809d-b0af7e4ecb04/laura-babysitter-florence.jpg', 'Laura Babysitter Florence', 720, 1280, NULL, 'Laura babysitter - florence.jpg'),
(200, '2022-02-22 09:48:35', '2022-02-22 09:48:35', NULL, '6214b173af9b37.32769819/laurabelenguer.jpg', '', 1280, 1279, NULL, 'laurabelenguer.jpg'),
(201, '2022-02-22 10:05:40', '2022-02-22 10:05:40', NULL, '6214b574972505.99594975/selenesanesi.jpg', '', 721, 722, NULL, 'selenesanesi.jpg'),
(202, '2022-02-22 10:36:50', '2022-02-22 10:36:50', NULL, '6214bcc2b91048.65983222/img-6499.jpg', '', 3088, 2320, NULL, 'img-6499.jpg'),
(203, '2022-02-22 12:15:38', '2022-02-22 12:15:38', NULL, '6214d3eae6bdb3.35411937/my-photo.jpeg', '', 2320, 3088, NULL, 'my-photo.jpeg'),
(204, '2022-02-22 16:19:18', '2022-02-22 16:19:18', NULL, '62150d06451be9.04242827/photos-i.jpg', '', 461, 344, NULL, 'photos-i.jpg');

-- --------------------------------------------------------

--
-- Table structure for table `migrations`
--

CREATE TABLE `migrations` (
  `id` int(10) UNSIGNED NOT NULL,
  `migration` varchar(191) COLLATE utf8_unicode_ci NOT NULL,
  `batch` int(11) NOT NULL
) ENGINE=InnoDB DEFAULT CHARSET=utf8 COLLATE=utf8_unicode_ci;

--
-- Dumping data for table `migrations`
--

INSERT INTO `migrations` (`id`, `migration`, `batch`) VALUES
(1, '2014_10_12_000000_create_users_table', 1),
(2, '2014_10_12_100000_create_password_resets_table', 1),
(3, '2019_08_14_151446_create_activity_log_table', 1),
(4, '2019_08_14_151446_create_blocks_table', 1),
(5, '2019_08_14_151446_create_features_table', 1),
(6, '2019_08_14_151446_create_files_tables', 1),
(7, '2019_08_14_151446_create_medias_tables', 1),
(8, '2019_08_14_151446_create_related_table', 1),
(9, '2019_08_14_151446_create_settings_table', 1),
(10, '2019_08_14_151446_create_tags_tables', 1),
(11, '2019_08_14_151446_create_twill_users_tables', 1),
(12, '2019_09_25_30005_create_twill_activity_log_table', 1),
(13, '2019_09_25_30010_change_locale_column_in_twill_fileables', 1),
(14, '2019_09_25_30011_add_locale_column_to_twill_mediables', 1),
(15, '2019_09_26_113420_user_update', 1),
(16, '2019_09_26_164951_create_pages_tables', 1),
(17, '2019_10_07_194836_create_slideshows_tables', 1),
(18, '2019_10_25_141609_create_posts_tables', 2),
(19, '2019_11_06_150252_create_babysitters_tables', 2),
(21, '2019_11_06_161331_update_user_table', 3),
(22, '2019_11_08_151013_adjust_source_field', 4),
(23, '2019_11_08_153207_join_reasons_field_added', 4),
(24, '2019_11_08_162156_create_user_join_reasons_table', 4),
(25, '2019_11_08_182557_experience_age_groups_table_added', 4),
(26, '2019_11_08_183328_create_babysitter_languages_table', 5),
(27, '2019_11_12_111255_create_babysitter_addresses_table', 5),
(28, '2019_11_12_151716_create_babysitter_skills_table', 5),
(29, '2019_11_14_170517_create_babysitter_availabilities_table', 6),
(30, '2019_11_15_124515_create_families_tables', 7),
(31, '2019_11_15_131557_create_bookings_tables', 7),
(32, '2019_11_15_150221_create_booking_statuses_table', 7),
(33, '2019_11_15_152153_update_bookings_table', 7),
(34, '2019_11_18_150008_create_family_children_table', 8),
(35, '2019_11_18_150038_create_booking_children_table', 8),
(36, '2019_12_02_150213_create_babysitter_reviews_tables', 9),
(37, '2019_12_02_203404_update_babysitter_reviews_nullable', 9),
(38, '2020_01_10_170914_babysitter_background_field', 10),
(39, '2020_01_13_184242_update_users_table_with_providers', 11),
(40, '2020_01_15_180322_update_users_table_add_new_data', 11),
(41, '2020_01_23_140611_create_interview_availabilities_table', 11),
(42, '2020_01_29_140406_update_babysitter_table_add_reg_steps', 11),
(43, '2020_02_25_142941_update_families_add_reg_steps', 12),
(44, '2020_02_25_190022_update_family_table_add_join_reason', 12),
(45, '2020_03_04_005546_correct_null_address_field', 13),
(46, '2020_02_09_000001_create_twill_default_users_tables', 14),
(47, '2020_02_09_000002_create_twill_default_blocks_table', 14),
(48, '2020_02_09_000003_create_twill_default_medias_tables', 14),
(49, '2020_02_09_000004_create_twill_default_files_tables', 14),
(50, '2020_02_09_000005_create_twill_default_settings_table', 14),
(51, '2020_02_09_000006_create_twill_default_tags_tables', 14),
(52, '2020_02_09_000007_create_twill_default_activity_log_table', 14),
(53, '2020_02_09_000008_create_twill_default_features_table', 14),
(54, '2020_02_09_000010_create_twill_default_related_table', 14),
(55, '2020_02_09_000011_add_locale_column_to_twill_default-mediables', 14),
(56, '2020_02_09_000012_change_locale_column_in_twill_default_fileables', 14),
(57, '2020_02_09_000013_add_language_column_to_twill_default_users', 14),
(58, '2020_03_30_151250_update_booking_status_table', 14),
(59, '2020_04_07_130415_update_babysitter_table_add_qualification_toggle', 14),
(60, '2020_04_24_125058_add_parent_address_table', 14),
(61, '2020_04_24_125834_update_parents_table_add_reg_step', 14),
(62, '2020_04_28_123204_update_bookings_table_with_address_and_phones_no', 14),
(63, '2020_04_28_125430_create_booking_address_table', 14),
(64, '2020_04_28_155703_update_bookings_table_add_children_notes', 14),
(65, '2020_04_28_165342_change_booking_children_table_design', 14),
(66, '2020_04_29_151627_update_booking_table_allow_null_additional_phone_no', 14),
(67, '2020_04_29_172130_update_parent_table_with_stripe_i_d', 14),
(68, '2020_04_29_172404_create_booking_invoices_table', 14),
(69, '2020_05_04_145920_update_bookings_table_for_travel_nanny_bookings', 14),
(70, '2020_05_28_152844_update_babysitter_table_add_statuses', 15),
(71, '2020_06_08_201637_add_video_field_for_babysitter', 16),
(72, '2020_06_16_204658_update_bookings_table_add_completed_date_field', 17),
(73, '2020_06_17_161849_update_invocies_table_add_paid_at_column', 17),
(74, '2020_06_18_155539_update_bookings_table_add_status_for_parents2', 17),
(75, '2020_06_22_164549_update_bookings_table_add_booking_session_column', 18),
(76, '2020_06_25_112452_create_invoices_tables', 19),
(77, '2020_06_25_113226_update_invocies_table_for_twill_admin', 19),
(78, '2020_06_29_132625_update_invoice_table_with_parent_and_babysitter_address', 20),
(79, '2020_06_30_150133_create_chats_table', 21),
(80, '2020_06_30_170822_update_chat_table_add_link_to_booking', 21),
(81, '2020_06_30_181403_update_chat_messages_table_add_who_sent_message', 21),
(82, '2020_07_27_122759_create_babysitter_payouts_table', 22),
(83, '2020_07_30_144657_create_babysitter_bank_details_table', 22),
(84, '2020_08_07_160717_update_babysitter_payouts_table', 22),
(85, '2020_08_25_132830_update_bank_details_table', 22),
(86, '2020_08_26_130725_update_payouts_table_with_transferise_payment_id', 22),
(87, '2020_08_26_150042_update_bank_details_table_add_account_type', 22),
(88, '2020_10_02_160523_make_babysitter_booked_availability_table', 23),
(89, '2021_03_07_172205_update_users_table_missing_token', 24);

-- --------------------------------------------------------

--
-- Table structure for table `pages`
--

CREATE TABLE `pages` (
  `id` int(10) UNSIGNED NOT NULL,
  `deleted_at` timestamp NULL DEFAULT NULL,
  `created_at` timestamp NULL DEFAULT NULL,
  `updated_at` timestamp NULL DEFAULT NULL,
  `published` tinyint(1) NOT NULL DEFAULT '0',
  `title` varchar(200) COLLATE utf8_unicode_ci DEFAULT NULL,
  `subtitle` text COLLATE utf8_unicode_ci,
  `meta_title` text COLLATE utf8_unicode_ci,
  `meta_desc` text COLLATE utf8_unicode_ci,
  `system_hook` varchar(255) COLLATE utf8_unicode_ci DEFAULT NULL
) ENGINE=InnoDB DEFAULT CHARSET=utf8 COLLATE=utf8_unicode_ci;

--
-- Dumping data for table `pages`
--

INSERT INTO `pages` (`id`, `deleted_at`, `created_at`, `updated_at`, `published`, `title`, `subtitle`, `meta_title`, `meta_desc`, `system_hook`) VALUES
(2, NULL, '2019-09-26 15:07:35', '2022-01-29 21:07:16', 1, 'Home', 'test subtitle', 'Tripsitta - Book your holiday nanny or babysitter for your next family vacation!', 'Do you need a holiday nanny or babysitter for your next family vacation? Tripsitta is the innovative babysitting platform for modern, jet-setting families looking for fully-vetted, quality childcare when they travel! Choose your holiday nanny or babysitter based on location and language and book trusted childcare easily and conveniently at an affordable price.', 'home'),
(3, '2019-10-07 09:41:06', '2019-09-27 11:55:02', '2019-10-07 09:41:06', 1, 'Find babysitter', NULL, 'Find babysitter - Tripsitta', NULL, 'find-babysitter'),
(4, NULL, '2019-10-07 09:41:23', '2021-09-02 19:40:36', 1, 'Trust & Safety', 'At Tripsitta we know how precious your children are to you, that is why trust and safety is at the heart of everything we do.', 'Tripsitta Trust & Safety - How we ensure our babysitting and holiday nanny service delivers trusted, full-vetted and experienced childcare.', 'At Tripsitta we know how precious your children are to you. That is why trust and safety is at the heart of everything we do. Each Tripsitta nanny and babysitter is fully-vetted and personally selected by our recruitment team for their experience, professionalism and personality so your children will be well cared for and in safe hands.', NULL),
(5, NULL, '2019-10-07 09:42:17', '2019-12-09 18:35:25', 1, 'Explore', NULL, 'Explore - Tripsitta', NULL, NULL),
(10, NULL, '2019-10-10 14:51:52', '2019-11-13 11:40:07', 1, 'How to book', NULL, NULL, NULL, NULL),
(11, NULL, '2019-10-10 15:26:06', '2019-10-10 15:27:27', 1, 'Changing your booking', NULL, NULL, NULL, NULL),
(12, NULL, '2019-10-10 15:26:12', '2019-10-10 15:26:12', 1, 'Payments', NULL, NULL, NULL, NULL),
(13, NULL, '2019-10-10 15:26:20', '2019-10-10 15:26:20', 1, 'Refunds & cancellations', NULL, NULL, NULL, NULL),
(14, NULL, '2019-10-10 15:26:27', '2019-12-09 13:32:18', 1, 'The Tripsitta Family', 'For International, jet-setting families, around the world.', 'Who is the Tripsitta family?', 'Tripsitta families are international, culture-loving explorers. They love to travel with their kids, and expect to have the same level of high-quality childcare when they travel as they would find at home. Tripsitta is revolutionising family travel.', 'home'),
(15, '2019-10-10 17:04:20', '2019-10-10 15:26:28', '2019-10-10 17:04:20', 1, 'Guidelines for Families', NULL, NULL, NULL, NULL),
(16, NULL, '2019-10-10 15:26:33', '2021-10-21 20:51:12', 1, 'Recruitment', 'Join The Tripsitta Team For Fantastic Babysitting & Holiday Nanny Opportunities Around The World!', 'Tripsitta - Apply to join our team of holiday nannies and babysitters for childcare opportunities around the world!', 'Tripsitta nannies and babysitters have flexible hours, opportunities to travel and great rates of pay! If you have experience in childcare, an interest in new cultures and travel then becoming a Tripsitta nanny could be the career opportunity you are looking for! Apply to join our team today.', NULL),
(17, NULL, '2019-10-10 15:26:41', '2019-11-12 22:58:00', 1, 'Our promise', NULL, NULL, NULL, NULL),
(18, NULL, '2019-10-10 15:26:48', '2019-11-12 23:36:48', 1, 'Who are we', NULL, NULL, NULL, NULL),
(19, NULL, '2019-10-10 15:26:56', '2019-12-10 14:27:23', 1, 'Testimonials', NULL, NULL, NULL, NULL),
(20, NULL, '2019-10-10 15:27:03', '2019-11-12 21:33:57', 1, 'Privacy policy', 'Tripsitta Ltd', NULL, NULL, NULL),
(21, NULL, '2019-10-10 15:27:19', '2020-09-23 17:17:50', 1, 'Contact us', NULL, NULL, NULL, NULL),
(22, NULL, '2019-10-10 17:08:54', '2019-12-09 13:43:50', 1, 'Terms & Conditions', NULL, 'Tripsitta - Terms and conditions', 'Tripsitta - we provide trusted, high-quality childcare for jet-setting families in top destinations. View our terms and conditions explained here.', 'home'),
(23, NULL, '2019-10-25 15:44:43', '2019-12-09 13:47:42', 1, 'Blog', 'Read the Tripsitta family travel blog - for tips, tricks and family travel stories from around the world!', 'The Tripsitta family travel blog.', 'Read and subscribe to the Tripsitta family travel blog today, for tips, ticks and family travel stories from around the world. Our collection of articles and interviews are bound to inspire your family travel plans!', 'blog'),
(24, '2019-12-09 12:56:43', '2019-12-09 12:52:58', '2019-12-09 12:56:43', 1, 'The Tripsitta family', 'Tripsitta families are culture loving explorers', NULL, NULL, 'home'),
(25, NULL, '2020-01-08 13:33:10', '2020-01-08 13:33:23', 1, 'Search for holiday nanny', 'See below list of available holiday nannies', 'Search for holiday nanny', 'Search for holiday nanny', 'search-holiday-nanny'),
(26, NULL, '2020-01-08 13:33:42', '2020-01-08 13:33:53', 1, 'Search for local babysitter', NULL, 'Search for your loacl babysitter', NULL, 'search-babysitter'),
(27, NULL, '2020-01-29 17:26:51', '2020-01-29 17:27:03', 1, 'Register new account', 'Register your account now. It only takes few minutes to complete.', 'Register - Tripsitta', NULL, 'register');

-- --------------------------------------------------------

--
-- Table structure for table `page_slugs`
--

CREATE TABLE `page_slugs` (
  `id` int(10) UNSIGNED NOT NULL,
  `deleted_at` timestamp NULL DEFAULT NULL,
  `created_at` timestamp NULL DEFAULT NULL,
  `updated_at` timestamp NULL DEFAULT NULL,
  `slug` varchar(191) COLLATE utf8_unicode_ci NOT NULL,
  `locale` varchar(7) COLLATE utf8_unicode_ci NOT NULL,
  `active` tinyint(1) NOT NULL,
  `page_id` int(10) UNSIGNED NOT NULL
) ENGINE=InnoDB DEFAULT CHARSET=utf8 COLLATE=utf8_unicode_ci;

--
-- Dumping data for table `page_slugs`
--

INSERT INTO `page_slugs` (`id`, `deleted_at`, `created_at`, `updated_at`, `slug`, `locale`, `active`, `page_id`) VALUES
(1, NULL, NULL, NULL, 'test', 'en', 0, 2),
(2, NULL, NULL, NULL, 'test-title', 'en', 0, 2),
(3, NULL, NULL, NULL, 'test-title-2', 'en', 0, 2),
(4, NULL, NULL, NULL, 'home', 'en', 1, 2),
(5, '2019-10-07 09:41:06', NULL, '2019-10-07 09:41:06', 'find-babysitter', 'en', 1, 3),
(6, NULL, NULL, NULL, 'trust-safety', 'en', 0, 4),
(7, NULL, NULL, NULL, 'trust-and-safety', 'en', 1, 4),
(8, NULL, NULL, NULL, 'explore', 'en', 1, 5),
(13, NULL, NULL, NULL, 'how-to-book', 'en', 1, 10),
(14, NULL, NULL, NULL, 'changing-your-booking', 'en', 1, 11),
(15, NULL, NULL, NULL, 'payments', 'en', 1, 12),
(16, NULL, NULL, NULL, 'refunds-cancellations', 'en', 0, 13),
(17, NULL, NULL, NULL, 'refunds-and-cancellations', 'en', 1, 13),
(18, NULL, NULL, NULL, 'guidelines-for-families', 'en', 0, 14),
(19, '2019-10-10 17:04:20', NULL, '2019-10-10 17:04:20', 'guidelines-for-families-2', 'en', 1, 15),
(20, NULL, NULL, NULL, 'guidelines-for-babysitters', 'en', 0, 16),
(21, NULL, NULL, NULL, 'our-promise', 'en', 1, 17),
(22, NULL, NULL, NULL, 'who-are-we', 'en', 1, 18),
(23, NULL, NULL, NULL, 'testimonials', 'en', 1, 19),
(24, NULL, NULL, NULL, 'privacy-policy', 'en', 1, 20),
(25, NULL, NULL, NULL, 'contact-us', 'en', 1, 21),
(26, NULL, NULL, NULL, 'terms-conditions', 'en', 1, 22),
(27, NULL, NULL, NULL, 'terms-and-conditions', 'en', 0, 22),
(28, NULL, NULL, NULL, 'blog', 'en', 1, 23),
(29, NULL, NULL, NULL, 'reasons-to-become-a-tripsitta-nanny', 'en', 0, 16),
(30, NULL, NULL, NULL, 'why-become-a-tripsitta-nanny', 'en', 0, 16),
(31, NULL, NULL, NULL, 'join-our-team', 'en', 0, 16),
(32, NULL, NULL, NULL, 'why-join-our-team', 'en', 0, 16),
(33, NULL, NULL, NULL, 'recruitment', 'en', 1, 16),
(34, '2019-12-09 12:56:43', NULL, '2019-12-09 12:56:43', 'the-tripsitta-family', 'en', 1, 24),
(35, NULL, NULL, NULL, 'the-tripsitta-family', 'en', 1, 14),
(36, NULL, NULL, NULL, 'search-for-holiday-nanny', 'en', 0, 25),
(37, NULL, NULL, NULL, 'search-holiday-nanny', 'en', 1, 25),
(38, NULL, NULL, NULL, 'search-for-local-babysitter', 'en', 0, 26),
(39, NULL, NULL, NULL, 'search-local-babysitter', 'en', 1, 26),
(40, NULL, NULL, NULL, 'register-new-account', 'en', 0, 27),
(41, NULL, NULL, NULL, 'register', 'en', 1, 27);

-- --------------------------------------------------------

--
-- Table structure for table `password_resets`
--

CREATE TABLE `password_resets` (
  `email` varchar(191) COLLATE utf8_unicode_ci NOT NULL,
  `token` varchar(191) COLLATE utf8_unicode_ci NOT NULL,
  `created_at` timestamp NULL DEFAULT NULL
) ENGINE=InnoDB DEFAULT CHARSET=utf8 COLLATE=utf8_unicode_ci;

--
-- Dumping data for table `password_resets`
--

INSERT INTO `password_resets` (`email`, `token`, `created_at`) VALUES
('info@internationalbabysitters.com', '$2y$10$UX4hOiYL5Nw2IqGau5VUG.YT2arsHJYO5179E9W/gDi2os7VaSv06', '2021-01-29 12:14:58');

-- --------------------------------------------------------

--
-- Table structure for table `posts`
--

CREATE TABLE `posts` (
  `id` int(10) UNSIGNED NOT NULL,
  `deleted_at` timestamp NULL DEFAULT NULL,
  `created_at` timestamp NULL DEFAULT NULL,
  `updated_at` timestamp NULL DEFAULT NULL,
  `published` tinyint(1) NOT NULL DEFAULT '0',
  `title` varchar(200) COLLATE utf8_unicode_ci DEFAULT NULL,
  `description` text COLLATE utf8_unicode_ci,
  `meta_title` text COLLATE utf8_unicode_ci,
  `meta_desc` text COLLATE utf8_unicode_ci
) ENGINE=InnoDB DEFAULT CHARSET=utf8 COLLATE=utf8_unicode_ci;

--
-- Dumping data for table `posts`
--

INSERT INTO `posts` (`id`, `deleted_at`, `created_at`, `updated_at`, `published`, `title`, `description`, `meta_title`, `meta_desc`) VALUES
(1, NULL, '2019-11-14 13:51:30', '2019-12-09 12:48:46', 1, 'Why Travel Is So Important For The Modern Family', '<p>Travel has become so important for the modern family, not just as a means to getting to a different destination, but for the lessons learnt along the journey for the whole family. Read why.</p>', NULL, NULL),
(2, NULL, '2020-03-23 14:26:47', '2020-03-23 15:55:39', 1, 'Flying With Kids - Tips For Making Your Flight Smooth Sailing - From Take-Off To Touchdown', '<p>Sometimes the most challenging part of a family holiday is getting to the destination, we hope our tips will help to make your flight with your kids as comfortable and stress-free as possible!</p>', NULL, NULL),
(3, NULL, '2020-06-16 15:20:09', '2020-06-16 15:49:32', 1, 'Family Travel - Post Covid-19', '<p>Things to consider when planning your next family holiday, post Covid-19. Everything from facemasks, to mandatory quarantines, to accommodation options and government guidelines.</p>', NULL, NULL);

-- --------------------------------------------------------

--
-- Table structure for table `post_slugs`
--

CREATE TABLE `post_slugs` (
  `id` int(10) UNSIGNED NOT NULL,
  `deleted_at` timestamp NULL DEFAULT NULL,
  `created_at` timestamp NULL DEFAULT NULL,
  `updated_at` timestamp NULL DEFAULT NULL,
  `slug` varchar(191) COLLATE utf8_unicode_ci NOT NULL,
  `locale` varchar(7) COLLATE utf8_unicode_ci NOT NULL,
  `active` tinyint(1) NOT NULL,
  `post_id` int(10) UNSIGNED NOT NULL
) ENGINE=InnoDB DEFAULT CHARSET=utf8 COLLATE=utf8_unicode_ci;

--
-- Dumping data for table `post_slugs`
--

INSERT INTO `post_slugs` (`id`, `deleted_at`, `created_at`, `updated_at`, `slug`, `locale`, `active`, `post_id`) VALUES
(1, NULL, NULL, NULL, 'florence-for-kids', 'en', 0, 1),
(2, NULL, NULL, NULL, 'why-travel-is-so-important-for-the-modern-family', 'en', 1, 1),
(3, NULL, NULL, NULL, 'the-top-5-reasons-why-travel-is-so-important-for-the-modern-family', 'en', 0, 1),
(4, NULL, NULL, NULL, 'flying-with-kids-tips-for-making-your-flight-smooth-sailing-from-take-off-to-touchdown', 'en', 1, 2),
(5, NULL, NULL, NULL, 'family-travel-post-covid-19', 'en', 1, 3);

-- --------------------------------------------------------

--
-- Table structure for table `related`
--

CREATE TABLE `related` (
  `subject_id` int(10) UNSIGNED DEFAULT NULL,
  `subject_type` varchar(255) COLLATE utf8_unicode_ci NOT NULL,
  `related_id` int(10) UNSIGNED DEFAULT NULL,
  `related_type` varchar(255) COLLATE utf8_unicode_ci NOT NULL,
  `browser_name` varchar(191) COLLATE utf8_unicode_ci NOT NULL,
  `position` int(10) UNSIGNED NOT NULL
) ENGINE=InnoDB DEFAULT CHARSET=utf8 COLLATE=utf8_unicode_ci;

--
-- Dumping data for table `related`
--

INSERT INTO `related` (`subject_id`, `subject_type`, `related_id`, `related_type`, `browser_name`, `position`) VALUES
(1807, 'blocks', 26, 'pages', 'page_url', 1),
(1812, 'blocks', 27, 'pages', 'page_url', 1),
(1860, 'blocks', 36, 'App\\Models\\Babysitter', 'babysitter', 1),
(1860, 'blocks', 9, 'App\\Models\\Babysitter', 'babysitter', 2),
(1860, 'blocks', 37, 'App\\Models\\Babysitter', 'babysitter', 3),
(1860, 'blocks', 33, 'App\\Models\\Babysitter', 'babysitter', 4);

-- --------------------------------------------------------

--
-- Table structure for table `settings`
--

CREATE TABLE `settings` (
  `id` int(10) UNSIGNED NOT NULL,
  `created_at` timestamp NULL DEFAULT NULL,
  `updated_at` timestamp NULL DEFAULT NULL,
  `deleted_at` timestamp NULL DEFAULT NULL,
  `key` varchar(191) COLLATE utf8_unicode_ci DEFAULT NULL,
  `section` varchar(191) COLLATE utf8_unicode_ci DEFAULT NULL
) ENGINE=InnoDB DEFAULT CHARSET=utf8 COLLATE=utf8_unicode_ci;

--
-- Dumping data for table `settings`
--

INSERT INTO `settings` (`id`, `created_at`, `updated_at`, `deleted_at`, `key`, `section`) VALUES
(1, '2020-05-07 11:26:31', '2020-05-07 11:26:31', NULL, 'babysitter_base_price', 'booking_system_settings'),
(2, '2020-05-07 11:26:31', '2020-05-07 11:26:31', NULL, 'babysitter_extra_per_child', 'booking_system_settings'),
(3, '2020-05-07 11:26:31', '2020-05-07 11:26:31', NULL, 'holiday_nanny_base_price', 'booking_system_settings'),
(4, '2020-05-07 11:26:31', '2020-05-07 11:26:31', NULL, 'holiday_nanny_extra_per_child', 'booking_system_settings'),
(5, '2020-06-25 14:28:55', '2020-06-25 14:28:55', NULL, 'babysitter_commission_percentage', 'booking_system_settings'),
(6, '2020-06-25 14:28:55', '2020-06-25 14:28:55', NULL, 'holiday_nanny_commission_percentage', 'booking_system_settings');

-- --------------------------------------------------------

--
-- Table structure for table `setting_translations`
--

CREATE TABLE `setting_translations` (
  `id` int(10) UNSIGNED NOT NULL,
  `deleted_at` timestamp NULL DEFAULT NULL,
  `created_at` timestamp NULL DEFAULT NULL,
  `updated_at` timestamp NULL DEFAULT NULL,
  `locale` varchar(7) COLLATE utf8_unicode_ci NOT NULL,
  `active` tinyint(1) NOT NULL,
  `setting_id` int(10) UNSIGNED NOT NULL,
  `value` text COLLATE utf8_unicode_ci
) ENGINE=InnoDB DEFAULT CHARSET=utf8 COLLATE=utf8_unicode_ci;

--
-- Dumping data for table `setting_translations`
--

INSERT INTO `setting_translations` (`id`, `deleted_at`, `created_at`, `updated_at`, `locale`, `active`, `setting_id`, `value`) VALUES
(1, NULL, '2020-05-07 11:26:31', '2022-01-20 17:55:45', 'en', 1, 1, '20'),
(2, NULL, '2020-05-07 11:26:31', '2022-01-20 17:55:45', 'en', 1, 2, '5'),
(3, NULL, '2020-05-07 11:26:31', '2022-01-20 17:55:45', 'en', 1, 3, '160'),
(4, NULL, '2020-05-07 11:26:31', '2022-01-20 17:55:45', 'en', 1, 4, '20'),
(5, NULL, '2020-06-25 14:28:55', '2022-01-20 17:55:45', 'en', 1, 5, '40'),
(6, NULL, '2020-06-25 14:28:55', '2022-01-20 17:55:45', 'en', 1, 6, '40');

-- --------------------------------------------------------

--
-- Table structure for table `slideshows`
--

CREATE TABLE `slideshows` (
  `id` int(10) UNSIGNED NOT NULL,
  `deleted_at` timestamp NULL DEFAULT NULL,
  `created_at` timestamp NULL DEFAULT NULL,
  `updated_at` timestamp NULL DEFAULT NULL,
  `published` tinyint(1) NOT NULL DEFAULT '0',
  `title` varchar(200) COLLATE utf8_unicode_ci DEFAULT NULL,
  `description` text COLLATE utf8_unicode_ci,
  `colour` varchar(200) COLLATE utf8_unicode_ci DEFAULT NULL,
  `page_id` int(11) DEFAULT NULL,
  `position` int(11) DEFAULT NULL
) ENGINE=InnoDB DEFAULT CHARSET=utf8 COLLATE=utf8_unicode_ci;

--
-- Dumping data for table `slideshows`
--

INSERT INTO `slideshows` (`id`, `deleted_at`, `created_at`, `updated_at`, `published`, `title`, `description`, `colour`, `page_id`, `position`) VALUES
(1, NULL, '2019-10-07 18:09:58', '2022-01-29 20:52:04', 1, 'Exceptional childcare for jet-setting families in top destinations', '<p>Tripsitta - Travel has never been so child friendly!</p>', '#2387ef', 2, 2),
(2, '2019-10-07 18:18:13', '2019-10-07 18:18:04', '2019-10-07 18:18:13', 0, 'weggwe', NULL, NULL, NULL, 0),
(3, NULL, '2019-10-07 19:56:41', '2022-01-29 20:45:47', 1, 'Holiday nannies and local babysitters for your family vacation', '<p>The website for jet-setting families looking for reliable and safety-checked babysitters and nannies around the world</p>', '#2387ef', 2, 4),
(4, NULL, '2019-11-08 23:16:20', '2019-11-11 13:16:25', 1, 'Book your Tripsitta holiday nanny or babysitter for your family holiday!', '<p>Travel has never been so child friendly with Tripsitta!</p>', '#2387ef', 2, 1),
(5, NULL, '2019-11-08 23:33:47', '2019-11-08 23:51:52', 1, 'Trusted & Experienced Babysitters For Your Family Vacation', '<p>Book childcare you can trust when you travel</p>', '#2387ef', 2, 3),
(6, NULL, '2019-11-11 14:15:01', '2019-11-11 14:18:26', 1, 'Trust & Safety', '<p>Each babysitter is thoroughly interviewed by our experienced recruitment team</p>', '#09bd4', NULL, 5);

-- --------------------------------------------------------

--
-- Table structure for table `tagged`
--

CREATE TABLE `tagged` (
  `id` int(10) UNSIGNED NOT NULL,
  `taggable_type` varchar(191) COLLATE utf8_unicode_ci NOT NULL,
  `taggable_id` int(10) UNSIGNED NOT NULL,
  `tag_id` int(10) UNSIGNED NOT NULL
) ENGINE=InnoDB DEFAULT CHARSET=utf8 COLLATE=utf8_unicode_ci;

-- --------------------------------------------------------

--
-- Table structure for table `tags`
--

CREATE TABLE `tags` (
  `id` int(10) UNSIGNED NOT NULL,
  `namespace` varchar(191) COLLATE utf8_unicode_ci NOT NULL,
  `slug` varchar(191) COLLATE utf8_unicode_ci NOT NULL,
  `name` varchar(191) COLLATE utf8_unicode_ci NOT NULL,
  `count` int(10) UNSIGNED NOT NULL DEFAULT '0'
) ENGINE=InnoDB DEFAULT CHARSET=utf8 COLLATE=utf8_unicode_ci;

-- --------------------------------------------------------

--
-- Table structure for table `twill_password_resets`
--

CREATE TABLE `twill_password_resets` (
  `email` varchar(191) COLLATE utf8_unicode_ci NOT NULL,
  `token` varchar(191) COLLATE utf8_unicode_ci NOT NULL,
  `created_at` timestamp NULL DEFAULT NULL
) ENGINE=InnoDB DEFAULT CHARSET=utf8 COLLATE=utf8_unicode_ci;

--
-- Dumping data for table `twill_password_resets`
--

INSERT INTO `twill_password_resets` (`email`, `token`, `created_at`) VALUES
('tripsitta@gmail.com', '$2y$10$P4H.0x9bc1gdj6nIaCwwFenq9wb9Fz7v66b22FCdEfq9r7nmebXW.', '2019-10-16 16:07:23');

-- --------------------------------------------------------

--
-- Table structure for table `twill_users`
--

CREATE TABLE `twill_users` (
  `id` int(10) UNSIGNED NOT NULL,
  `deleted_at` timestamp NULL DEFAULT NULL,
  `created_at` timestamp NULL DEFAULT NULL,
  `updated_at` timestamp NULL DEFAULT NULL,
  `published` tinyint(1) NOT NULL DEFAULT '0',
  `name` varchar(191) COLLATE utf8_unicode_ci NOT NULL,
  `email` varchar(191) COLLATE utf8_unicode_ci NOT NULL,
  `password` varchar(60) COLLATE utf8_unicode_ci DEFAULT NULL,
  `role` varchar(100) COLLATE utf8_unicode_ci NOT NULL,
  `title` varchar(255) COLLATE utf8_unicode_ci DEFAULT NULL,
  `description` text COLLATE utf8_unicode_ci,
  `remember_token` varchar(100) COLLATE utf8_unicode_ci DEFAULT NULL,
  `language` varchar(191) COLLATE utf8_unicode_ci DEFAULT NULL
) ENGINE=InnoDB DEFAULT CHARSET=utf8 COLLATE=utf8_unicode_ci;

--
-- Dumping data for table `twill_users`
--

INSERT INTO `twill_users` (`id`, `deleted_at`, `created_at`, `updated_at`, `published`, `name`, `email`, `password`, `role`, `title`, `description`, `remember_token`, `language`) VALUES
(1, NULL, '2019-09-26 14:00:26', '2019-09-26 14:00:26', 1, 'Admin', 'info@insperio.co.uk', '$2y$10$1/XeomBu3e6TgqBxd9/bG.qneMZjtsk5mGu0sZc.Zi3YuPTMZ4wvG', 'SUPERADMIN', NULL, NULL, NULL, NULL),
(2, NULL, '2019-10-16 15:58:45', '2019-10-16 16:01:32', 1, 'Emmy', 'tripsitta@gmail.com', '$2y$10$Aj6mV36EdqjpQMeq4gQ0NelcNMp2Q1O14ndyaJZj3qRLr08BzGMJG', 'ADMIN', NULL, NULL, NULL, NULL),
(3, NULL, '2022-02-21 11:15:10', '2022-02-21 11:17:54', 1, 'Laura', 'laura.belenguer26@gmail.com', '$2y$10$0GFnLNSk/WPu4n80rbF4Wuw0JwjltDx7NlopvXmGSi3D0tJy/ylYe', 'ADMIN', NULL, NULL, 'Ih3ANilKl7BhNu5vU3J5Y5t0p9pa9np4OpxiPYw0zYmboMUEWt1tKCoQjsX4', NULL);

-- --------------------------------------------------------

--
-- Table structure for table `users`
--

CREATE TABLE `users` (
  `id` int(10) UNSIGNED NOT NULL,
  `name` varchar(191) COLLATE utf8_unicode_ci NOT NULL,
  `surname` varchar(191) COLLATE utf8_unicode_ci NOT NULL,
  `role` varchar(191) COLLATE utf8_unicode_ci NOT NULL,
  `email` varchar(191) COLLATE utf8_unicode_ci NOT NULL,
  `password` varchar(191) COLLATE utf8_unicode_ci DEFAULT NULL,
  `phone_number` varchar(20) COLLATE utf8_unicode_ci NOT NULL DEFAULT '',
  `home_phone_number` varchar(191) COLLATE utf8_unicode_ci NOT NULL DEFAULT '',
  `emergency_name` varchar(191) COLLATE utf8_unicode_ci NOT NULL DEFAULT '',
  `emergency_relationship` varchar(191) COLLATE utf8_unicode_ci NOT NULL DEFAULT '',
  `emergency_phone_number` varchar(20) COLLATE utf8_unicode_ci NOT NULL DEFAULT '',
  `dob` date DEFAULT NULL,
  `created_at` timestamp NULL DEFAULT NULL,
  `updated_at` timestamp NULL DEFAULT NULL,
  `deleted_at` timestamp NULL DEFAULT NULL,
  `provider` varchar(191) COLLATE utf8_unicode_ci DEFAULT NULL,
  `provider_id` varchar(191) COLLATE utf8_unicode_ci DEFAULT NULL,
  `remember_token` varchar(100) COLLATE utf8_unicode_ci DEFAULT NULL
) ENGINE=InnoDB DEFAULT CHARSET=utf8 COLLATE=utf8_unicode_ci;

--
-- Dumping data for table `users`
--

INSERT INTO `users` (`id`, `name`, `surname`, `role`, `email`, `password`, `phone_number`, `home_phone_number`, `emergency_name`, `emergency_relationship`, `emergency_phone_number`, `dob`, `created_at`, `updated_at`, `deleted_at`, `provider`, `provider_id`, `remember_token`) VALUES
(1, 'Julian', 'Wyman', 'parent', 'parent@parent.com', '$2y$10$92IXUNpkjO0rOQ5byMi.Ye4oKoEa3Ro9llC/.og/at2.uheWG/igi', '', '', '', '', '', NULL, '2019-10-07 09:02:13', '2019-10-07 09:02:13', NULL, NULL, NULL, NULL),
(2, 'Shemar', 'Konopelski', 'babysitter', 'babysitter@babysitter.com', '$2y$10$92IXUNpkjO0rOQ5byMi.Ye4oKoEa3Ro9llC/.og/at2.uheWG/igi', '3325325235325', '35325532532423', '235325352', 'ewegeg', '3325325235325', '1982-11-11', '2019-10-07 09:02:13', '2020-06-22 14:24:48', NULL, NULL, NULL, NULL),
(3, 'Roosevelt', 'Willms', 'parent', 'klittel@example.com', '$2y$10$92IXUNpkjO0rOQ5byMi.Ye4oKoEa3Ro9llC/.og/at2.uheWG/igi', '', '', '', '', '', NULL, '2019-10-07 09:02:13', '2019-10-07 09:02:13', NULL, NULL, NULL, NULL),
(8, 'Emmy', 'Yoshid', 'parent', 'tripsitta@gmail.com', '$2y$10$He3wAJVpcWNlniRP6w0VsOxnCkctH0sbluRmcuBTy9R9eae3ZV1C6', '', '', '', '', '', '1985-03-22', '2020-01-30 15:56:40', '2020-01-30 15:56:40', NULL, NULL, NULL, NULL),
(9, 'Vera', 'Siatkowski', 'babysitter', 'egalowiec2@gmail.com', '$2y$10$Pe2.GFRbniU.7BHAV8oH9.QJ7NpvwiX2NEuAzkrXWRsH9PxP2KSzC', '5445335453454453', '54564564566556465', 'rgeegrgrrge', 'rgrhehhrerh', '5445335453454453', '2020-03-20', '2020-03-04 00:48:54', '2022-01-29 21:14:31', NULL, NULL, NULL, NULL),
(11, 'sharon', 'yoshida', 'parent', 'emmyyoshida@gmail.com', '$2y$10$xQVFHXbL1nh.gdKqeTR1NuXs9ZvC5i./6z0SzaCndezAC3IqbT8Kq', '07780115908', '', '', '', '07780115908', '1975-05-23', '2020-03-04 09:55:16', '2020-03-04 09:57:15', NULL, NULL, NULL, NULL),
(12, 'hkdsf', 'vkj', 'parent', 'foyleshastings@yahoo.com', '$2y$10$IE4OOOo3PuPjdjqSqHH10OmqFxr78O9Ng/WAZOdzWPwTAeicLLgby', '', '', '', '', '', '2020-03-05', '2020-05-14 12:13:38', '2020-05-14 12:13:38', NULL, NULL, NULL, NULL),
(21, 'Test', 'Surname', 'babysitter', 'info2@insperio.co.uk', '$2y$10$zaq77nZepeIGH0JCZ65/Wedh5ihlTLM7PHVnuRm.Kg70VwSpfVIua', '', '', '574547754', '574547475', '765674', '1982-06-16', '2020-06-08 19:13:11', '2020-06-08 19:13:43', NULL, NULL, NULL, NULL),
(23, 'Clara', 'Maria', 'babysitter', 'info@internationalbabysitters.com', '$2y$10$cCRixPCJqPkOpupZmV7rquA/96JMytQFVjiKsOr/pc/MvK6kpKsoS', '03920397288', '01424212411', 'Sharon', 'Mother', '0778412411', '1985-03-22', '2021-01-05 15:43:58', '2021-01-29 12:02:07', NULL, NULL, NULL, NULL),
(24, 'Sharon', 'Yoshida', 'parent', 'sharonyoshida@gmail.com', '$2y$10$nWsS2/9RiOCLq8Kos0opmug8oC3vH7lVpxvvmzzyCS23uCdCvFUo6', '07780115908', '', '', '', '153456465424', '1964-11-24', '2021-01-05 16:36:00', '2021-01-29 11:40:12', NULL, NULL, NULL, NULL),
(25, 'Bartosz', 'Siatkowski', 'parent', 'info.insperio@gmail.com', NULL, '', '', '', '', '', '1984-05-12', '2021-05-22 15:18:36', '2021-05-22 15:18:59', NULL, 'google', '115284920551736933835', NULL),
(27, 'Ari', 'Vaidya', 'parent', 'ambisha.kabiraj@thepacbook.com', '$2y$10$bZDm1dbs/Qp29PgqPTUrkO8QcU6gwOJIglr4TstW.IlUOFDOGovGu', '', '', '', '', '', '1995-08-05', '2021-09-09 11:08:54', '2021-09-09 11:08:54', NULL, NULL, NULL, NULL),
(30, 'Emmy', 'Yoshida', 'parent', 'enzoedenyoshida@gmail.com', '$2y$10$gC/XoVIvx9yBcNjndWNKYePclpO325S/9UXhecAqtMFxABeNImTf.', '+447780115908', '', '', '', '+441424212411', '1985-03-22', '2021-10-20 11:19:32', '2021-10-20 11:20:22', NULL, NULL, NULL, NULL),
(33, 'Elena', 'Yoshida', 'babysitter', 'seamlessalterations@yahoo.com', NULL, '+393920397288', '+441424212411', 'Sharon Yoshida', 'Mother', '+447780115908', '1985-03-22', '2021-11-20 14:25:21', '2022-01-29 21:16:12', NULL, 'facebook', '10159465620079618', NULL),
(34, 'Emmy', 'Yoshida', 'parent', 'foyleshastings@yahoo.co.uk', '$2y$10$MPO6DY0.2E4aEfPke.9T3.EOzTmFKZCMiguSYcRyGtraYpARIz2UG', '+447780115908', '', '', '', '+447780115908', '1961-11-24', '2021-11-20 15:01:06', '2021-11-20 15:02:32', NULL, NULL, NULL, NULL),
(35, 'Federica', 'Betulia', 'babysitter', 'federica.betulia@gmail.com', '$2y$10$1WxjStFejWjM3OjxW2tsCOsYEksVh.49KfMLH87D9jcJBTXVn/Dii', '', '', '', '', '', '1988-11-12', '2022-01-13 16:43:58', '2022-01-13 16:43:58', NULL, NULL, NULL, NULL),
(36, 'Laura', 'Roselli', 'babysitter', 'laura.roselli@tripsitta.com', '$2y$10$/u9pIFwnmfgqCytseYdMxOIGsD9b5.9yhy4i9FWa1DuGEIOq6UT9m', '+393466996169', '0557050777', 'Monica Raveggi', 'friend', '+393466996169', '1970-05-15', '2022-01-25 10:16:07', '2022-01-29 21:11:08', NULL, NULL, NULL, NULL),
(37, 'Ellie', 'Giorgio', 'babysitter', 'elliegiorgiotesta@hotmail.com', '$2y$10$a9p3GvnCCJemDBYP4QYjzue2pDKiAMIKRSwHF9RfXNJefNsRqj/CC', '07780115908', '07780115908', 'Marco Giorgio', 'husband', '3989048390', '1983-11-25', '2022-01-26 21:38:36', '2022-01-26 21:39:59', NULL, NULL, NULL, NULL),
(38, 'Annis', 'Nobahar', 'babysitter', 'annis.1982.no@gmail.com', '$2y$10$bsCpkRYue37wnhLOPWYRQOkLW0PATBbwMKGQ2CM20n63mlokB5SjC', '+3903792350847', '+393792350847', 'Sylwia', 'my close friend', '3703011798', '1982-01-09', '2022-02-06 21:59:26', '2022-02-06 22:18:28', NULL, NULL, NULL, NULL),
(39, 'jesus', 'silva', 'babysitter', 'topdev124@gmail.com', '$2y$10$zxwVuwJVC/cFwqdKlvy9w.pipj6tUiLQe4pN5j4yQ4SSLKFTBpNzW', '', '', '', '', '', '1995-10-24', '2022-02-07 12:10:18', '2022-02-07 12:10:18', NULL, NULL, NULL, NULL),
(40, 'Margherita', 'Cinone', 'babysitter', 'margherita@tripsitta.com', '$2y$10$UNrIQ6PkYBXOzx1.fXQkNuwrRxki6sprL2iWHo3ep67ZUDgotJh8m', '+39 333 17 47 293', '06 700 53 70', 'Luciano Cinone', 'Father', '+ 39 339 36 83 889', '1996-10-01', '2022-02-09 12:59:05', '2022-02-09 13:03:03', NULL, NULL, NULL, NULL),
(41, 'Bartosz', 'Siatkowski', 'babysitter', 'egalowiec@gmail.com', '$2y$10$20gW./bkjeXoa/Dulm4s1.bP/b7PPjQMJC14vFtAXOhW/hQQjwDy2', '', '', '', '', '', '1987-01-09', '2022-02-09 18:41:31', '2022-02-09 18:41:31', NULL, NULL, NULL, NULL),
(42, 'Laura', 'Belenguer', 'babysitter', 'laura.belenguer26@gmail.com', '$2y$10$ztx6j7GQME2WGX8c2wE..ORDBHFhwYWBRDlc5wZ90J5t8/Ujc10ma', '+393519408171', '+393519408171', 'Luca Peltrini', 'Partner', '+393519408171', '1993-02-26', '2022-02-21 10:29:36', '2022-02-22 09:17:25', NULL, NULL, NULL, '1ikUv5fAjWyCrVx6OI9JeLeSBuWckkgwBIcW6lMpK3M4wewM65onAEIZDdGD'),
(49, 'Selene', 'Sanesi', 'babysitter', 'selenesanesi@yahoo.com', '$2y$10$oQls/KV1yPmjsFgbIimLfuZkSLwzsATIJmZsKqEjI.CHEOyjldKDC', '+393276619341', '+393276619341', 'Simone Turco', 'Partner', '+393481465894', '1995-09-12', '2022-02-21 15:32:21', '2022-02-22 11:10:41', NULL, NULL, NULL, 'm5VxKDBphD3c8cebQiDYf2n1D9rU7zanpVqkakXTIz8MjIEiqgdumg79BaWt'),
(50, 'Alexander', 'Wallace', 'babysitter', 'adfwallace@gmail.com', '$2y$10$.rx4oIjMrxGTyFPFSRo5UeFOgsg3RGPopVZcTlqsE98cixM8LzftG', '+447706203743', '01491672474', 'David Wallace', 'dad', '+4407712536977', '2000-07-06', '2022-02-21 16:19:28', '2022-02-22 11:36:00', NULL, NULL, NULL, NULL),
(51, 'Olga', 'Vlasova', 'babysitter', 'olvlas13@gmail.com', '$2y$10$oFlBSIxym8BvulMO0NW.1eaWoX/lSR.DIFKX89RtLra5McSh4Bp4G', '83471277688', '89175288767', 'Marina', 'mother', '89175288767', '1988-01-13', '2022-02-21 16:43:52', '2022-02-23 11:16:05', NULL, NULL, NULL, NULL),
(52, 'Lucie', 'Boyer', 'babysitter', 'lucie63.lb@gmail.com', '$2y$10$EVBz/1xxShimk4lyKNgfxOgIkNNxsrCwetCJoQBc6bI3KZPWTLlxO', '+33605417720', '+33605417720', 'Boyer Annick', 'Mother', '+33615838281', '1999-05-23', '2022-02-21 16:54:41', '2022-02-22 16:20:02', NULL, NULL, NULL, NULL),
(53, 'Nihal', 'Sadalla', 'babysitter', 'nihalsadalla@gmail.com', '$2y$10$jcKd1XCEXBUyhML3XZP8Bu0rhEL1ydyKzzJ8s8W/LZ9vwlEAXh2j6', '+39 3315866388', '+39 3315866389', 'Franca Fioravanti', 'Mother', '+39 3486513524', '1995-12-08', '2022-02-21 17:28:29', '2022-02-21 17:30:10', NULL, NULL, NULL, NULL),
(54, 'Nicole', 'Carette', 'babysitter', 'nuvole36@gmail.com', '$2y$10$S7JUh/9cNgeJHGzv4rfxyeQk02Bl6uMxPqyj3WNs45xy8E.6.pyZm', '+393487154518', '+393487154518', 'Valentina', 'Mum', '3470606921', '2002-05-07', '2022-02-21 19:27:26', '2022-02-22 11:30:06', NULL, NULL, NULL, NULL),
(55, 'Alessia', 'Davitti', 'babysitter', 'alessiadavitti@gmail.com', '$2y$10$hnk8uZ1eVMlNWXKL6JysfecJIQaqLAOER3vD9wvaaCR/dyH5F1oBG', '+393381324024', '+390550883216', 'Laura Manetti', 'Mother', '+39 3398040420', '1999-08-23', '2022-02-21 20:25:42', '2022-02-23 11:29:51', NULL, NULL, NULL, 'OlWsRAJyPPRbGmzwds4M7buAMVbIig41sPGP2gPdWaRKLbQRm0qYFnUK8XQq'),
(56, 'Wendy', 'van den broek', 'babysitter', 'wendybro@libero.it', '$2y$10$trr1W3ilsMGecw/56eiAJevvFpXWt.7jfvJuaQCX2bvlZaeKfzz62', '+393476255855', '00390552699631', 'Raffaele Orso', 'husband', '+393476255855', '1966-08-14', '2022-02-22 10:07:16', '2022-02-22 12:24:14', NULL, NULL, NULL, NULL),
(57, 'Noushig', 'Soghomonian', 'babysitter', 'noushig.soghomonian@gmail.com', '$2y$10$FX3ZbgX7xpg.F9W2cGTZMeB2t4e4mjlGmsdDCnycmrmUMbFhIWHEu', '00393479967471', '00393479967471', 'nairy soghomonian', 'sister', '00393479967471', '1988-01-10', '2022-02-22 10:11:10', '2022-02-22 11:18:51', NULL, NULL, NULL, NULL),
(62, 'Eleonora', 'Ciofi Baffoni', 'babysitter', 'eleonoraciofibaffoni@gmail.com', '$2y$10$moQLyR9r0gbC47NHZq7.VOCXb1v5M8g7UOxT704b64l9wqYmlUGha', '0039 3313013617', '0039 055 757150', 'Cristina Alberti', 'mother', '00393381776042', '1999-07-11', '2022-02-22 14:34:25', '2022-02-22 14:53:13', NULL, NULL, NULL, NULL),
(63, 'Moirne', 'Reilly', 'babysitter', 'moirner@gmail.com', '$2y$10$KOUF0ATxh/zqORS8o60AaehZBSE6AGgPlbKxTbwpoze23xBUZGHca', '+353 0834704474', '+353 0834704474', 'Anna Hayden', 'Friend', '+353 0879354820', '2000-07-08', '2022-02-22 22:17:41', '2022-02-23 09:57:41', NULL, NULL, NULL, NULL),
(64, 'Zahra', 'Ardalan', 'babysitter', 'ardalan.zahra@yahoo.com', '$2y$10$qa5j9zyKQ/GcbhP/shGZCe03o55OeICp5LgSJhW6fy4HAx32G8pmC', '+33750048798', '+33750048798', 'Mohammad Reza ARDALAN', 'Sister', '+33750048798', '1983-12-12', '2022-02-23 10:28:47', '2022-02-23 10:31:01', NULL, NULL, NULL, NULL);

--
-- Indexes for dumped tables
--

--
-- Indexes for table `activity_log`
--
ALTER TABLE `activity_log`
  ADD PRIMARY KEY (`id`),
  ADD KEY `activity_log_log_name_index` (`log_name`);

--
-- Indexes for table `babysitters`
--
ALTER TABLE `babysitters`
  ADD PRIMARY KEY (`id`);

--
-- Indexes for table `babysitter_addresses`
--
ALTER TABLE `babysitter_addresses`
  ADD PRIMARY KEY (`id`),
  ADD KEY `babysitter_addresses_babysitter_id_index` (`babysitter_id`);

--
-- Indexes for table `babysitter_availabilities`
--
ALTER TABLE `babysitter_availabilities`
  ADD PRIMARY KEY (`id`),
  ADD KEY `babysitter_availabilities_babysitter_id_index` (`babysitter_id`);

--
-- Indexes for table `babysitter_bank_details`
--
ALTER TABLE `babysitter_bank_details`
  ADD PRIMARY KEY (`id`);

--
-- Indexes for table `babysitter_booked_availabilities`
--
ALTER TABLE `babysitter_booked_availabilities`
  ADD PRIMARY KEY (`id`),
  ADD KEY `babysitter_booked_availabilities_babysitter_id_index` (`babysitter_id`);

--
-- Indexes for table `babysitter_experience_age_groups`
--
ALTER TABLE `babysitter_experience_age_groups`
  ADD PRIMARY KEY (`id`),
  ADD UNIQUE KEY `babysitter_experience_age_groups_babysitter_id_age_group_unique` (`babysitter_id`,`age_group`),
  ADD KEY `babysitter_experience_age_groups_babysitter_id_index` (`babysitter_id`);

--
-- Indexes for table `babysitter_join_reasons`
--
ALTER TABLE `babysitter_join_reasons`
  ADD PRIMARY KEY (`id`),
  ADD UNIQUE KEY `babysitter_join_reasons_babysitter_id_reason_unique` (`babysitter_id`,`reason`),
  ADD KEY `babysitter_join_reasons_babysitter_id_index` (`babysitter_id`);

--
-- Indexes for table `babysitter_languages`
--
ALTER TABLE `babysitter_languages`
  ADD PRIMARY KEY (`id`),
  ADD KEY `babysitter_languages_babysitter_id_index` (`babysitter_id`);

--
-- Indexes for table `babysitter_payouts`
--
ALTER TABLE `babysitter_payouts`
  ADD PRIMARY KEY (`id`);

--
-- Indexes for table `babysitter_reviews`
--
ALTER TABLE `babysitter_reviews`
  ADD PRIMARY KEY (`id`),
  ADD KEY `babysitter_reviews_babysitter_id_foreign` (`babysitter_id`),
  ADD KEY `babysitter_reviews_booking_id_foreign` (`booking_id`);

--
-- Indexes for table `babysitter_skills`
--
ALTER TABLE `babysitter_skills`
  ADD PRIMARY KEY (`id`),
  ADD KEY `babysitter_skills_babysitter_id_index` (`babysitter_id`);

--
-- Indexes for table `babysitter_slugs`
--
ALTER TABLE `babysitter_slugs`
  ADD PRIMARY KEY (`id`),
  ADD KEY `fk_babysitter_slugs_babysitter_id` (`babysitter_id`),
  ADD KEY `babysitter_slugs_locale_index` (`locale`);

--
-- Indexes for table `blocks`
--
ALTER TABLE `blocks`
  ADD PRIMARY KEY (`id`),
  ADD KEY `blocks_blockable_type_blockable_id_index` (`blockable_type`,`blockable_id`);

--
-- Indexes for table `bookings`
--
ALTER TABLE `bookings`
  ADD PRIMARY KEY (`id`),
  ADD KEY `bookings_babysitter_id_foreign` (`babysitter_id`),
  ADD KEY `bookings_family_id_foreign` (`family_id`);

--
-- Indexes for table `booking_addresses`
--
ALTER TABLE `booking_addresses`
  ADD PRIMARY KEY (`id`);

--
-- Indexes for table `booking_children`
--
ALTER TABLE `booking_children`
  ADD PRIMARY KEY (`id`),
  ADD KEY `booking_children_booking_id_foreign` (`booking_id`);

--
-- Indexes for table `booking_invoices`
--
ALTER TABLE `booking_invoices`
  ADD PRIMARY KEY (`id`);

--
-- Indexes for table `booking_statuses`
--
ALTER TABLE `booking_statuses`
  ADD PRIMARY KEY (`id`);

--
-- Indexes for table `chats`
--
ALTER TABLE `chats`
  ADD PRIMARY KEY (`id`);

--
-- Indexes for table `chat_messages`
--
ALTER TABLE `chat_messages`
  ADD PRIMARY KEY (`id`);

--
-- Indexes for table `families`
--
ALTER TABLE `families`
  ADD PRIMARY KEY (`id`);

--
-- Indexes for table `family_addresses`
--
ALTER TABLE `family_addresses`
  ADD PRIMARY KEY (`id`),
  ADD KEY `family_addresses_family_id_index` (`family_id`);

--
-- Indexes for table `family_children`
--
ALTER TABLE `family_children`
  ADD PRIMARY KEY (`id`),
  ADD KEY `family_children_family_id_foreign` (`family_id`);

--
-- Indexes for table `features`
--
ALTER TABLE `features`
  ADD PRIMARY KEY (`id`),
  ADD UNIQUE KEY `features_unique` (`featured_id`,`featured_type`,`bucket_key`),
  ADD KEY `features_bucket_key_index` (`bucket_key`);

--
-- Indexes for table `fileables`
--
ALTER TABLE `fileables`
  ADD PRIMARY KEY (`id`),
  ADD KEY `fk_files_file_id` (`file_id`),
  ADD KEY `fileables_fileable_type_fileable_id_index` (`fileable_type`,`fileable_id`),
  ADD KEY `fileables_locale_index` (`locale`);

--
-- Indexes for table `files`
--
ALTER TABLE `files`
  ADD PRIMARY KEY (`id`);

--
-- Indexes for table `interview_availabilities`
--
ALTER TABLE `interview_availabilities`
  ADD PRIMARY KEY (`id`);

--
-- Indexes for table `invoices`
--
ALTER TABLE `invoices`
  ADD PRIMARY KEY (`id`);

--
-- Indexes for table `mediables`
--
ALTER TABLE `mediables`
  ADD PRIMARY KEY (`id`),
  ADD KEY `fk_mediables_media_id` (`media_id`),
  ADD KEY `mediables_mediable_type_mediable_id_index` (`mediable_type`,`mediable_id`),
  ADD KEY `mediables_locale_index` (`locale`);

--
-- Indexes for table `medias`
--
ALTER TABLE `medias`
  ADD PRIMARY KEY (`id`);

--
-- Indexes for table `migrations`
--
ALTER TABLE `migrations`
  ADD PRIMARY KEY (`id`);

--
-- Indexes for table `pages`
--
ALTER TABLE `pages`
  ADD PRIMARY KEY (`id`);

--
-- Indexes for table `page_slugs`
--
ALTER TABLE `page_slugs`
  ADD PRIMARY KEY (`id`),
  ADD KEY `fk_page_slugs_page_id` (`page_id`),
  ADD KEY `page_slugs_locale_index` (`locale`);

--
-- Indexes for table `password_resets`
--
ALTER TABLE `password_resets`
  ADD KEY `password_resets_email_index` (`email`);

--
-- Indexes for table `posts`
--
ALTER TABLE `posts`
  ADD PRIMARY KEY (`id`);

--
-- Indexes for table `post_slugs`
--
ALTER TABLE `post_slugs`
  ADD PRIMARY KEY (`id`),
  ADD KEY `fk_post_slugs_post_id` (`post_id`),
  ADD KEY `post_slugs_locale_index` (`locale`);

--
-- Indexes for table `related`
--
ALTER TABLE `related`
  ADD UNIQUE KEY `related_unique` (`subject_id`,`subject_type`,`related_id`,`related_type`,`browser_name`),
  ADD KEY `related_browser_name_index` (`browser_name`);

--
-- Indexes for table `settings`
--
ALTER TABLE `settings`
  ADD PRIMARY KEY (`id`),
  ADD KEY `settings_key_index` (`key`),
  ADD KEY `settings_section_index` (`section`);

--
-- Indexes for table `setting_translations`
--
ALTER TABLE `setting_translations`
  ADD PRIMARY KEY (`id`),
  ADD UNIQUE KEY `setting_id_locale_unique` (`setting_id`,`locale`),
  ADD KEY `setting_translations_locale_index` (`locale`);

--
-- Indexes for table `slideshows`
--
ALTER TABLE `slideshows`
  ADD PRIMARY KEY (`id`);

--
-- Indexes for table `tagged`
--
ALTER TABLE `tagged`
  ADD PRIMARY KEY (`id`),
  ADD KEY `tagged_taggable_type_taggable_id_index` (`taggable_type`,`taggable_id`);

--
-- Indexes for table `tags`
--
ALTER TABLE `tags`
  ADD PRIMARY KEY (`id`);

--
-- Indexes for table `twill_password_resets`
--
ALTER TABLE `twill_password_resets`
  ADD KEY `twill_password_resets_email_index` (`email`),
  ADD KEY `twill_password_resets_token_index` (`token`);

--
-- Indexes for table `twill_users`
--
ALTER TABLE `twill_users`
  ADD PRIMARY KEY (`id`),
  ADD UNIQUE KEY `twill_users_email_unique` (`email`);

--
-- Indexes for table `users`
--
ALTER TABLE `users`
  ADD PRIMARY KEY (`id`),
  ADD UNIQUE KEY `users_email_unique` (`email`);

--
-- AUTO_INCREMENT for dumped tables
--

--
-- AUTO_INCREMENT for table `activity_log`
--
ALTER TABLE `activity_log`
  MODIFY `id` bigint(20) UNSIGNED NOT NULL AUTO_INCREMENT, AUTO_INCREMENT=715;

--
-- AUTO_INCREMENT for table `babysitter_addresses`
--
ALTER TABLE `babysitter_addresses`
  MODIFY `id` bigint(20) UNSIGNED NOT NULL AUTO_INCREMENT, AUTO_INCREMENT=104;

--
-- AUTO_INCREMENT for table `babysitter_availabilities`
--
ALTER TABLE `babysitter_availabilities`
  MODIFY `id` bigint(20) UNSIGNED NOT NULL AUTO_INCREMENT, AUTO_INCREMENT=3168;

--
-- AUTO_INCREMENT for table `babysitter_bank_details`
--
ALTER TABLE `babysitter_bank_details`
  MODIFY `id` bigint(20) UNSIGNED NOT NULL AUTO_INCREMENT, AUTO_INCREMENT=84;

--
-- AUTO_INCREMENT for table `babysitter_booked_availabilities`
--
ALTER TABLE `babysitter_booked_availabilities`
  MODIFY `id` bigint(20) UNSIGNED NOT NULL AUTO_INCREMENT;

--
-- AUTO_INCREMENT for table `babysitter_experience_age_groups`
--
ALTER TABLE `babysitter_experience_age_groups`
  MODIFY `id` bigint(20) UNSIGNED NOT NULL AUTO_INCREMENT, AUTO_INCREMENT=169;

--
-- AUTO_INCREMENT for table `babysitter_join_reasons`
--
ALTER TABLE `babysitter_join_reasons`
  MODIFY `id` bigint(20) UNSIGNED NOT NULL AUTO_INCREMENT, AUTO_INCREMENT=54;

--
-- AUTO_INCREMENT for table `babysitter_languages`
--
ALTER TABLE `babysitter_languages`
  MODIFY `id` bigint(20) UNSIGNED NOT NULL AUTO_INCREMENT, AUTO_INCREMENT=131;

--
-- AUTO_INCREMENT for table `babysitter_payouts`
--
ALTER TABLE `babysitter_payouts`
  MODIFY `id` bigint(20) UNSIGNED NOT NULL AUTO_INCREMENT;

--
-- AUTO_INCREMENT for table `babysitter_reviews`
--
ALTER TABLE `babysitter_reviews`
  MODIFY `id` int(10) UNSIGNED NOT NULL AUTO_INCREMENT, AUTO_INCREMENT=4;

--
-- AUTO_INCREMENT for table `babysitter_skills`
--
ALTER TABLE `babysitter_skills`
  MODIFY `id` bigint(20) UNSIGNED NOT NULL AUTO_INCREMENT, AUTO_INCREMENT=69;

--
-- AUTO_INCREMENT for table `babysitter_slugs`
--
ALTER TABLE `babysitter_slugs`
  MODIFY `id` int(10) UNSIGNED NOT NULL AUTO_INCREMENT;

--
-- AUTO_INCREMENT for table `blocks`
--
ALTER TABLE `blocks`
  MODIFY `id` int(10) UNSIGNED NOT NULL AUTO_INCREMENT, AUTO_INCREMENT=1864;

--
-- AUTO_INCREMENT for table `bookings`
--
ALTER TABLE `bookings`
  MODIFY `id` int(10) UNSIGNED NOT NULL AUTO_INCREMENT, AUTO_INCREMENT=12;

--
-- AUTO_INCREMENT for table `booking_addresses`
--
ALTER TABLE `booking_addresses`
  MODIFY `id` bigint(20) UNSIGNED NOT NULL AUTO_INCREMENT;

--
-- AUTO_INCREMENT for table `booking_children`
--
ALTER TABLE `booking_children`
  MODIFY `id` bigint(20) UNSIGNED NOT NULL AUTO_INCREMENT, AUTO_INCREMENT=17;

--
-- AUTO_INCREMENT for table `booking_invoices`
--
ALTER TABLE `booking_invoices`
  MODIFY `id` bigint(20) UNSIGNED NOT NULL AUTO_INCREMENT, AUTO_INCREMENT=10;

--
-- AUTO_INCREMENT for table `booking_statuses`
--
ALTER TABLE `booking_statuses`
  MODIFY `id` bigint(20) UNSIGNED NOT NULL AUTO_INCREMENT, AUTO_INCREMENT=7;

--
-- AUTO_INCREMENT for table `chats`
--
ALTER TABLE `chats`
  MODIFY `id` bigint(20) UNSIGNED NOT NULL AUTO_INCREMENT, AUTO_INCREMENT=7;

--
-- AUTO_INCREMENT for table `chat_messages`
--
ALTER TABLE `chat_messages`
  MODIFY `id` bigint(20) UNSIGNED NOT NULL AUTO_INCREMENT, AUTO_INCREMENT=15;

--
-- AUTO_INCREMENT for table `family_addresses`
--
ALTER TABLE `family_addresses`
  MODIFY `id` bigint(20) UNSIGNED NOT NULL AUTO_INCREMENT, AUTO_INCREMENT=4;

--
-- AUTO_INCREMENT for table `family_children`
--
ALTER TABLE `family_children`
  MODIFY `id` bigint(20) UNSIGNED NOT NULL AUTO_INCREMENT, AUTO_INCREMENT=13;

--
-- AUTO_INCREMENT for table `features`
--
ALTER TABLE `features`
  MODIFY `id` int(10) UNSIGNED NOT NULL AUTO_INCREMENT, AUTO_INCREMENT=132;

--
-- AUTO_INCREMENT for table `fileables`
--
ALTER TABLE `fileables`
  MODIFY `id` int(10) UNSIGNED NOT NULL AUTO_INCREMENT, AUTO_INCREMENT=197;

--
-- AUTO_INCREMENT for table `files`
--
ALTER TABLE `files`
  MODIFY `id` int(10) UNSIGNED NOT NULL AUTO_INCREMENT, AUTO_INCREMENT=69;

--
-- AUTO_INCREMENT for table `interview_availabilities`
--
ALTER TABLE `interview_availabilities`
  MODIFY `id` bigint(20) UNSIGNED NOT NULL AUTO_INCREMENT, AUTO_INCREMENT=219;

--
-- AUTO_INCREMENT for table `invoices`
--
ALTER TABLE `invoices`
  MODIFY `id` bigint(20) UNSIGNED NOT NULL AUTO_INCREMENT;

--
-- AUTO_INCREMENT for table `mediables`
--
ALTER TABLE `mediables`
  MODIFY `id` int(10) UNSIGNED NOT NULL AUTO_INCREMENT, AUTO_INCREMENT=1127;

--
-- AUTO_INCREMENT for table `medias`
--
ALTER TABLE `medias`
  MODIFY `id` int(10) UNSIGNED NOT NULL AUTO_INCREMENT, AUTO_INCREMENT=205;

--
-- AUTO_INCREMENT for table `migrations`
--
ALTER TABLE `migrations`
  MODIFY `id` int(10) UNSIGNED NOT NULL AUTO_INCREMENT, AUTO_INCREMENT=90;

--
-- AUTO_INCREMENT for table `pages`
--
ALTER TABLE `pages`
  MODIFY `id` int(10) UNSIGNED NOT NULL AUTO_INCREMENT, AUTO_INCREMENT=28;

--
-- AUTO_INCREMENT for table `page_slugs`
--
ALTER TABLE `page_slugs`
  MODIFY `id` int(10) UNSIGNED NOT NULL AUTO_INCREMENT, AUTO_INCREMENT=42;

--
-- AUTO_INCREMENT for table `posts`
--
ALTER TABLE `posts`
  MODIFY `id` int(10) UNSIGNED NOT NULL AUTO_INCREMENT, AUTO_INCREMENT=4;

--
-- AUTO_INCREMENT for table `post_slugs`
--
ALTER TABLE `post_slugs`
  MODIFY `id` int(10) UNSIGNED NOT NULL AUTO_INCREMENT, AUTO_INCREMENT=6;

--
-- AUTO_INCREMENT for table `settings`
--
ALTER TABLE `settings`
  MODIFY `id` int(10) UNSIGNED NOT NULL AUTO_INCREMENT, AUTO_INCREMENT=7;

--
-- AUTO_INCREMENT for table `setting_translations`
--
ALTER TABLE `setting_translations`
  MODIFY `id` int(10) UNSIGNED NOT NULL AUTO_INCREMENT, AUTO_INCREMENT=7;

--
-- AUTO_INCREMENT for table `slideshows`
--
ALTER TABLE `slideshows`
  MODIFY `id` int(10) UNSIGNED NOT NULL AUTO_INCREMENT, AUTO_INCREMENT=7;

--
-- AUTO_INCREMENT for table `tagged`
--
ALTER TABLE `tagged`
  MODIFY `id` int(10) UNSIGNED NOT NULL AUTO_INCREMENT;

--
-- AUTO_INCREMENT for table `tags`
--
ALTER TABLE `tags`
  MODIFY `id` int(10) UNSIGNED NOT NULL AUTO_INCREMENT;

--
-- AUTO_INCREMENT for table `twill_users`
--
ALTER TABLE `twill_users`
  MODIFY `id` int(10) UNSIGNED NOT NULL AUTO_INCREMENT, AUTO_INCREMENT=4;

--
-- AUTO_INCREMENT for table `users`
--
ALTER TABLE `users`
  MODIFY `id` int(10) UNSIGNED NOT NULL AUTO_INCREMENT, AUTO_INCREMENT=65;

--
-- Constraints for dumped tables
--

--
-- Constraints for table `babysitters`
--
ALTER TABLE `babysitters`
  ADD CONSTRAINT `babysitters_id_foreign` FOREIGN KEY (`id`) REFERENCES `users` (`id`) ON DELETE CASCADE;

--
-- Constraints for table `babysitter_addresses`
--
ALTER TABLE `babysitter_addresses`
  ADD CONSTRAINT `babysitter_addresses_babysitter_id_foreign` FOREIGN KEY (`babysitter_id`) REFERENCES `users` (`id`) ON DELETE CASCADE;

--
-- Constraints for table `babysitter_availabilities`
--
ALTER TABLE `babysitter_availabilities`
  ADD CONSTRAINT `babysitter_availabilities_babysitter_id_foreign` FOREIGN KEY (`babysitter_id`) REFERENCES `users` (`id`) ON DELETE CASCADE;

--
-- Constraints for table `babysitter_experience_age_groups`
--
ALTER TABLE `babysitter_experience_age_groups`
  ADD CONSTRAINT `babysitter_experience_age_groups_babysitter_id_foreign` FOREIGN KEY (`babysitter_id`) REFERENCES `users` (`id`) ON DELETE CASCADE;

--
-- Constraints for table `babysitter_join_reasons`
--
ALTER TABLE `babysitter_join_reasons`
  ADD CONSTRAINT `babysitter_join_reasons_babysitter_id_foreign` FOREIGN KEY (`babysitter_id`) REFERENCES `users` (`id`) ON DELETE CASCADE;

--
-- Constraints for table `babysitter_languages`
--
ALTER TABLE `babysitter_languages`
  ADD CONSTRAINT `babysitter_languages_babysitter_id_foreign` FOREIGN KEY (`babysitter_id`) REFERENCES `users` (`id`) ON DELETE CASCADE;

--
-- Constraints for table `babysitter_reviews`
--
ALTER TABLE `babysitter_reviews`
  ADD CONSTRAINT `babysitter_reviews_babysitter_id_foreign` FOREIGN KEY (`babysitter_id`) REFERENCES `users` (`id`),
  ADD CONSTRAINT `babysitter_reviews_booking_id_foreign` FOREIGN KEY (`booking_id`) REFERENCES `bookings` (`id`);

--
-- Constraints for table `babysitter_skills`
--
ALTER TABLE `babysitter_skills`
  ADD CONSTRAINT `babysitter_skills_babysitter_id_foreign` FOREIGN KEY (`babysitter_id`) REFERENCES `users` (`id`) ON DELETE CASCADE;

--
-- Constraints for table `babysitter_slugs`
--
ALTER TABLE `babysitter_slugs`
  ADD CONSTRAINT `fk_babysitter_slugs_babysitter_id` FOREIGN KEY (`babysitter_id`) REFERENCES `babysitters` (`id`) ON DELETE CASCADE ON UPDATE NO ACTION;

--
-- Constraints for table `bookings`
--
ALTER TABLE `bookings`
  ADD CONSTRAINT `bookings_babysitter_id_foreign` FOREIGN KEY (`babysitter_id`) REFERENCES `users` (`id`),
  ADD CONSTRAINT `bookings_family_id_foreign` FOREIGN KEY (`family_id`) REFERENCES `users` (`id`);

--
-- Constraints for table `family_addresses`
--
ALTER TABLE `family_addresses`
  ADD CONSTRAINT `family_addresses_family_id_foreign` FOREIGN KEY (`family_id`) REFERENCES `users` (`id`) ON DELETE CASCADE;

--
-- Constraints for table `family_children`
--
ALTER TABLE `family_children`
  ADD CONSTRAINT `family_children_family_id_foreign` FOREIGN KEY (`family_id`) REFERENCES `users` (`id`) ON DELETE CASCADE;

--
-- Constraints for table `fileables`
--
ALTER TABLE `fileables`
  ADD CONSTRAINT `fk_files_file_id` FOREIGN KEY (`file_id`) REFERENCES `files` (`id`) ON DELETE CASCADE ON UPDATE CASCADE;

--
-- Constraints for table `mediables`
--
ALTER TABLE `mediables`
  ADD CONSTRAINT `fk_mediables_media_id` FOREIGN KEY (`media_id`) REFERENCES `medias` (`id`) ON DELETE CASCADE ON UPDATE CASCADE;

--
-- Constraints for table `page_slugs`
--
ALTER TABLE `page_slugs`
  ADD CONSTRAINT `fk_page_slugs_page_id` FOREIGN KEY (`page_id`) REFERENCES `pages` (`id`) ON DELETE CASCADE ON UPDATE NO ACTION;

--
-- Constraints for table `post_slugs`
--
ALTER TABLE `post_slugs`
  ADD CONSTRAINT `fk_post_slugs_post_id` FOREIGN KEY (`post_id`) REFERENCES `posts` (`id`) ON DELETE CASCADE ON UPDATE NO ACTION;

--
-- Constraints for table `setting_translations`
--
ALTER TABLE `setting_translations`
  ADD CONSTRAINT `fk_setting_translations_setting_id` FOREIGN KEY (`setting_id`) REFERENCES `settings` (`id`) ON DELETE CASCADE;
COMMIT;

/*!40101 SET CHARACTER_SET_CLIENT=@OLD_CHARACTER_SET_CLIENT */;
/*!40101 SET CHARACTER_SET_RESULTS=@OLD_CHARACTER_SET_RESULTS */;
/*!40101 SET COLLATION_CONNECTION=@OLD_COLLATION_CONNECTION */;
